row,rollout,tau,t,A,B,A_over_B,D,D_over_B
PC2,0,0.10,1,9.5600,2.1300,4.4800,9.5600,4.488263
PC2,0,0.10,2,14.8300,2.8700,5.1700,14.8200,5.163763
PC2,0,0.10,4,17.4300,3.7600,4.6400,17.4300,4.635638
PC2,0,0.10,8,25.3300,5.6700,4.4700,25.3000,4.462081
PC2,0,0.10,16,26.7100,9.3700,2.8500,26.6200,2.840982
PC2,0,0.10,32,44.2900,18.4200,2.4000,39.9700,2.169924
PC2,0,0.10,64,63.6000,16.8100,3.7800,59.8000,3.557406
PC2,0,0.10,128,53.3100,7.4600,7.1500,65.5500,8.786863
PC2,0,0.10,200,56.7700,4.2000,13.5300,67.2000,16.000000
PC2,0,0.50,1,9.5600,4.7700,2.0000,9.5600,2.004193
PC2,0,0.50,2,14.8300,6.4200,2.3100,14.8200,2.308411
PC2,0,0.50,4,17.4200,8.4000,2.0800,17.4300,2.075000
PC2,0,0.50,8,25.3200,11.9400,2.1200,25.3000,2.118928
PC2,0,0.50,16,26.6800,19.7300,1.3500,26.6200,1.349214
PC2,0,0.50,32,46.8600,35.8700,1.3100,39.9700,1.114302
PC2,0,0.50,64,90.3700,37.0000,2.4400,59.8000,1.616216
PC2,0,0.50,128,83.9000,18.1400,4.6300,65.5500,3.613561
PC2,0,0.50,200,73.8300,9.5500,7.7300,67.2000,7.036649
PC2,0,1.00,1,9.5600,6.7500,1.4200,9.5600,1.416296
PC2,0,1.00,2,14.8300,9.0700,1.6300,14.8200,1.633958
PC2,0,1.00,4,17.4200,11.8700,1.4700,17.4300,1.468408
PC2,0,1.00,8,25.3100,16.6900,1.5200,25.3000,1.515878
PC2,0,1.00,16,26.6500,27.1700,0.9800,26.6200,0.979757
PC2,0,1.00,32,47.3000,46.1000,1.0300,39.9700,0.867028
PC2,0,1.00,64,89.3400,49.0100,1.8200,59.8000,1.220159
PC2,0,1.00,128,70.9900,25.0600,2.8300,65.5500,2.615722
PC2,0,1.00,200,61.3900,13.5200,4.5400,67.2000,4.970414
PC2,1,0.10,1,9.6400,4.2100,2.2900,9.3100,2.211401
PC2,1,0.10,2,9.6000,4.9300,1.9500,9.2800,1.882353
PC2,1,0.10,4,12.8000,6.5100,1.9700,12.4700,1.915515
PC2,1,0.10,8,16.4700,8.2900,1.9900,16.0600,1.937274
PC2,1,0.10,16,24.4300,11.8900,2.0500,23.9200,2.011775
PC2,1,0.10,32,36.7900,17.3600,2.1200,35.6600,2.054147
PC2,1,0.10,64,41.0000,21.5800,1.9000,38.5600,1.786840
PC2,1,0.10,128,35.6000,11.0700,3.2200,35.2800,3.186992
PC2,1,0.10,200,32.0800,4.9400,6.4900,32.1500,6.508097
PC2,1,0.50,1,9.6300,7.7900,1.2400,9.3100,1.195122
PC2,1,0.50,2,9.5900,9.5900,1.0000,9.2800,0.967675
PC2,1,0.50,4,12.7800,12.3100,1.0400,12.4700,1.012998
PC2,1,0.50,8,16.3900,15.1500,1.0800,16.0600,1.060066
PC2,1,0.50,16,24.4400,21.0500,1.1600,23.9200,1.136342
PC2,1,0.50,32,36.8600,30.8700,1.1900,35.6600,1.155167
PC2,1,0.50,64,41.3300,35.2800,1.1700,38.5600,1.092971
PC2,1,0.50,128,36.0600,21.9700,1.6400,35.2800,1.605826
PC2,1,0.50,200,32.4200,11.0400,2.9400,32.1500,2.912138
PC2,1,1.00,1,9.6300,10.5500,0.9100,9.3100,0.882464
PC2,1,1.00,2,9.5900,13.2000,0.7300,9.2800,0.703030
PC2,1,1.00,4,12.7700,16.8000,0.7600,12.4700,0.742262
PC2,1,1.00,8,16.3800,20.5700,0.8000,16.0600,0.780749
PC2,1,1.00,16,24.3900,28.2500,0.8600,23.9200,0.846726
PC2,1,1.00,32,36.8000,41.8100,0.8800,35.6600,0.852906
PC2,1,1.00,64,41.2100,45.1000,0.9100,38.5600,0.854989
PC2,1,1.00,128,36.7800,30.4000,1.2100,35.2800,1.160526
PC2,1,1.00,200,32.6400,15.4700,2.1100,32.1500,2.078216
PC2,2,0.10,1,9.3200,1.9700,4.7200,9.3200,4.730964
PC2,2,0.10,2,10.6500,2.6000,4.1000,10.6500,4.096154
PC2,2,0.10,4,12.7600,3.2200,3.9600,12.7700,3.965839
PC2,2,0.10,8,28.1600,3.9400,7.1600,28.1800,7.152284
PC2,2,0.10,16,29.4700,4.9600,5.9400,29.4300,5.933468
PC2,2,0.10,32,44.6500,6.6600,6.7000,44.6100,6.698198
PC2,2,0.10,64,56.7500,9.4400,6.0100,56.3000,5.963983
PC2,2,0.10,128,99.1700,7.3600,13.4800,93.0000,12.635870
PC2,2,0.10,200,70.7200,4.8100,14.7000,76.5300,15.910603
PC2,2,0.50,1,9.3200,4.4100,2.1100,9.3200,2.113379
PC2,2,0.50,2,10.6500,5.8100,1.8300,10.6500,1.833046
PC2,2,0.50,4,12.7600,7.2000,1.7700,12.7700,1.773611
PC2,2,0.50,8,28.1500,8.8000,3.2000,28.1800,3.202273
PC2,2,0.50,16,29.5000,11.0800,2.6600,29.4300,2.656137
PC2,2,0.50,32,44.6400,14.8400,3.0100,44.6100,3.006065
PC2,2,0.50,64,58.2400,20.9200,2.7800,56.3000,2.691205
PC2,2,0.50,128,96.4400,16.4800,5.8500,93.0000,5.643204
PC2,2,0.50,200,63.6200,10.8000,5.8900,76.5300,7.086111
PC2,2,1.00,1,9.3200,6.2400,1.4900,9.3200,1.493590
PC2,2,1.00,2,10.6500,8.2100,1.3000,10.6500,1.297199
PC2,2,1.00,4,12.7500,10.1900,1.2500,12.7700,1.253189
PC2,2,1.00,8,28.1300,12.4400,2.2600,28.1800,2.265273
PC2,2,1.00,16,29.5200,15.6600,1.8800,29.4300,1.879310
PC2,2,1.00,32,44.6500,20.9200,2.1300,44.6100,2.132409
PC2,2,1.00,64,59.4200,29.3500,2.0200,56.3000,1.918228
PC2,2,1.00,128,96.8700,23.1900,4.1800,93.0000,4.010349
PC2,2,1.00,200,69.0500,15.3300,4.5000,76.5300,4.992172
PC2,3,0.10,1,7.4200,1.7100,4.3300,7.4200,4.339181
PC2,3,0.10,2,8.5400,2.3100,3.7100,8.5500,3.701299
PC2,3,0.10,4,11.3600,3.0400,3.7400,11.3700,3.740132
PC2,3,0.10,8,18.9000,4.1000,4.6100,18.9100,4.612195
PC2,3,0.10,16,26.4400,6.2000,4.2700,26.4300,4.262903
PC2,3,0.10,32,37.3800,8.5800,4.3600,37.4800,4.368298
PC2,3,0.10,64,79.5400,12.8000,6.2100,79.5600,6.215625
PC2,3,0.10,128,120.6500,9.8300,12.2700,116.9000,11.892167
PC2,3,0.10,200,90.8200,5.0900,17.8500,93.6400,18.396857
PC2,3,0.50,1,7.4200,3.8300,1.9400,7.4200,1.937337
PC2,3,0.50,2,8.5400,5.1600,1.6600,8.5500,1.656977
PC2,3,0.50,4,11.3500,6.7900,1.6700,11.3700,1.674521
PC2,3,0.50,8,18.8800,8.9700,2.1100,18.9100,2.108138
PC2,3,0.50,16,26.4600,13.5000,1.9600,26.4300,1.957778
PC2,3,0.50,32,37.1700,19.3100,1.9200,37.4800,1.940963
PC2,3,0.50,64,78.1300,28.1300,2.7800,79.5600,2.828297
PC2,3,0.50,128,114.1800,22.7000,5.0300,116.9000,5.149780
PC2,3,0.50,200,85.1300,11.9900,7.1000,93.6400,7.809842
PC2,3,1.00,1,7.4200,5.4100,1.3700,7.4200,1.371534
PC2,3,1.00,2,8.5400,7.2900,1.1700,8.5500,1.172840
PC2,3,1.00,4,11.3500,9.5900,1.1800,11.3700,1.185610
PC2,3,1.00,8,18.8700,12.6200,1.5000,18.9100,1.498415
PC2,3,1.00,16,26.4600,18.9900,1.3900,26.4300,1.391785
PC2,3,1.00,32,37.1100,28.3700,1.3100,37.4800,1.321114
PC2,3,1.00,64,76.2200,41.6800,1.8300,79.5600,1.908829
PC2,3,1.00,128,110.8900,34.6400,3.2000,116.9000,3.374711
PC2,3,1.00,200,83.9000,17.8100,4.7100,93.6400,5.257720
PC2,4,0.10,1,8.2800,2.5000,3.3200,8.2800,3.312000
PC2,4,0.10,2,9.1700,3.3600,2.7300,9.1700,2.729167
PC2,4,0.10,4,11.8200,4.3400,2.7200,11.8200,2.723502
PC2,4,0.10,8,16.3000,5.5300,2.9400,16.3200,2.951175
PC2,4,0.10,16,22.1200,7.2700,3.0400,22.1400,3.045392
PC2,4,0.10,32,27.0500,9.8400,2.7500,27.0600,2.750000
PC2,4,0.10,64,40.4200,9.1000,4.4400,40.3300,4.431868
PC2,4,0.10,128,29.7300,4.5600,6.5100,29.7800,6.530702
PC2,4,0.10,200,31.9300,4.0000,7.9900,31.8800,7.970000
PC2,4,0.50,1,8.2800,5.5800,1.4800,8.2800,1.483871
PC2,4,0.50,2,9.1700,7.5100,1.2200,9.1700,1.221039
PC2,4,0.50,4,11.8200,9.7100,1.2200,11.8200,1.217302
PC2,4,0.50,8,16.2600,12.1000,1.3400,16.3200,1.348760
PC2,4,0.50,16,22.0900,15.8700,1.3900,22.1400,1.395085
PC2,4,0.50,32,27.0000,21.5900,1.2500,27.0600,1.253358
PC2,4,0.50,64,40.5100,19.6800,2.0600,40.3300,2.049289
PC2,4,0.50,128,29.6900,10.1800,2.9200,29.7800,2.925344
PC2,4,0.50,200,32.0000,8.9000,3.5900,31.8800,3.582022
PC2,4,1.00,1,8.2900,7.9000,1.0500,8.2800,1.048101
PC2,4,1.00,2,9.1700,10.6100,0.8600,9.1700,0.864279
PC2,4,1.00,4,11.8100,13.7300,0.8600,11.8200,0.860889
PC2,4,1.00,8,16.4100,17.0200,0.9600,16.3200,0.958872
PC2,4,1.00,16,22.0200,22.3100,0.9900,22.1400,0.992380
PC2,4,1.00,32,26.9900,30.2200,0.8900,27.0600,0.895433
PC2,4,1.00,64,40.7200,26.9900,1.5100,40.3300,1.494257
PC2,4,1.00,128,29.7200,14.3500,2.0700,29.7800,2.075261
PC2,4,1.00,200,32.0400,12.5600,2.5500,31.8800,2.538217
PC2,5,0.10,1,10.9300,2.4000,4.5600,10.9300,4.554167
PC2,5,0.10,2,8.4900,3.2200,2.6400,8.4900,2.636646
PC2,5,0.10,4,15.1500,4.1800,3.6300,15.1500,3.624402
PC2,5,0.10,8,17.1700,5.7100,3.0100,17.1700,3.007005
PC2,5,0.10,16,32.6400,7.6800,4.2500,32.6600,4.252604
PC2,5,0.10,32,42.5300,8.1700,5.2100,42.2600,5.172583
PC2,5,0.10,64,34.0000,7.1400,4.7600,34.0700,4.771709
PC2,5,0.10,128,52.1300,7.9500,6.5500,57.8800,7.280503
PC2,5,0.10,200,48.5300,6.2500,7.7700,65.0700,10.411200
PC2,5,0.50,1,10.9300,5.3600,2.0400,10.9300,2.039179
PC2,5,0.50,2,8.4900,7.2000,1.1800,8.4900,1.179167
PC2,5,0.50,4,15.1600,9.3400,1.6200,15.1500,1.622056
PC2,5,0.50,8,17.1300,12.0700,1.4200,17.1700,1.422535
PC2,5,0.50,16,32.5200,16.1000,2.0200,32.6600,2.028571
PC2,5,0.50,32,42.9300,17.7500,2.4200,42.2600,2.380845
PC2,5,0.50,64,34.5600,15.9000,2.1700,34.0700,2.142767
PC2,5,0.50,128,49.7100,17.5800,2.8300,57.8800,3.292378
PC2,5,0.50,200,58.9100,13.9900,4.2100,65.0700,4.651179
PC2,5,1.00,1,10.9300,7.5800,1.4400,10.9300,1.441953
PC2,5,1.00,2,8.4900,10.1800,0.8300,8.4900,0.833988
PC2,5,1.00,4,15.1600,13.2100,1.1500,15.1500,1.146858
PC2,5,1.00,8,17.1300,17.0000,1.0100,17.1700,1.010000
PC2,5,1.00,16,32.6700,22.6300,1.4400,32.6600,1.443217
PC2,5,1.00,32,43.4600,25.5900,1.7000,42.2600,1.651426
PC2,5,1.00,64,36.7700,23.8400,1.5400,34.0700,1.429111
PC2,5,1.00,128,55.0700,26.6300,2.0700,57.8800,2.173489
PC2,5,1.00,200,66.9700,21.0000,3.1900,65.0700,3.098571
PC2,6,0.10,1,9.5400,2.7000,3.5300,9.5500,3.537037
PC2,6,0.10,2,10.3900,3.6600,2.8400,10.4000,2.841530
PC2,6,0.10,4,14.2900,6.1800,2.3100,14.3100,2.315534
PC2,6,0.10,8,23.1100,10.7100,2.1600,22.7500,2.124183
PC2,6,0.10,16,38.8800,18.2400,2.1300,38.0600,2.086623
PC2,6,0.10,32,36.6700,20.7500,1.7700,35.6600,1.718554
PC2,6,0.10,64,39.9100,11.8300,3.3700,39.8200,3.366019
PC2,6,0.10,128,34.2400,6.1500,5.5700,34.4200,5.596748
PC2,6,0.10,200,26.0000,4.3200,6.0200,26.0100,6.020833
PC2,6,0.50,1,9.5400,6.0400,1.5800,9.5500,1.581126
PC2,6,0.50,2,10.3900,8.1800,1.2700,10.4000,1.271394
PC2,6,0.50,4,14.2800,11.9800,1.1900,14.3100,1.194491
PC2,6,0.50,8,23.0700,17.9300,1.2900,22.7500,1.268823
PC2,6,0.50,16,37.9300,27.1700,1.4000,38.0600,1.400810
PC2,6,0.50,32,36.6700,31.7300,1.1600,35.6600,1.123858
PC2,6,0.50,64,40.6000,20.4900,1.9800,39.8200,1.943387
PC2,6,0.50,128,34.2600,11.4100,3.0000,34.4200,3.016652
PC2,6,0.50,200,26.0900,9.0300,2.8900,26.0100,2.880399
PC2,6,1.00,1,9.5400,8.5400,1.1200,9.5500,1.118267
PC2,6,1.00,2,10.3900,11.5700,0.9000,10.4000,0.898876
PC2,6,1.00,4,14.2800,16.3900,0.8700,14.3100,0.873093
PC2,6,1.00,8,23.0400,23.4700,0.9800,22.7500,0.969323
PC2,6,1.00,16,38.3100,35.1300,1.0900,38.0600,1.083404
PC2,6,1.00,32,36.9100,40.8300,0.9000,35.6600,0.873377
PC2,6,1.00,64,41.6200,28.1600,1.4800,39.8200,1.414062
PC2,6,1.00,128,34.3100,15.6100,2.2000,34.4200,2.204997
PC2,6,1.00,200,26.1600,12.6200,2.0700,26.0100,2.061014
PC2,7,0.10,1,6.7200,2.8200,2.3800,6.7200,2.382979
PC2,7,0.10,2,9.5800,3.7000,2.5900,9.5800,2.589189
PC2,7,0.10,4,11.7800,4.7800,2.4700,11.6900,2.445607
PC2,7,0.10,8,20.5200,6.4800,3.1700,20.4500,3.155864
PC2,7,0.10,16,23.4800,9.6000,2.4500,23.7300,2.471875
PC2,7,0.10,32,55.1700,14.5400,3.7900,56.2400,3.867950
PC2,7,0.10,64,50.7100,15.6600,3.2400,51.8500,3.310983
PC2,7,0.10,128,43.1200,14.1500,3.0500,44.3800,3.136396
PC2,7,0.10,200,35.6000,6.4800,5.4900,42.1600,6.506173
PC2,7,0.50,1,6.7200,6.3000,1.0700,6.7200,1.066667
PC2,7,0.50,2,9.5700,8.2800,1.1600,9.5800,1.157005
PC2,7,0.50,4,11.8000,10.6900,1.1000,11.6900,1.093545
PC2,7,0.50,8,20.5000,13.8200,1.4800,20.4500,1.479740
PC2,7,0.50,16,23.3400,20.0400,1.1600,23.7300,1.184132
PC2,7,0.50,32,54.1400,29.4000,1.8400,56.2400,1.912925
PC2,7,0.50,64,50.1600,32.8000,1.5300,51.8500,1.580793
PC2,7,0.50,128,44.7500,34.5100,1.3000,44.3800,1.286004
PC2,7,0.50,200,39.0500,21.3100,1.8300,42.1600,1.978414
PC2,7,1.00,1,6.7200,8.9100,0.7500,6.7200,0.754209
PC2,7,1.00,2,9.5700,11.7000,0.8200,9.5800,0.818803
PC2,7,1.00,4,11.7000,15.1100,0.7700,11.6900,0.773660
PC2,7,1.00,8,20.4200,19.3700,1.0500,20.4500,1.055756
PC2,7,1.00,16,23.3000,28.0000,0.8300,23.7300,0.847500
PC2,7,1.00,32,53.6200,40.2800,1.3300,56.2400,1.396226
PC2,7,1.00,64,51.7500,46.4100,1.1100,51.8500,1.117216
PC2,7,1.00,128,58.1300,55.6600,1.0400,44.3800,0.797341
PC2,7,1.00,200,61.2600,37.6800,1.6300,42.1600,1.118896
PC2,8,0.10,1,6.4200,1.9900,3.2200,6.4200,3.226131
PC2,8,0.10,2,8.2900,2.6300,3.1500,8.2900,3.152091
PC2,8,0.10,4,12.8500,3.4000,3.7800,12.8500,3.779412
PC2,8,0.10,8,21.5800,4.4800,4.8200,21.5700,4.814732
PC2,8,0.10,16,26.3300,6.1800,4.2600,26.3300,4.260518
PC2,8,0.10,32,24.4800,7.3400,3.3300,24.5400,3.343324
PC2,8,0.10,64,38.1800,9.2700,4.1200,38.0400,4.103560
PC2,8,0.10,128,32.3300,7.4800,4.3200,32.1000,4.291444
PC2,8,0.10,200,28.2700,4.3700,6.4700,28.2600,6.466819
PC2,8,0.50,1,6.4200,4.4600,1.4400,6.4200,1.439462
PC2,8,0.50,2,8.2900,5.8800,1.4100,8.2900,1.409864
PC2,8,0.50,4,12.8400,7.5900,1.6900,12.8500,1.693017
PC2,8,0.50,8,21.5700,9.8500,2.1900,21.5700,2.189848
PC2,8,0.50,16,26.3000,13.5200,1.9500,26.3300,1.947485
PC2,8,0.50,32,24.5100,16.1500,1.5200,24.5400,1.519505
PC2,8,0.50,64,38.6600,20.6000,1.8800,38.0400,1.846602
PC2,8,0.50,128,32.8900,16.9700,1.9400,32.1000,1.891573
PC2,8,0.50,200,28.2600,9.8300,2.8800,28.2600,2.874873
PC2,8,1.00,1,6.4200,6.3000,1.0200,6.4200,1.019048
PC2,8,1.00,2,8.2900,8.3200,1.0000,8.2900,0.996394
PC2,8,1.00,4,12.8400,10.7300,1.2000,12.8500,1.197577
PC2,8,1.00,8,21.5600,13.8900,1.5500,21.5700,1.552916
PC2,8,1.00,16,26.2900,19.0500,1.3800,26.3300,1.382152
PC2,8,1.00,32,24.5900,22.8400,1.0800,24.5400,1.074431
PC2,8,1.00,64,39.5600,29.7100,1.3300,38.0400,1.280377
PC2,8,1.00,128,34.1400,24.9400,1.3700,32.1000,1.287089
PC2,8,1.00,200,28.4700,14.1000,2.0200,28.2600,2.004255
PC2,9,0.10,1,7.4700,2.4000,3.1100,7.4700,3.112500
PC2,9,0.10,2,9.6400,3.2800,2.9400,9.6400,2.939024
PC2,9,0.10,4,13.5900,4.1900,3.2500,13.6000,3.245823
PC2,9,0.10,8,21.2200,5.1600,4.1200,21.2200,4.112403
PC2,9,0.10,16,26.8300,6.4600,4.1500,26.8300,4.153251
PC2,9,0.10,32,36.4900,8.3900,4.3500,36.2700,4.323004
PC2,9,0.10,64,77.4100,7.7300,10.0200,74.5500,9.644243
PC2,9,0.10,128,67.0900,5.8900,11.3800,67.0600,11.385399
PC2,9,0.10,200,47.0400,4.0500,11.6200,51.4600,12.706173
PC2,9,0.50,1,7.4700,5.3700,1.3900,7.4700,1.391061
PC2,9,0.50,2,9.6400,7.3400,1.3100,9.6400,1.313351
PC2,9,0.50,4,13.5900,9.3600,1.4500,13.6000,1.452991
PC2,9,0.50,8,21.2200,11.5200,1.8400,21.2200,1.842014
PC2,9,0.50,16,26.8200,14.4400,1.8600,26.8300,1.858033
PC2,9,0.50,32,37.0200,18.9400,1.9500,36.2700,1.914995
PC2,9,0.50,64,100.3300,17.6300,5.6900,74.5500,4.228588
PC2,9,0.50,128,113.2600,13.2300,8.5600,67.0600,5.068783
PC2,9,0.50,200,83.7300,9.1300,9.1800,51.4600,5.636364
PC2,9,1.00,1,7.4700,7.6000,0.9800,7.4700,0.982895
PC2,9,1.00,2,9.6400,10.3800,0.9300,9.6400,0.928709
PC2,9,1.00,4,13.5900,13.2400,1.0300,13.6000,1.027190
PC2,9,1.00,8,21.2200,16.2900,1.3000,21.2200,1.302640
PC2,9,1.00,16,26.8200,20.4100,1.3100,26.8300,1.314552
PC2,9,1.00,32,37.6100,27.0900,1.3900,36.2700,1.338870
PC2,9,1.00,64,114.7600,33.2900,3.4500,74.5500,2.239411
PC2,9,1.00,128,101.0500,26.5800,3.8000,67.0600,2.522950
PC2,9,1.00,200,80.7900,20.4100,3.9600,51.4600,2.521313
PC2,10,0.10,1,8.1100,1.8200,4.4500,8.1200,4.461538
PC2,10,0.10,2,10.9000,2.5000,4.3600,10.9000,4.360000
PC2,10,0.10,4,20.2300,3.3400,6.0600,20.2400,6.059880
PC2,10,0.10,8,32.1000,4.7800,6.7200,32.1000,6.715481
PC2,10,0.10,16,50.3900,7.5300,6.6900,50.4500,6.699867
PC2,10,0.10,32,67.3300,11.2900,5.9600,67.5000,5.978742
PC2,10,0.10,64,54.9100,8.2900,6.6200,53.6500,6.471653
PC2,10,0.10,128,54.2400,5.6800,9.5600,54.2100,9.544014
PC2,10,0.10,200,55.5600,4.0900,13.6000,55.2500,13.508557
PC2,10,0.50,1,8.1100,4.0800,1.9900,8.1200,1.990196
PC2,10,0.50,2,10.9000,5.5900,1.9500,10.9000,1.949911
PC2,10,0.50,4,20.2300,7.4600,2.7100,20.2400,2.713137
PC2,10,0.50,8,32.0700,10.2400,3.1300,32.1000,3.134766
PC2,10,0.50,16,50.2300,15.7400,3.1900,50.4500,3.205210
PC2,10,0.50,32,66.6800,24.3900,2.7300,67.5000,2.767528
PC2,10,0.50,64,56.0500,18.4600,3.0400,53.6500,2.906284
PC2,10,0.50,128,54.3500,12.6200,4.3100,54.2100,4.295563
PC2,10,0.50,200,55.7500,9.0500,6.1600,55.2500,6.104972
PC2,10,1.00,1,8.1100,5.7700,1.4100,8.1200,1.407279
PC2,10,1.00,2,10.9000,7.9100,1.3800,10.9000,1.378003
PC2,10,1.00,4,20.2300,10.5400,1.9200,20.2400,1.920304
PC2,10,1.00,8,32.0400,14.3500,2.2300,32.1000,2.236934
PC2,10,1.00,16,50.0900,21.8900,2.2900,50.4500,2.304705
PC2,10,1.00,32,65.9400,34.2900,1.9200,67.5000,1.968504
PC2,10,1.00,64,56.5800,27.3100,2.0700,53.6500,1.964482
PC2,10,1.00,128,54.1600,18.1700,2.9800,54.2100,2.983489
PC2,10,1.00,200,55.8000,12.7700,4.3700,55.2500,4.326547
PC2,11,0.10,1,10.4700,1.8500,5.6700,10.4700,5.659459
PC2,11,0.10,2,10.0200,2.4800,4.0400,10.0200,4.040323
PC2,11,0.10,4,15.5000,3.2600,4.7500,15.5000,4.754601
PC2,11,0.10,8,33.1200,4.5100,7.3500,33.1300,7.345898
PC2,11,0.10,16,36.6900,6.5400,5.6100,36.8100,5.628440
PC2,11,0.10,32,31.7600,6.5000,4.8800,31.7600,4.886154
PC2,11,0.10,64,39.9600,6.9100,5.7800,39.8700,5.769899
PC2,11,0.10,128,31.6800,5.0800,6.2300,31.4900,6.198819
PC2,11,0.10,200,44.8000,4.2100,10.6500,44.7900,10.638955
PC2,11,0.50,1,10.4700,4.1300,2.5400,10.4700,2.535109
PC2,11,0.50,2,10.0200,5.5400,1.8100,10.0200,1.808664
PC2,11,0.50,4,15.5000,7.2900,2.1300,15.5000,2.126200
PC2,11,0.50,8,33.1000,9.7000,3.4100,33.1300,3.415464
PC2,11,0.50,16,36.6600,14.0500,2.6100,36.8100,2.619929
PC2,11,0.50,32,32.0900,14.1000,2.2800,31.7600,2.252482
PC2,11,0.50,64,40.2100,15.2100,2.6400,39.8700,2.621302
PC2,11,0.50,128,31.7900,11.3400,2.8000,31.4900,2.776896
PC2,11,0.50,200,44.8000,9.4200,4.7600,44.7900,4.754777
PC2,11,1.00,1,10.4700,5.8400,1.7900,10.4700,1.792808
PC2,11,1.00,2,10.0100,7.8400,1.2800,10.0200,1.278061
PC2,11,1.00,4,15.5000,10.3000,1.5000,15.5000,1.504854
PC2,11,1.00,8,33.0800,13.6200,2.4300,33.1300,2.432452
PC2,11,1.00,16,36.6400,19.7000,1.8600,36.8100,1.868528
PC2,11,1.00,32,32.4100,20.1500,1.6100,31.7600,1.576179
PC2,11,1.00,64,40.3200,21.4800,1.8800,39.8700,1.856145
PC2,11,1.00,128,31.7500,16.0800,1.9700,31.4900,1.958333
PC2,11,1.00,200,44.8000,13.3500,3.3600,44.7900,3.355056
PC2,12,0.10,1,7.5100,2.0800,3.6100,7.5100,3.610577
PC2,12,0.10,2,13.3300,2.7800,4.7900,13.3300,4.794964
PC2,12,0.10,4,18.9000,3.7300,5.0700,18.9100,5.069705
PC2,12,0.10,8,28.2800,5.4300,5.2100,28.2900,5.209945
PC2,12,0.10,16,35.8700,9.2500,3.8800,35.9800,3.889730
PC2,12,0.10,32,59.3000,17.3100,3.4300,59.4300,3.433276
PC2,12,0.10,64,67.3600,16.7600,4.0200,66.5600,3.971360
PC2,12,0.10,128,39.6600,6.5100,6.0900,44.3700,6.815668
PC2,12,0.10,200,30.2000,4.4200,6.8400,30.7500,6.957014
PC2,12,0.50,1,7.5100,4.6500,1.6100,7.5100,1.615054
PC2,12,0.50,2,13.3300,6.2300,2.1400,13.3300,2.139647
PC2,12,0.50,4,18.9000,8.3400,2.2700,18.9100,2.267386
PC2,12,0.50,8,28.2600,11.4600,2.4700,28.2900,2.468586
PC2,12,0.50,16,35.7100,18.5500,1.9200,35.9800,1.939623
PC2,12,0.50,32,59.2500,34.0700,1.7400,59.4300,1.744350
PC2,12,0.50,64,70.4500,37.5800,1.8700,66.5600,1.771155
PC2,12,0.50,128,41.0200,14.3100,2.8700,44.3700,3.100629
PC2,12,0.50,200,30.2900,9.9300,3.0500,30.7500,3.096677
PC2,12,1.00,1,7.5100,6.5700,1.1400,7.5100,1.143075
PC2,12,1.00,2,13.3300,8.8000,1.5100,13.3300,1.514773
PC2,12,1.00,4,18.8900,11.8000,1.6000,18.9100,1.602542
PC2,12,1.00,8,28.2400,16.0300,1.7600,28.2900,1.764816
PC2,12,1.00,16,35.5600,25.6400,1.3900,35.9800,1.403276
PC2,12,1.00,32,59.1000,46.2500,1.2800,59.4300,1.284973
PC2,12,1.00,64,73.6200,54.2300,1.3600,66.5600,1.227365
PC2,12,1.00,128,53.0300,20.6700,2.5700,44.3700,2.146589
PC2,12,1.00,200,42.8800,13.9900,3.0700,30.7500,2.197999
PC2,13,0.10,1,11.2900,2.0800,5.4200,11.2900,5.427885
PC2,13,0.10,2,11.4000,2.8200,4.0400,11.4000,4.042553
PC2,13,0.10,4,16.0400,3.7500,4.2700,16.0400,4.277333
PC2,13,0.10,8,20.7900,5.2000,3.9900,20.6400,3.969231
PC2,13,0.10,16,31.3700,7.5100,4.1800,31.2600,4.162450
PC2,13,0.10,32,40.9600,9.9400,4.1200,40.8800,4.112676
PC2,13,0.10,64,49.3200,9.5400,5.1700,49.1600,5.153040
PC2,13,0.10,128,54.5700,5.1900,10.5200,53.1400,10.238921
PC2,13,0.10,200,46.0700,3.9600,11.6500,40.1300,10.133838
PC2,13,0.50,1,11.2900,4.6600,2.4200,11.2900,2.422747
PC2,13,0.50,2,11.3900,6.3100,1.8000,11.4000,1.806656
PC2,13,0.50,4,16.0300,8.3900,1.9100,16.0400,1.911800
PC2,13,0.50,8,20.7800,11.1900,1.8600,20.6400,1.844504
PC2,13,0.50,16,31.3800,15.8600,1.9800,31.2600,1.970996
PC2,13,0.50,32,41.0200,21.3500,1.9200,40.8800,1.914754
PC2,13,0.50,64,49.8300,21.3000,2.3400,49.1600,2.307981
PC2,13,0.50,128,58.7200,11.7900,4.9800,53.1400,4.507209
PC2,13,0.50,200,53.3300,8.8800,6.0100,40.1300,4.519144
PC2,13,1.00,1,11.2900,6.5900,1.7100,11.2900,1.713202
PC2,13,1.00,2,11.3900,8.9300,1.2800,11.4000,1.276596
PC2,13,1.00,4,16.0300,11.8700,1.3500,16.0400,1.351306
PC2,13,1.00,8,20.7700,15.7000,1.3200,20.6400,1.314650
PC2,13,1.00,16,31.3800,22.1100,1.4200,31.2600,1.413840
PC2,13,1.00,32,41.1000,29.8600,1.3800,40.8800,1.369056
PC2,13,1.00,64,50.4500,30.9000,1.6300,49.1600,1.590939
PC2,13,1.00,128,62.9500,17.3500,3.6300,53.1400,3.062824
PC2,13,1.00,200,59.8900,12.6900,4.7200,40.1300,3.162333
PC2,14,0.10,1,9.8300,2.2800,4.3200,9.8300,4.311404
PC2,14,0.10,2,8.6800,3.0300,2.8600,8.6900,2.867987
PC2,14,0.10,4,18.2800,4.0300,4.5400,18.2800,4.535980
PC2,14,0.10,8,30.6900,5.1100,6.0100,30.7300,6.013699
PC2,14,0.10,16,38.7700,7.2300,5.3600,38.8500,5.373444
PC2,14,0.10,32,44.2700,9.8300,4.5000,44.3200,4.508647
PC2,14,0.10,64,39.6300,10.2300,3.8700,39.6100,3.871945
PC2,14,0.10,128,30.4900,6.4300,4.7400,30.8400,4.796267
PC2,14,0.10,200,27.9600,4.2300,6.6100,27.8700,6.588652
PC2,14,0.50,1,9.8300,5.0900,1.9300,9.8300,1.931238
PC2,14,0.50,2,8.6800,6.7800,1.2800,8.6900,1.281711
PC2,14,0.50,4,18.2800,9.0000,2.0300,18.2800,2.031111
PC2,14,0.50,8,30.6500,11.4100,2.6900,30.7300,2.693252
PC2,14,0.50,16,38.6800,16.1200,2.4000,38.8500,2.410050
PC2,14,0.50,32,44.3700,22.7300,1.9500,44.3200,1.949846
PC2,14,0.50,64,39.9000,23.7900,1.6800,39.6100,1.664985
PC2,14,0.50,128,30.4100,14.0700,2.1600,30.8400,2.191898
PC2,14,0.50,200,28.0000,9.2900,3.0100,27.8700,3.000000
PC2,14,1.00,1,9.8300,7.2000,1.3700,9.8300,1.365278
PC2,14,1.00,2,8.6800,9.5900,0.9100,8.6900,0.906152
PC2,14,1.00,4,18.2800,12.7300,1.4400,18.2800,1.435978
PC2,14,1.00,8,30.6200,16.1200,1.9000,30.7300,1.906328
PC2,14,1.00,16,38.6200,22.7300,1.7000,38.8500,1.709195
PC2,14,1.00,32,44.5500,32.8200,1.3600,44.3200,1.350396
PC2,14,1.00,64,40.1000,34.6100,1.1600,39.6100,1.144467
PC2,14,1.00,128,30.3100,19.4500,1.5600,30.8400,1.585604
PC2,14,1.00,200,28.0600,13.0700,2.1500,27.8700,2.132364
PC2,15,0.10,1,9.5400,2.3300,4.1000,9.5400,4.094421
PC2,15,0.10,2,10.5800,3.0200,3.5000,10.5800,3.503311
PC2,15,0.10,4,19.3900,3.8600,5.0200,19.4000,5.025907
PC2,15,0.10,8,20.9300,4.9200,4.2600,20.9400,4.256098
PC2,15,0.10,16,26.8700,6.6100,4.0700,26.9000,4.069592
PC2,15,0.10,32,43.5100,8.6500,5.0300,43.2800,5.003468
PC2,15,0.10,64,53.5600,9.0200,5.9400,52.8500,5.859202
PC2,15,0.10,128,63.7300,5.1800,12.3100,53.7700,10.380309
PC2,15,0.10,200,51.9000,4.0900,12.6900,52.8900,12.931540
PC2,15,0.50,1,9.5400,5.2100,1.8300,9.5400,1.831094
PC2,15,0.50,2,10.5700,6.7500,1.5700,10.5800,1.567407
PC2,15,0.50,4,19.3800,8.6300,2.2400,19.4000,2.247972
PC2,15,0.50,8,20.9100,10.7400,1.9500,20.9400,1.949721
PC2,15,0.50,16,26.8700,14.2000,1.8900,26.9000,1.894366
PC2,15,0.50,32,43.9600,18.7000,2.3500,43.2800,2.314439
PC2,15,0.50,64,84.1100,19.4900,4.3200,52.8500,2.711647
PC2,15,0.50,128,91.3200,11.5100,7.9300,53.7700,4.671590
PC2,15,0.50,200,70.8900,9.1200,7.7800,52.8900,5.799342
PC2,15,1.00,1,9.5400,7.3700,1.3000,9.5400,1.294437
PC2,15,1.00,2,10.5700,9.5500,1.1100,10.5800,1.107853
PC2,15,1.00,4,19.3700,12.2100,1.5900,19.4000,1.588862
PC2,15,1.00,8,20.9000,15.1100,1.3800,20.9400,1.385837
PC2,15,1.00,16,26.8600,19.9000,1.3500,26.9000,1.351759
PC2,15,1.00,32,44.3900,26.1100,1.7000,43.2800,1.657602
PC2,15,1.00,64,94.6800,27.4200,3.4500,52.8500,1.927425
PC2,15,1.00,128,102.9500,16.4500,6.2600,53.7700,3.268693
PC2,15,1.00,200,75.4600,12.8900,5.8600,52.8900,4.103181
PC2,16,0.10,1,9.8800,1.9100,5.1800,9.8800,5.172775
PC2,16,0.10,2,14.4100,2.5000,5.7600,14.4100,5.764000
PC2,16,0.10,4,12.1300,3.2300,3.7500,12.1400,3.758514
PC2,16,0.10,8,21.1300,4.2600,4.9600,21.1400,4.962441
PC2,16,0.10,16,27.8300,6.2000,4.4900,27.8700,4.495161
PC2,16,0.10,32,36.6100,5.1400,7.1200,36.6700,7.134241
PC2,16,0.10,64,56.4800,5.0800,11.1200,56.4300,11.108268
PC2,16,0.10,128,45.9300,4.1000,11.2100,45.9800,11.214634
PC2,16,0.10,200,34.0100,3.8500,8.8300,34.0000,8.831169
PC2,16,0.50,1,9.8800,4.2600,2.3200,9.8800,2.319249
PC2,16,0.50,2,14.4100,5.6000,2.5800,14.4100,2.573214
PC2,16,0.50,4,12.1300,7.2300,1.6800,12.1400,1.679115
PC2,16,0.50,8,21.1200,9.5300,2.2200,21.1400,2.218258
PC2,16,0.50,16,27.8000,13.8900,2.0000,27.8700,2.006479
PC2,16,0.50,32,36.5700,11.7900,3.1000,36.6700,3.110263
PC2,16,0.50,64,56.5400,11.4400,4.9400,56.4300,4.932692
PC2,16,0.50,128,45.8400,9.1900,4.9900,45.9800,5.003264
PC2,16,0.50,200,34.0500,8.6000,3.9600,34.0000,3.953488
PC2,16,1.00,1,9.8800,6.0300,1.6400,9.8800,1.638474
PC2,16,1.00,2,14.4100,7.9100,1.8200,14.4100,1.821745
PC2,16,1.00,4,12.1200,10.2200,1.1900,12.1400,1.187867
PC2,16,1.00,8,21.1100,13.4600,1.5700,21.1400,1.570579
PC2,16,1.00,16,27.7900,19.6600,1.4100,27.8700,1.417599
PC2,16,1.00,32,36.6200,18.1800,2.0100,36.6700,2.017052
PC2,16,1.00,64,56.5400,16.8700,3.3500,56.4300,3.344991
PC2,16,1.00,128,45.7500,13.3400,3.4300,45.9800,3.446777
PC2,16,1.00,200,34.1000,12.2000,2.7900,34.0000,2.786885
PC2,17,0.10,1,6.6900,2.0200,3.3200,6.6900,3.311881
PC2,17,0.10,2,9.5400,2.7500,3.4700,9.5400,3.469091
PC2,17,0.10,4,13.2400,3.5800,3.7000,13.2400,3.698324
PC2,17,0.10,8,23.0400,4.9500,4.6500,23.0600,4.658586
PC2,17,0.10,16,38.2500,7.4700,5.1200,38.2300,5.117805
PC2,17,0.10,32,49.0900,11.2300,4.3700,49.1100,4.373108
PC2,17,0.10,64,57.8100,12.0400,4.8000,58.2000,4.833887
PC2,17,0.10,128,44.8800,14.7200,3.0500,44.3600,3.013587
PC2,17,0.10,200,27.3500,6.1000,4.4900,27.3000,4.475410
PC2,17,0.50,1,6.6900,4.5100,1.4800,6.6900,1.483370
PC2,17,0.50,2,9.5300,6.1500,1.5500,9.5400,1.551220
PC2,17,0.50,4,13.2300,8.0100,1.6500,13.2400,1.652934
PC2,17,0.50,8,23.0000,10.8100,2.1300,23.0600,2.133210
PC2,17,0.50,16,38.2500,16.1900,2.3600,38.2300,2.361334
PC2,17,0.50,32,49.1100,24.7400,1.9800,49.1100,1.985044
PC2,17,0.50,64,57.5700,27.0200,2.1300,58.2000,2.153960
PC2,17,0.50,128,46.8100,33.5300,1.4000,44.3600,1.322994
PC2,17,0.50,200,28.1200,20.6600,1.3600,27.3000,1.321394
PC2,17,1.00,1,6.6900,6.3800,1.0500,6.6900,1.048589
PC2,17,1.00,2,9.5300,8.6900,1.1000,9.5400,1.097814
PC2,17,1.00,4,13.2300,11.3200,1.1700,13.2400,1.169611
PC2,17,1.00,8,22.9700,15.2100,1.5100,23.0600,1.516108
PC2,17,1.00,16,38.2400,22.7100,1.6800,38.2300,1.683399
PC2,17,1.00,32,49.1200,35.2100,1.4000,49.1100,1.394774
PC2,17,1.00,64,57.4100,39.5200,1.4500,58.2000,1.472672
PC2,17,1.00,128,48.8700,49.5800,0.9900,44.3600,0.894716
PC2,17,1.00,200,35.3100,30.4000,1.1600,27.3000,0.898026
PC2,18,0.10,1,10.6600,1.9700,5.4000,10.6600,5.411168
PC2,18,0.10,2,12.7600,2.7000,4.7200,12.7600,4.725926
PC2,18,0.10,4,13.4100,3.7800,3.5400,13.4200,3.550265
PC2,18,0.10,8,20.7900,5.4900,3.7900,20.8100,3.790528
PC2,18,0.10,16,30.2900,10.2300,2.9600,30.3600,2.967742
PC2,18,0.10,32,58.6700,34.4800,1.7000,60.0800,1.742459
PC2,18,0.10,64,69.1600,45.1900,1.5300,69.1400,1.529985
PC2,18,0.10,128,40.3700,15.4900,2.6100,38.5700,2.489994
PC2,18,0.10,200,47.0200,5.2500,8.9600,45.4300,8.653333
PC2,18,0.50,1,10.6600,4.4100,2.4200,10.6600,2.417234
PC2,18,0.50,2,12.7500,6.0400,2.1100,12.7600,2.112583
PC2,18,0.50,4,13.4100,8.4600,1.5900,13.4200,1.586288
PC2,18,0.50,8,20.7700,11.7600,1.7700,20.8100,1.769558
PC2,18,0.50,16,30.1600,21.9800,1.3700,30.3600,1.381256
PC2,18,0.50,32,56.6200,58.6800,0.9600,60.0800,1.023858
PC2,18,0.50,64,68.3800,68.5600,1.0000,69.1400,1.008460
PC2,18,0.50,128,40.5700,29.9700,1.3500,38.5700,1.286954
PC2,18,0.50,200,46.8900,11.7000,4.0100,45.4300,3.882906
PC2,18,1.00,1,10.6600,6.2400,1.7100,10.6600,1.708333
PC2,18,1.00,2,12.7500,8.5400,1.4900,12.7600,1.494145
PC2,18,1.00,4,13.4100,11.9600,1.1200,13.4200,1.122074
PC2,18,1.00,8,20.7200,16.3800,1.2700,20.8100,1.270452
PC2,18,1.00,16,30.0500,30.6600,0.9800,30.3600,0.990215
PC2,18,1.00,32,55.4900,72.4300,0.7700,60.0800,0.829491
PC2,18,1.00,64,69.6100,86.4600,0.8100,69.1400,0.799676
PC2,18,1.00,128,44.5000,45.8500,0.9700,38.5700,0.841221
PC2,18,1.00,200,47.2600,20.5500,2.3000,45.4300,2.210706
PC2,19,0.10,1,10.3800,3.3300,3.1200,10.3800,3.117117
PC2,19,0.10,2,9.8500,4.4200,2.2300,9.8500,2.228507
PC2,19,0.10,4,18.3000,5.9500,3.0700,18.3000,3.075630
PC2,19,0.10,8,22.8800,8.9000,2.5700,22.9000,2.573034
PC2,19,0.10,16,32.6000,19.5800,1.6700,32.7900,1.674668
PC2,19,0.10,32,76.1300,76.7800,0.9900,77.0500,1.003517
PC2,19,0.10,64,107.1900,104.6200,1.0200,89.2600,0.853183
PC2,19,0.10,128,67.3600,64.1300,1.0500,52.5300,0.819117
PC2,19,0.10,200,45.5500,29.3400,1.5500,41.8100,1.425017
PC2,19,0.50,1,10.3900,7.4400,1.3900,10.3800,1.395161
PC2,19,0.50,2,9.8500,9.8700,1.0000,9.8500,0.997974
PC2,19,0.50,4,18.2900,13.3100,1.3700,18.3000,1.374906
PC2,19,0.50,8,22.8300,19.3800,1.1800,22.9000,1.181631
PC2,19,0.50,16,32.1100,41.2000,0.7800,32.7900,0.795874
PC2,19,0.50,32,69.0900,122.0500,0.5700,77.0500,0.631299
PC2,19,0.50,64,96.4000,153.7200,0.6300,89.2600,0.580666
PC2,19,0.50,128,65.9800,91.9200,0.7200,52.5300,0.571475
PC2,19,0.50,200,56.5900,58.0300,0.9800,41.8100,0.720489
PC2,19,1.00,1,10.3900,10.5300,0.9900,10.3800,0.985755
PC2,19,1.00,2,9.8500,13.9600,0.7100,9.8500,0.705587
PC2,19,1.00,4,18.2800,18.8100,0.9700,18.3000,0.972887
PC2,19,1.00,8,22.7900,27.2000,0.8400,22.9000,0.841912
PC2,19,1.00,16,31.6400,55.8800,0.5700,32.7900,0.586793
PC2,19,1.00,32,64.5500,144.0400,0.4500,77.0500,0.534921
PC2,19,1.00,64,97.4900,190.3200,0.5100,89.2600,0.469000
PC2,19,1.00,128,70.4800,103.0100,0.6800,52.5300,0.509950
PC2,19,1.00,200,52.2300,80.4600,0.6500,41.8100,0.519637
p25,0,0.10,1,0.4500,14.3900,0.0300,0.4300,0.029882
p25,0,0.10,2,0.6100,16.1400,0.0400,0.6000,0.037175
p25,0,0.10,4,0.7300,18.3700,0.0400,0.7000,0.038106
p25,0,0.10,8,1.2500,34.4700,0.0400,1.1900,0.034523
p25,0,0.10,16,2.1000,33.6600,0.0600,1.3900,0.041295
p25,0,0.10,32,4.8000,48.2000,0.1000,2.1400,0.044398
p25,0,0.10,64,10.9600,55.3500,0.2000,1.6300,0.029449
p25,0,0.10,128,22.2900,81.1200,0.2700,2.2900,0.028230
p25,0,0.10,200,35.6900,96.2800,0.3700,2.3500,0.024408
p25,0,0.50,1,0.4900,32.1900,0.0200,0.4300,0.013358
p25,0,0.50,2,0.6400,36.0100,0.0200,0.6000,0.016662
p25,0,0.50,4,0.8700,41.4000,0.0200,0.7000,0.016908
p25,0,0.50,8,1.5900,78.1100,0.0200,1.1900,0.015235
p25,0,0.50,16,2.9200,78.4100,0.0400,1.3900,0.017727
p25,0,0.50,32,9.4700,102.7600,0.0900,2.1400,0.020825
p25,0,0.50,64,22.1300,110.7900,0.2000,1.6300,0.014713
p25,0,0.50,128,43.9000,124.8300,0.3500,2.2900,0.018345
p25,0,0.50,200,77.3700,134.2400,0.5800,2.3500,0.017506
p25,0,1.00,1,0.5500,45.5200,0.0100,0.4300,0.009446
p25,0,1.00,2,0.6900,50.8000,0.0100,0.6000,0.011811
p25,0,1.00,4,1.0300,59.2900,0.0200,0.7000,0.011806
p25,0,1.00,8,2.1600,112.3700,0.0200,1.1900,0.010590
p25,0,1.00,16,5.7900,120.6000,0.0500,1.3900,0.011526
p25,0,1.00,32,13.0800,137.6800,0.0900,2.1400,0.015543
p25,0,1.00,64,27.9500,139.0900,0.2000,1.6300,0.011719
p25,0,1.00,128,72.1400,152.5200,0.4700,2.2900,0.015014
p25,0,1.00,200,103.8500,156.9300,0.6600,2.3500,0.014975
p25,1,0.10,1,0.2500,6.0700,0.0400,0.2500,0.041186
p25,1,0.10,2,0.4100,9.6500,0.0400,0.4100,0.042487
p25,1,0.10,4,0.6400,14.7600,0.0400,0.6300,0.042683
p25,1,0.10,8,0.9000,20.3100,0.0400,0.9000,0.044313
p25,1,0.10,16,1.3800,22.8900,0.0600,0.9700,0.042377
p25,1,0.10,32,1.9000,36.6100,0.0500,1.3400,0.036602
p25,1,0.10,64,3.6000,34.7000,0.1000,1.2600,0.036311
p25,1,0.10,128,10.4300,72.5700,0.1400,2.6600,0.036654
p25,1,0.10,200,19.8200,86.0100,0.2300,9.2400,0.107429
p25,1,0.50,1,0.2500,13.5600,0.0200,0.2500,0.018437
p25,1,0.50,2,0.4200,21.5100,0.0200,0.4100,0.019061
p25,1,0.50,4,0.6600,33.0500,0.0200,0.6300,0.019062
p25,1,0.50,8,0.9800,43.3800,0.0200,0.9000,0.020747
p25,1,0.50,16,2.3400,46.8700,0.0500,0.9700,0.020696
p25,1,0.50,32,4.5300,65.3300,0.0700,1.3400,0.020511
p25,1,0.50,64,9.0700,63.9100,0.1400,1.2600,0.019715
p25,1,0.50,128,18.8200,93.6700,0.2000,2.6600,0.028398
p25,1,0.50,200,35.3900,108.9900,0.3200,9.2400,0.084778
p25,1,1.00,1,0.2500,19.1800,0.0100,0.2500,0.013034
p25,1,1.00,2,0.4300,30.2900,0.0100,0.4100,0.013536
p25,1,1.00,4,0.6800,46.8600,0.0100,0.6300,0.013444
p25,1,1.00,8,1.1000,60.6800,0.0200,0.9000,0.014832
p25,1,1.00,16,2.6500,68.6500,0.0400,0.9700,0.014130
p25,1,1.00,32,7.1300,90.7100,0.0800,1.3400,0.014772
p25,1,1.00,64,12.0100,94.4100,0.1300,1.2600,0.013346
p25,1,1.00,128,33.7400,117.9800,0.2900,2.6600,0.022546
p25,1,1.00,200,75.9400,129.0300,0.5900,9.2400,0.071611
p25,2,0.10,1,0.3100,4.5400,0.0700,0.3100,0.068282
p25,2,0.10,2,0.3900,6.6900,0.0600,0.3800,0.056801
p25,2,0.10,4,0.5400,12.3400,0.0400,0.5400,0.043760
p25,2,0.10,8,0.8000,24.4600,0.0300,0.7700,0.031480
p25,2,0.10,16,1.0000,24.0900,0.0400,0.8800,0.036530
p25,2,0.10,32,2.5300,33.2200,0.0800,1.1700,0.035220
p25,2,0.10,64,3.9800,28.4000,0.1400,1.1900,0.041901
p25,2,0.10,128,13.5200,70.2300,0.1900,2.7600,0.039299
p25,2,0.10,200,30.5900,88.7500,0.3400,4.6400,0.052282
p25,2,0.50,1,0.3200,10.1500,0.0300,0.3100,0.030542
p25,2,0.50,2,0.4000,14.9300,0.0300,0.3800,0.025452
p25,2,0.50,4,0.5600,25.8000,0.0200,0.5400,0.020930
p25,2,0.50,8,0.9700,53.4100,0.0200,0.7700,0.014417
p25,2,0.50,16,2.2800,53.6200,0.0400,0.8800,0.016412
p25,2,0.50,32,4.5400,77.7600,0.0600,1.1700,0.015046
p25,2,0.50,64,14.3300,69.3600,0.2100,1.1900,0.017157
p25,2,0.50,128,27.2500,89.1500,0.3100,2.7600,0.030959
p25,2,0.50,200,44.8800,101.7200,0.4400,4.6400,0.045615
p25,2,1.00,1,0.3300,14.3500,0.0200,0.3100,0.021603
p25,2,1.00,2,0.4100,21.0900,0.0200,0.3800,0.018018
p25,2,1.00,4,0.5900,37.7800,0.0200,0.5400,0.014293
p25,2,1.00,8,1.2000,75.9200,0.0200,0.7700,0.010142
p25,2,1.00,16,2.8500,83.9100,0.0300,0.8800,0.010487
p25,2,1.00,32,7.3600,109.5800,0.0700,1.1700,0.010677
p25,2,1.00,64,16.4800,111.6300,0.1500,1.1900,0.010660
p25,2,1.00,128,41.8000,128.6800,0.3200,2.7600,0.021449
p25,2,1.00,200,70.3400,126.7400,0.5500,4.6400,0.036610
p25,3,0.10,1,0.3200,6.6400,0.0500,0.3100,0.046687
p25,3,0.10,2,0.4000,10.7000,0.0400,0.3900,0.036449
p25,3,0.10,4,0.5300,18.7300,0.0300,0.5100,0.027229
p25,3,0.10,8,0.8600,24.0200,0.0400,0.8900,0.037052
p25,3,0.10,16,1.8700,24.9300,0.0800,0.8800,0.035299
p25,3,0.10,32,3.2100,39.8500,0.0800,1.3400,0.033626
p25,3,0.10,64,6.2600,34.7500,0.1800,1.4600,0.042014
p25,3,0.10,128,15.5000,64.2800,0.2400,3.1600,0.049160
p25,3,0.10,200,22.3200,81.6400,0.2700,4.8700,0.059652
p25,3,0.50,1,0.3300,14.8500,0.0200,0.3100,0.020875
p25,3,0.50,2,0.4200,23.8700,0.0200,0.3900,0.016339
p25,3,0.50,4,0.6000,40.7600,0.0100,0.5100,0.012512
p25,3,0.50,8,1.5400,48.6000,0.0300,0.8900,0.018313
p25,3,0.50,16,1.9700,52.9400,0.0400,0.8800,0.016623
p25,3,0.50,32,2.7900,75.4600,0.0400,1.3400,0.017758
p25,3,0.50,64,6.3000,79.3300,0.0800,1.4600,0.018404
p25,3,0.50,128,18.1500,99.0200,0.1800,3.1600,0.031913
p25,3,0.50,200,44.6300,116.6700,0.3800,4.8700,0.041742
p25,3,1.00,1,0.3400,21.0000,0.0200,0.3100,0.014762
p25,3,1.00,2,0.4500,33.7000,0.0100,0.3900,0.011573
p25,3,1.00,4,0.6600,56.8200,0.0100,0.5100,0.008976
p25,3,1.00,8,1.1900,68.1100,0.0200,0.8900,0.013067
p25,3,1.00,16,3.8900,74.8400,0.0500,0.8800,0.011758
p25,3,1.00,32,7.8000,96.1200,0.0800,1.3400,0.013941
p25,3,1.00,64,11.7900,96.7700,0.1200,1.4600,0.015087
p25,3,1.00,128,40.0200,126.6200,0.3200,3.1600,0.024957
p25,3,1.00,200,71.8300,130.6300,0.5500,4.8700,0.037281
p25,4,0.10,1,0.2900,3.9600,0.0700,0.2800,0.070707
p25,4,0.10,2,0.3900,6.4000,0.0600,0.3900,0.060937
p25,4,0.10,4,0.6100,13.9700,0.0400,0.6000,0.042949
p25,4,0.10,8,1.0400,23.3300,0.0400,0.9900,0.042435
p25,4,0.10,16,1.1800,21.6600,0.0500,0.8500,0.039243
p25,4,0.10,32,1.5300,28.8000,0.0500,1.2000,0.041667
p25,4,0.10,64,2.9100,24.5100,0.1200,1.1200,0.045696
p25,4,0.10,128,9.2500,65.1400,0.1400,3.8400,0.058950
p25,4,0.10,200,19.8000,81.6800,0.2400,5.8200,0.071254
p25,4,0.50,1,0.2900,8.8500,0.0300,0.2800,0.031638
p25,4,0.50,2,0.4100,14.2900,0.0300,0.3900,0.027292
p25,4,0.50,4,0.6400,27.4900,0.0200,0.6000,0.021826
p25,4,0.50,8,1.1700,49.0000,0.0200,0.9900,0.020204
p25,4,0.50,16,1.4700,46.4500,0.0300,0.8500,0.018299
p25,4,0.50,32,7.1900,66.0500,0.1100,1.2000,0.018168
p25,4,0.50,64,8.1600,57.8100,0.1400,1.1200,0.019374
p25,4,0.50,128,17.2500,84.9900,0.2000,3.8400,0.045182
p25,4,0.50,200,31.4700,102.8800,0.3100,5.8200,0.056571
p25,4,1.00,1,0.3000,12.5200,0.0200,0.2800,0.022364
p25,4,1.00,2,0.4200,20.1900,0.0200,0.3900,0.019316
p25,4,1.00,4,0.6700,38.9600,0.0200,0.6000,0.015400
p25,4,1.00,8,1.3300,69.2000,0.0200,0.9900,0.014306
p25,4,1.00,16,5.5300,77.4900,0.0700,0.8500,0.010969
p25,4,1.00,32,9.8800,101.8400,0.1000,1.2000,0.011783
p25,4,1.00,64,18.2300,100.8600,0.1800,1.1200,0.011105
p25,4,1.00,128,38.9200,115.9300,0.3400,3.8400,0.033123
p25,4,1.00,200,69.1200,121.0100,0.5700,5.8200,0.048095
p25,5,0.10,1,0.4200,6.0600,0.0700,0.4100,0.067657
p25,5,0.10,2,0.4700,9.8200,0.0500,0.4500,0.045825
p25,5,0.10,4,0.5600,17.2500,0.0300,0.5400,0.031304
p25,5,0.10,8,0.8300,22.7700,0.0400,0.8100,0.035573
p25,5,0.10,16,1.0400,24.8200,0.0400,0.8400,0.033844
p25,5,0.10,32,4.6600,35.1000,0.1300,1.2100,0.034473
p25,5,0.10,64,4.5200,28.5400,0.1600,1.2900,0.045200
p25,5,0.10,128,11.5600,67.2100,0.1700,3.5100,0.052224
p25,5,0.10,200,22.8300,83.8700,0.2700,13.2700,0.158221
p25,5,0.50,1,0.4500,13.5500,0.0300,0.4100,0.030258
p25,5,0.50,2,0.5100,21.9300,0.0200,0.4500,0.020520
p25,5,0.50,4,0.6300,34.9100,0.0200,0.5400,0.015468
p25,5,0.50,8,0.9700,47.2400,0.0200,0.8100,0.017146
p25,5,0.50,16,1.2900,50.1700,0.0300,0.8400,0.016743
p25,5,0.50,32,4.3200,64.9200,0.0700,1.2100,0.018638
p25,5,0.50,64,6.9000,58.3700,0.1200,1.2900,0.022100
p25,5,0.50,128,19.9000,82.2400,0.2400,3.5100,0.042680
p25,5,0.50,200,42.0500,102.3700,0.4100,13.2700,0.129628
p25,5,1.00,1,0.4800,19.1700,0.0200,0.4100,0.021388
p25,5,1.00,2,0.5500,30.9700,0.0200,0.4500,0.014530
p25,5,1.00,4,0.7100,51.2100,0.0100,0.5400,0.010545
p25,5,1.00,8,1.1400,67.3700,0.0200,0.8100,0.012023
p25,5,1.00,16,1.7100,75.5500,0.0200,0.8400,0.011118
p25,5,1.00,32,4.6100,93.4700,0.0500,1.2100,0.012945
p25,5,1.00,64,12.0800,95.4000,0.1300,1.2900,0.013522
p25,5,1.00,128,30.6800,117.0100,0.2600,3.5100,0.029997
p25,5,1.00,200,59.3100,128.3000,0.4600,13.2700,0.103429
p25,6,0.10,1,0.3300,25.3800,0.0100,0.2900,0.011426
p25,6,0.10,2,0.5700,43.7000,0.0100,0.4800,0.010984
p25,6,0.10,4,0.9300,71.2400,0.0100,0.7300,0.010247
p25,6,0.10,8,1.2700,75.7800,0.0200,1.0400,0.013724
p25,6,0.10,16,2.7100,90.8100,0.0300,1.6700,0.018390
p25,6,0.10,32,5.9500,111.1900,0.0500,3.7400,0.033636
p25,6,0.10,64,14.5700,158.9700,0.0900,5.6000,0.035227
p25,6,0.10,128,45.2100,174.0300,0.2600,23.7300,0.136356
p25,6,0.10,200,90.3600,175.1800,0.5200,68.6300,0.391768
p25,6,0.50,1,0.4500,55.4800,0.0100,0.2900,0.005227
p25,6,0.50,2,0.7800,94.5200,0.0100,0.4800,0.005078
p25,6,0.50,4,1.3500,146.9300,0.0100,0.7300,0.004968
p25,6,0.50,8,2.6800,148.6000,0.0200,1.0400,0.006999
p25,6,0.50,16,5.8800,147.0900,0.0400,1.6700,0.011354
p25,6,0.50,32,10.0800,155.1200,0.0600,3.7400,0.024110
p25,6,0.50,64,21.6800,174.4400,0.1200,5.6000,0.032103
p25,6,0.50,128,57.5100,182.7500,0.3100,23.7300,0.129850
p25,6,0.50,200,107.0700,172.9500,0.6200,68.6300,0.396820
p25,6,1.00,1,0.5700,78.1100,0.0100,0.2900,0.003713
p25,6,1.00,2,2.1800,130.8300,0.0200,0.4800,0.003669
p25,6,1.00,4,3.1500,184.4200,0.0200,0.7300,0.003958
p25,6,1.00,8,6.4900,182.9200,0.0400,1.0400,0.005686
p25,6,1.00,16,8.4900,159.4700,0.0500,1.6700,0.010472
p25,6,1.00,32,11.7100,161.4600,0.0700,3.7400,0.023164
p25,6,1.00,64,23.9700,165.4000,0.1400,5.6000,0.033857
p25,6,1.00,128,65.3200,170.4700,0.3800,23.7300,0.139203
p25,6,1.00,200,105.2300,165.1700,0.6400,68.6300,0.415511
p25,7,0.10,1,0.3600,5.9800,0.0600,0.3600,0.060201
p25,7,0.10,2,0.4500,9.7100,0.0500,0.4400,0.045314
p25,7,0.10,4,0.6600,16.8400,0.0400,0.6400,0.038005
p25,7,0.10,8,0.8900,23.8400,0.0400,0.8400,0.035235
p25,7,0.10,16,1.3300,24.0500,0.0600,1.0900,0.045322
p25,7,0.10,32,2.8300,32.7900,0.0900,1.3500,0.041171
p25,7,0.10,64,3.6500,28.2200,0.1300,1.5800,0.055989
p25,7,0.10,128,11.1600,65.9900,0.1700,3.0100,0.045613
p25,7,0.10,200,20.7600,78.3400,0.2600,7.6900,0.098162
p25,7,0.50,1,0.3800,13.3700,0.0300,0.3600,0.026926
p25,7,0.50,2,0.4800,21.6900,0.0200,0.4400,0.020286
p25,7,0.50,4,0.7200,35.3600,0.0200,0.6400,0.018100
p25,7,0.50,8,1.0900,50.2300,0.0200,0.8400,0.016723
p25,7,0.50,16,3.2800,50.9700,0.0600,1.0900,0.021385
p25,7,0.50,32,6.2600,63.3100,0.1000,1.3500,0.021324
p25,7,0.50,64,9.3200,56.0600,0.1700,1.5800,0.028184
p25,7,0.50,128,19.3600,85.9400,0.2300,3.0100,0.035024
p25,7,0.50,200,34.5700,100.6400,0.3400,7.6900,0.076411
p25,7,1.00,1,0.4100,18.9100,0.0200,0.3600,0.019038
p25,7,1.00,2,0.5200,30.6300,0.0200,0.4400,0.014365
p25,7,1.00,4,0.8000,50.0100,0.0200,0.6400,0.012797
p25,7,1.00,8,1.3400,70.8300,0.0200,0.8400,0.011859
p25,7,1.00,16,2.1300,77.2900,0.0300,1.0900,0.014103
p25,7,1.00,32,5.7500,96.9200,0.0600,1.3500,0.013929
p25,7,1.00,64,14.8200,92.2200,0.1600,1.5800,0.017133
p25,7,1.00,128,30.3300,117.7600,0.2600,3.0100,0.025560
p25,7,1.00,200,51.2700,119.8500,0.4300,7.6900,0.064164
p25,8,0.10,1,0.4100,15.8600,0.0300,0.3500,0.022068
p25,8,0.10,2,0.6200,25.8600,0.0200,0.5100,0.019722
p25,8,0.10,4,0.8500,38.1800,0.0200,0.6900,0.018072
p25,8,0.10,8,1.4400,52.9800,0.0300,1.0400,0.019630
p25,8,0.10,16,3.0700,77.7200,0.0400,2.0500,0.026377
p25,8,0.10,32,5.3900,103.9300,0.0500,3.3600,0.032329
p25,8,0.10,64,12.3000,129.7900,0.0900,3.8700,0.029817
p25,8,0.10,128,40.7800,164.3500,0.2500,11.0600,0.067295
p25,8,0.10,200,107.4700,178.2800,0.6000,40.2200,0.225600
p25,8,0.50,1,0.5900,35.4600,0.0200,0.3500,0.009870
p25,8,0.50,2,0.9100,57.1900,0.0200,0.5100,0.008918
p25,8,0.50,4,3.0000,83.8300,0.0400,0.6900,0.008231
p25,8,0.50,8,3.6000,108.4900,0.0300,1.0400,0.009586
p25,8,0.50,16,5.0500,132.5200,0.0400,2.0500,0.015469
p25,8,0.50,32,9.8600,147.1000,0.0700,3.3600,0.022842
p25,8,0.50,64,21.6700,157.8600,0.1400,3.8700,0.024515
p25,8,0.50,128,52.8600,177.3900,0.3000,11.0600,0.062348
p25,8,0.50,200,107.8300,177.4300,0.6100,40.2200,0.226681
p25,8,1.00,1,0.7500,50.1500,0.0100,0.3500,0.006979
p25,8,1.00,2,1.5400,79.8200,0.0200,0.5100,0.006389
p25,8,1.00,4,2.5100,115.4200,0.0200,0.6900,0.005978
p25,8,1.00,8,4.1800,136.1600,0.0300,1.0400,0.007638
p25,8,1.00,16,6.1900,151.8100,0.0400,2.0500,0.013504
p25,8,1.00,32,9.1500,155.9800,0.0600,3.3600,0.021541
p25,8,1.00,64,16.8100,160.5800,0.1000,3.8700,0.024100
p25,8,1.00,128,64.3100,178.7400,0.3600,11.0600,0.061878
p25,8,1.00,200,101.3200,172.0400,0.5900,40.2200,0.233783
p25,9,0.10,1,0.2100,4.4900,0.0500,0.2100,0.046771
p25,9,0.10,2,0.3200,7.1200,0.0500,0.3200,0.044944
p25,9,0.10,4,0.7900,11.2200,0.0700,0.7900,0.070410
p25,9,0.10,8,1.1600,16.3400,0.0700,1.1400,0.069767
p25,9,0.10,16,1.5200,19.4700,0.0800,1.0600,0.054443
p25,9,0.10,32,4.5500,36.4200,0.1200,1.8700,0.051345
p25,9,0.10,64,5.5600,29.9400,0.1900,1.1500,0.038410
p25,9,0.10,128,12.4000,65.7900,0.1900,2.1600,0.032832
p25,9,0.10,200,21.6900,81.9300,0.2600,6.6600,0.081289
p25,9,0.50,1,0.2200,10.0400,0.0200,0.2100,0.020916
p25,9,0.50,2,0.3300,15.8800,0.0200,0.3200,0.020151
p25,9,0.50,4,0.8100,25.1200,0.0300,0.7900,0.031449
p25,9,0.50,8,1.2200,36.8500,0.0300,1.1400,0.030936
p25,9,0.50,16,2.0100,40.2100,0.0500,1.0600,0.026362
p25,9,0.50,32,4.5100,64.5100,0.0700,1.8700,0.028988
p25,9,0.50,64,6.7900,58.1700,0.1200,1.1500,0.019770
p25,9,0.50,128,17.1800,89.6300,0.1900,2.1600,0.024099
p25,9,0.50,200,38.9700,108.2500,0.3600,6.6600,0.061524
p25,9,1.00,1,0.2200,14.2100,0.0200,0.2100,0.014778
p25,9,1.00,2,0.3400,22.4100,0.0200,0.3200,0.014279
p25,9,1.00,4,0.8200,35.5900,0.0200,0.7900,0.022197
p25,9,1.00,8,1.2900,52.4400,0.0200,1.1400,0.021739
p25,9,1.00,16,2.6000,58.0700,0.0400,1.0600,0.018254
p25,9,1.00,32,11.2500,88.2600,0.1300,1.8700,0.021187
p25,9,1.00,64,20.8000,86.5800,0.2400,1.1500,0.013283
p25,9,1.00,128,37.2700,113.4500,0.3300,2.1600,0.019039
p25,9,1.00,200,63.5600,126.9100,0.5000,6.6600,0.052478
p25,10,0.10,1,0.2400,4.2700,0.0600,0.2400,0.056206
p25,10,0.10,2,0.3600,6.6300,0.0500,0.3500,0.052790
p25,10,0.10,4,0.4800,14.1700,0.0300,0.4700,0.033169
p25,10,0.10,8,1.2200,24.0600,0.0500,1.1800,0.049044
p25,10,0.10,16,2.5000,21.7700,0.1100,0.8400,0.038585
p25,10,0.10,32,2.5300,29.8400,0.0800,1.2800,0.042895
p25,10,0.10,64,5.5500,24.6900,0.2200,1.4000,0.056703
p25,10,0.10,128,13.4200,67.4500,0.2000,2.4600,0.036471
p25,10,0.10,200,25.0300,83.8400,0.3000,4.0400,0.048187
p25,10,0.50,1,0.2400,9.5600,0.0300,0.2400,0.025105
p25,10,0.50,2,0.3700,14.8100,0.0200,0.3500,0.023633
p25,10,0.50,4,0.5200,27.9400,0.0200,0.4700,0.016822
p25,10,0.50,8,1.3600,51.1300,0.0300,1.1800,0.023078
p25,10,0.50,16,1.2300,48.6800,0.0300,0.8400,0.017256
p25,10,0.50,32,5.7100,69.1500,0.0800,1.2800,0.018510
p25,10,0.50,64,10.8700,59.8900,0.1800,1.4000,0.023376
p25,10,0.50,128,20.1800,87.0400,0.2300,2.4600,0.028263
p25,10,0.50,200,37.4700,104.1800,0.3600,4.0400,0.038779
p25,10,1.00,1,0.2500,13.5100,0.0200,0.2400,0.017765
p25,10,1.00,2,0.3900,20.9200,0.0200,0.3500,0.016730
p25,10,1.00,4,0.5700,36.7100,0.0200,0.4700,0.012803
p25,10,1.00,8,1.5100,70.7500,0.0200,1.1800,0.016678
p25,10,1.00,16,3.2900,78.3500,0.0400,0.8400,0.010721
p25,10,1.00,32,6.0600,105.9000,0.0600,1.2800,0.012087
p25,10,1.00,64,10.5700,104.6100,0.1000,1.4000,0.013383
p25,10,1.00,128,29.3800,117.8300,0.2500,2.4600,0.020878
p25,10,1.00,200,57.0900,126.9000,0.4500,4.0400,0.031836
p25,11,0.10,1,0.4700,9.8000,0.0500,0.4700,0.047959
p25,11,0.10,2,0.6400,13.8600,0.0500,0.6300,0.045455
p25,11,0.10,4,0.6300,20.3600,0.0300,0.6200,0.030452
p25,11,0.10,8,0.9100,61.5500,0.0100,1.0400,0.016897
p25,11,0.10,16,1.8400,81.2000,0.0200,1.4900,0.018350
p25,11,0.10,32,5.0100,125.2400,0.0400,4.1100,0.032817
p25,11,0.10,64,13.7200,167.3600,0.0800,13.9100,0.083114
p25,11,0.10,128,48.8100,176.2900,0.2800,42.4600,0.240853
p25,11,0.10,200,94.6400,170.0900,0.5600,93.5400,0.549944
p25,11,0.50,1,0.4800,21.9200,0.0200,0.4700,0.021442
p25,11,0.50,2,0.6500,31.2100,0.0200,0.6300,0.020186
p25,11,0.50,4,0.6800,47.0600,0.0100,0.6200,0.013175
p25,11,0.50,8,2.4800,117.6800,0.0200,1.0400,0.008838
p25,11,0.50,16,6.0000,156.1900,0.0400,1.4900,0.009540
p25,11,0.50,32,8.9600,160.1600,0.0600,4.1100,0.025662
p25,11,0.50,64,15.2200,169.6900,0.0900,13.9100,0.081973
p25,11,0.50,128,50.3100,169.6300,0.3000,42.4600,0.250309
p25,11,0.50,200,101.8800,166.4900,0.6100,93.5400,0.561836
p25,11,1.00,1,0.5000,31.0100,0.0200,0.4700,0.015156
p25,11,1.00,2,0.6800,44.4500,0.0200,0.6300,0.014173
p25,11,1.00,4,0.7600,69.9400,0.0100,0.6200,0.008865
p25,11,1.00,8,3.1900,161.7400,0.0200,1.0400,0.006430
p25,11,1.00,16,5.8800,183.8900,0.0300,1.4900,0.008103
p25,11,1.00,32,10.3600,162.9200,0.0600,4.1100,0.025227
p25,11,1.00,64,20.0600,172.7800,0.1200,13.9100,0.080507
p25,11,1.00,128,51.3500,174.2500,0.2900,42.4600,0.243673
p25,11,1.00,200,87.2800,166.4100,0.5200,93.5400,0.562106
p25,12,0.10,1,0.3600,5.2300,0.0700,0.3600,0.068834
p25,12,0.10,2,0.4800,7.2700,0.0700,0.4700,0.064649
p25,12,0.10,4,0.7800,11.5300,0.0700,0.7800,0.067650
p25,12,0.10,8,1.2400,24.6000,0.0500,1.2200,0.049593
p25,12,0.10,16,2.0000,24.4700,0.0800,1.3800,0.056396
p25,12,0.10,32,2.8600,32.1800,0.0900,1.6200,0.050342
p25,12,0.10,64,5.1500,27.7200,0.1900,1.4200,0.051227
p25,12,0.10,128,10.4200,64.5800,0.1600,3.2300,0.050015
p25,12,0.10,200,20.3900,82.4500,0.2500,4.8000,0.058217
p25,12,0.50,1,0.3600,11.6900,0.0300,0.3600,0.030796
p25,12,0.50,2,0.4900,16.2200,0.0300,0.4700,0.028977
p25,12,0.50,4,0.8100,24.5600,0.0300,0.7800,0.031759
p25,12,0.50,8,1.3500,53.7500,0.0300,1.2200,0.022698
p25,12,0.50,16,4.2600,54.6900,0.0800,1.3800,0.025233
p25,12,0.50,32,8.5200,82.9900,0.1000,1.6200,0.019520
p25,12,0.50,64,12.9300,75.6500,0.1700,1.4200,0.018771
p25,12,0.50,128,28.6000,100.0200,0.2900,3.2300,0.032294
p25,12,0.50,200,46.7700,110.7400,0.4200,4.8000,0.043345
p25,12,1.00,1,0.3700,16.5300,0.0200,0.3600,0.021779
p25,12,1.00,2,0.5100,22.9100,0.0200,0.4700,0.020515
p25,12,1.00,4,0.8400,34.5300,0.0200,0.7800,0.022589
p25,12,1.00,8,1.5300,75.7800,0.0200,1.2200,0.016099
p25,12,1.00,16,4.4200,83.2100,0.0500,1.3800,0.016585
p25,12,1.00,32,12.1500,113.6900,0.1100,1.6200,0.014249
p25,12,1.00,64,24.4100,115.6300,0.2100,1.4200,0.012281
p25,12,1.00,128,46.1400,131.5600,0.3500,3.2300,0.024552
p25,12,1.00,200,76.9800,134.3600,0.5700,4.8000,0.035725
p25,13,0.10,1,0.2800,4.6800,0.0600,0.2800,0.059829
p25,13,0.10,2,0.3800,7.7700,0.0500,0.3700,0.047619
p25,13,0.10,4,0.5400,15.6600,0.0300,0.5300,0.033844
p25,13,0.10,8,0.9400,23.4000,0.0400,0.9200,0.039316
p25,13,0.10,16,2.0400,22.5200,0.0900,0.8000,0.035524
p25,13,0.10,32,2.2200,30.6700,0.0700,1.1900,0.038800
p25,13,0.10,64,2.8300,26.8500,0.1100,1.0100,0.037616
p25,13,0.10,128,9.4500,66.3600,0.1400,4.0200,0.060579
p25,13,0.10,200,20.1100,85.8500,0.2300,11.1200,0.129528
p25,13,0.50,1,0.3000,10.4700,0.0300,0.2800,0.026743
p25,13,0.50,2,0.4100,17.3600,0.0200,0.3700,0.021313
p25,13,0.50,4,0.5800,31.2200,0.0200,0.5300,0.016976
p25,13,0.50,8,1.6200,49.3100,0.0300,0.9200,0.018657
p25,13,0.50,16,1.8000,48.5500,0.0400,0.8000,0.016478
p25,13,0.50,32,5.9800,68.7000,0.0900,1.1900,0.017322
p25,13,0.50,64,6.8800,63.8900,0.1100,1.0100,0.015808
p25,13,0.50,128,18.7200,89.1400,0.2100,4.0200,0.045098
p25,13,0.50,200,36.6400,99.9500,0.3700,11.1200,0.111256
p25,13,1.00,1,0.3100,14.8100,0.0200,0.2800,0.018906
p25,13,1.00,2,0.4400,24.5200,0.0200,0.3700,0.015090
p25,13,1.00,4,0.6400,41.3800,0.0200,0.5300,0.012808
p25,13,1.00,8,1.7500,68.4200,0.0300,0.9200,0.013446
p25,13,1.00,16,6.8800,75.7800,0.0900,0.8000,0.010557
p25,13,1.00,32,13.4100,102.1400,0.1300,1.1900,0.011651
p25,13,1.00,64,19.5500,104.0400,0.1900,1.0100,0.009708
p25,13,1.00,128,38.9300,118.9700,0.3300,4.0200,0.033790
p25,13,1.00,200,62.7100,131.9000,0.4800,11.1200,0.084306
p25,14,0.10,1,0.2800,6.7100,0.0400,0.2800,0.041729
p25,14,0.10,2,0.4900,10.9000,0.0400,0.4900,0.044954
p25,14,0.10,4,0.6100,17.1700,0.0400,0.6000,0.034945
p25,14,0.10,8,0.9600,21.6500,0.0400,0.9500,0.043880
p25,14,0.10,16,1.5100,23.6100,0.0600,1.0800,0.045743
p25,14,0.10,32,3.2800,38.7500,0.0800,1.3500,0.034839
p25,14,0.10,64,5.2100,34.4900,0.1500,1.3400,0.038852
p25,14,0.10,128,13.1000,69.2100,0.1900,2.0600,0.029764
p25,14,0.10,200,26.3700,86.2600,0.3100,6.1900,0.071760
p25,14,0.50,1,0.2900,15.0000,0.0200,0.2800,0.018667
p25,14,0.50,2,0.5000,24.2700,0.0200,0.4900,0.020190
p25,14,0.50,4,0.6600,38.3700,0.0200,0.6000,0.015637
p25,14,0.50,8,1.0800,47.6500,0.0200,0.9500,0.019937
p25,14,0.50,16,1.4400,52.6800,0.0300,1.0800,0.020501
p25,14,0.50,32,4.9900,69.3500,0.0700,1.3500,0.019466
p25,14,0.50,64,8.6600,72.3300,0.1200,1.3400,0.018526
p25,14,0.50,128,22.5300,99.2500,0.2300,2.0600,0.020756
p25,14,0.50,200,39.7300,115.8000,0.3400,6.1900,0.053454
p25,14,1.00,1,0.2900,21.2200,0.0100,0.2800,0.013195
p25,14,1.00,2,0.5100,34.1800,0.0200,0.4900,0.014336
p25,14,1.00,4,0.7200,54.3100,0.0100,0.6000,0.011048
p25,14,1.00,8,2.2700,67.8600,0.0300,0.9500,0.013999
p25,14,1.00,16,3.9300,77.1600,0.0500,1.0800,0.013997
p25,14,1.00,32,13.5000,98.0100,0.1400,1.3500,0.013774
p25,14,1.00,64,19.4700,100.0100,0.1900,1.3400,0.013399
p25,14,1.00,128,42.5200,120.6800,0.3500,2.0600,0.017070
p25,14,1.00,200,79.0100,134.1400,0.5900,6.1900,0.046146
p25,15,0.10,1,0.4300,7.0300,0.0600,0.4300,0.061166
p25,15,0.10,2,0.4200,8.8200,0.0500,0.4200,0.047619
p25,15,0.10,4,0.6500,12.9300,0.0500,0.6400,0.049497
p25,15,0.10,8,0.8500,25.8300,0.0300,0.8000,0.030972
p25,15,0.10,16,1.6400,27.0200,0.0600,1.0100,0.037380
p25,15,0.10,32,4.6800,37.0300,0.1300,1.7400,0.046989
p25,15,0.10,64,5.1600,33.7400,0.1500,1.3000,0.038530
p25,15,0.10,128,11.4800,73.4900,0.1600,2.6400,0.035923
p25,15,0.10,200,22.4000,88.4000,0.2500,7.2900,0.082466
p25,15,0.50,1,0.4400,15.7300,0.0300,0.4300,0.027336
p25,15,0.50,2,0.4400,19.6900,0.0200,0.4200,0.021331
p25,15,0.50,4,0.7000,27.7300,0.0300,0.6400,0.023080
p25,15,0.50,8,1.0100,56.8700,0.0200,0.8000,0.014067
p25,15,0.50,16,3.7300,60.3700,0.0600,1.0100,0.016730
p25,15,0.50,32,12.3700,84.1400,0.1500,1.7400,0.020680
p25,15,0.50,64,19.6600,90.9300,0.2200,1.3000,0.014297
p25,15,0.50,128,39.2800,101.0800,0.3900,2.6400,0.026118
p25,15,0.50,200,52.6600,115.4100,0.4600,7.2900,0.063166
p25,15,1.00,1,0.4600,22.2400,0.0200,0.4300,0.019335
p25,15,1.00,2,0.4700,27.7900,0.0200,0.4200,0.015113
p25,15,1.00,4,0.7500,39.1400,0.0200,0.6400,0.016352
p25,15,1.00,8,1.2200,80.3600,0.0200,0.8000,0.009955
p25,15,1.00,16,3.2700,88.7900,0.0400,1.0100,0.011375
p25,15,1.00,32,9.8200,113.7200,0.0900,1.7400,0.015301
p25,15,1.00,64,21.0200,120.7800,0.1700,1.3000,0.010763
p25,15,1.00,128,46.5400,138.6100,0.3400,2.6400,0.019046
p25,15,1.00,200,86.0300,138.2000,0.6200,7.2900,0.052750
p25,16,0.10,1,0.2900,17.2200,0.0200,0.2800,0.016260
p25,16,0.10,2,0.4800,43.0700,0.0100,0.6100,0.014163
p25,16,0.10,4,1.8100,75.7300,0.0200,0.8000,0.010564
p25,16,0.10,8,6.3000,108.5700,0.0600,1.1800,0.010869
p25,16,0.10,16,9.0800,120.1000,0.0800,3.2200,0.026811
p25,16,0.10,32,12.4000,127.5100,0.1000,3.5000,0.027449
p25,16,0.10,64,19.8400,153.3100,0.1300,5.1000,0.033266
p25,16,0.10,128,50.7600,174.6200,0.2900,10.8600,0.062192
p25,16,0.10,200,98.6400,165.2700,0.6000,72.9500,0.441399
p25,16,0.50,1,0.3100,29.7100,0.0100,0.2800,0.009424
p25,16,0.50,2,0.5400,68.2800,0.0100,0.6100,0.008934
p25,16,0.50,4,0.9400,129.2400,0.0100,0.8000,0.006190
p25,16,0.50,8,1.6500,186.3300,0.0100,1.1800,0.006333
p25,16,0.50,16,3.7500,166.0900,0.0200,3.2200,0.019387
p25,16,0.50,32,6.1600,158.0800,0.0400,3.5000,0.022141
p25,16,0.50,64,18.3200,171.3800,0.1100,5.1000,0.029758
p25,16,0.50,128,58.3000,178.4100,0.3300,10.8600,0.060871
p25,16,0.50,200,93.8400,170.1100,0.5500,72.9500,0.428840
p25,16,1.00,1,0.3300,39.6600,0.0100,0.2800,0.007060
p25,16,1.00,2,0.6100,89.7100,0.0100,0.6100,0.006800
p25,16,1.00,4,5.7500,162.7300,0.0400,0.8000,0.004916
p25,16,1.00,8,6.7000,207.9800,0.0300,1.1800,0.005674
p25,16,1.00,16,7.8500,181.5600,0.0400,3.2200,0.017735
p25,16,1.00,32,13.3700,162.2700,0.0800,3.5000,0.021569
p25,16,1.00,64,25.8200,170.5300,0.1500,5.1000,0.029907
p25,16,1.00,128,62.6400,175.4500,0.3600,10.8600,0.061898
p25,16,1.00,200,100.9500,163.5400,0.6200,72.9500,0.446068
p25,17,0.10,1,0.2400,6.4200,0.0400,0.2400,0.037383
p25,17,0.10,2,0.3200,10.1800,0.0300,0.3200,0.031434
p25,17,0.10,4,0.4600,17.6700,0.0300,0.4600,0.026033
p25,17,0.10,8,1.0000,23.5700,0.0400,1.0000,0.042427
p25,17,0.10,16,1.4000,24.1200,0.0600,1.1600,0.048093
p25,17,0.10,32,1.6000,33.7900,0.0500,1.3300,0.039361
p25,17,0.10,64,3.8200,28.4500,0.1300,1.3600,0.047803
p25,17,0.10,128,9.7300,68.4700,0.1400,3.5500,0.051848
p25,17,0.10,200,23.7100,85.3900,0.2800,11.1400,0.130460
p25,17,0.50,1,0.2500,14.3600,0.0200,0.2400,0.016713
p25,17,0.50,2,0.3400,22.7200,0.0200,0.3200,0.014085
p25,17,0.50,4,0.4900,37.1000,0.0100,0.4600,0.012399
p25,17,0.50,8,1.0800,49.4000,0.0200,1.0000,0.020243
p25,17,0.50,16,2.2300,51.8100,0.0400,1.1600,0.022390
p25,17,0.50,32,3.1300,66.2600,0.0500,1.3300,0.020072
p25,17,0.50,64,4.7900,57.7600,0.0800,1.3600,0.023546
p25,17,0.50,128,12.4300,85.2000,0.1500,3.5500,0.041667
p25,17,0.50,200,34.2700,104.3000,0.3300,11.1400,0.106807
p25,17,1.00,1,0.2600,20.3100,0.0100,0.2400,0.011817
p25,17,1.00,2,1.5600,32.9200,0.0500,0.3200,0.009721
p25,17,1.00,4,1.8300,53.8000,0.0300,0.4600,0.008550
p25,17,1.00,8,2.1700,69.8700,0.0300,1.0000,0.014312
p25,17,1.00,16,3.6400,75.1300,0.0500,1.1600,0.015440
p25,17,1.00,32,10.1000,93.8800,0.1100,1.3300,0.014167
p25,17,1.00,64,11.2400,100.6700,0.1100,1.3600,0.013509
p25,17,1.00,128,28.6900,119.2400,0.2400,3.5500,0.029772
p25,17,1.00,200,47.8800,123.5400,0.3900,11.1400,0.090173
p25,18,0.10,1,0.3400,8.1500,0.0400,0.3300,0.040491
p25,18,0.10,2,0.4400,9.8600,0.0400,0.4300,0.043611
p25,18,0.10,4,0.6300,13.4500,0.0500,0.6300,0.046840
p25,18,0.10,8,1.1800,27.2100,0.0400,1.1300,0.041529
p25,18,0.10,16,1.6500,27.6100,0.0600,1.1700,0.042376
p25,18,0.10,32,2.4500,37.8000,0.0600,1.2000,0.031746
p25,18,0.10,64,5.2800,34.5800,0.1500,1.3900,0.040197
p25,18,0.10,128,14.8300,74.6500,0.2000,2.3700,0.031748
p25,18,0.10,200,27.0900,91.6200,0.3000,7.4100,0.080878
p25,18,0.50,1,0.3500,18.2300,0.0200,0.3300,0.018102
p25,18,0.50,2,0.4600,22.0000,0.0200,0.4300,0.019545
p25,18,0.50,4,0.6600,28.8700,0.0200,0.6300,0.021822
p25,18,0.50,8,1.3300,59.7200,0.0200,1.1300,0.018922
p25,18,0.50,16,3.4000,64.2100,0.0500,1.1700,0.018221
p25,18,0.50,32,10.9900,87.6000,0.1300,1.2000,0.013699
p25,18,0.50,64,19.5200,96.4200,0.2000,1.3900,0.014416
p25,18,0.50,128,39.4400,107.2800,0.3700,2.3700,0.022092
p25,18,0.50,200,67.6900,125.2300,0.5400,7.4100,0.059171
p25,18,1.00,1,0.3800,25.7900,0.0100,0.3300,0.012796
p25,18,1.00,2,0.4900,31.0400,0.0200,0.4300,0.013853
p25,18,1.00,4,0.7000,40.7800,0.0200,0.6300,0.015449
p25,18,1.00,8,1.5200,84.2000,0.0200,1.1300,0.013420
p25,18,1.00,16,2.8700,92.1500,0.0300,1.1700,0.012697
p25,18,1.00,32,9.2800,112.7000,0.0800,1.2000,0.010648
p25,18,1.00,64,21.4600,120.8100,0.1800,1.3900,0.011506
p25,18,1.00,128,46.1400,135.6300,0.3400,2.3700,0.017474
p25,18,1.00,200,81.3100,142.1500,0.5700,7.4100,0.052128
p25,19,0.10,1,0.4100,5.4500,0.0700,0.4000,0.073394
p25,19,0.10,2,0.3700,7.3500,0.0500,0.3700,0.050340
p25,19,0.10,4,0.5500,11.8100,0.0500,0.5300,0.044877
p25,19,0.10,8,1.0900,24.2700,0.0500,1.0800,0.044499
p25,19,0.10,16,1.5000,26.6300,0.0600,1.0500,0.039429
p25,19,0.10,32,2.3600,36.9900,0.0600,1.3000,0.035145
p25,19,0.10,64,3.9700,33.7600,0.1200,1.2900,0.038211
p25,19,0.10,128,12.6100,68.5800,0.1800,3.4300,0.050015
p25,19,0.10,200,22.4600,85.2900,0.2600,7.8000,0.091453
p25,19,0.50,1,0.4100,12.1800,0.0300,0.4000,0.032841
p25,19,0.50,2,0.3800,16.4200,0.0200,0.3700,0.022533
p25,19,0.50,4,0.5900,25.1900,0.0200,0.5300,0.021040
p25,19,0.50,8,1.2200,53.4500,0.0200,1.0800,0.020206
p25,19,0.50,16,5.2900,60.2500,0.0900,1.0500,0.017427
p25,19,0.50,32,9.8900,79.6200,0.1200,1.3000,0.016328
p25,19,0.50,64,14.4800,78.9700,0.1800,1.2900,0.016335
p25,19,0.50,128,26.7100,101.9200,0.2600,3.4300,0.033654
p25,19,0.50,200,56.7900,123.4200,0.4600,7.8000,0.063199
p25,19,1.00,1,0.4200,17.2300,0.0200,0.4000,0.023215
p25,19,1.00,2,0.4000,23.1900,0.0200,0.3700,0.015955
p25,19,1.00,4,0.6400,35.4300,0.0200,0.5300,0.014959
p25,19,1.00,8,1.3900,75.6000,0.0200,1.0800,0.014286
p25,19,1.00,16,7.5100,86.0500,0.0900,1.0500,0.012202
p25,19,1.00,32,10.7700,113.5200,0.0900,1.3000,0.011452
p25,19,1.00,64,28.6300,117.4800,0.2400,1.2900,0.010981
p25,19,1.00,128,52.8000,134.7400,0.3900,3.4300,0.025456
p25,19,1.00,200,74.6700,139.3400,0.5400,7.8000,0.055978
p50,0,0.10,1,0.5200,12.2900,0.0400,0.5200,0.042311
p50,0,0.10,2,0.7500,16.5100,0.0500,0.7200,0.043610
p50,0,0.10,4,1.4700,21.6000,0.0700,1.4300,0.066204
p50,0,0.10,8,2.9200,30.4800,0.1000,2.8200,0.092520
p50,0,0.10,16,10.6600,40.7500,0.2600,7.2300,0.177423
p50,0,0.10,32,28.5000,78.6900,0.3600,10.0200,0.127335
p50,0,0.10,64,35.6700,79.5100,0.4500,10.1500,0.127657
p50,0,0.10,128,67.8300,113.0300,0.6000,21.4200,0.189507
p50,0,0.10,200,88.9800,126.7400,0.7000,32.0200,0.252643
p50,0,0.50,1,0.5500,27.4700,0.0200,0.5200,0.018930
p50,0,0.50,2,0.8200,36.9500,0.0200,0.7200,0.019486
p50,0,0.50,4,1.6500,48.8300,0.0300,1.4300,0.029285
p50,0,0.50,8,3.2700,69.7300,0.0500,2.8200,0.040442
p50,0,0.50,16,9.8100,83.9100,0.1200,7.2300,0.086164
p50,0,0.50,32,30.4000,114.5100,0.2700,10.0200,0.087503
p50,0,0.50,64,55.2300,128.9100,0.4300,10.1500,0.078737
p50,0,0.50,128,94.2400,160.4500,0.5900,21.4200,0.133500
p50,0,0.50,200,125.6500,165.4900,0.7600,32.0200,0.193486
p50,0,1.00,1,0.5700,38.8500,0.0100,0.5200,0.013385
p50,0,1.00,2,0.9000,52.4200,0.0200,0.7200,0.013735
p50,0,1.00,4,1.8800,70.2300,0.0300,1.4300,0.020362
p50,0,1.00,8,3.7100,100.1300,0.0400,2.8200,0.028163
p50,0,1.00,16,11.9600,114.3300,0.1000,7.2300,0.063238
p50,0,1.00,32,32.6100,132.0000,0.2500,10.0200,0.075909
p50,0,1.00,64,58.2900,161.8600,0.3600,10.1500,0.062709
p50,0,1.00,128,122.4000,180.0400,0.6800,21.4200,0.118974
p50,0,1.00,200,156.7900,181.9900,0.8600,32.0200,0.175944
p50,1,0.10,1,0.5000,6.0500,0.0800,0.5300,0.087603
p50,1,0.10,2,0.7700,11.0700,0.0700,0.8400,0.075881
p50,1,0.10,4,1.1100,17.8000,0.0600,1.1400,0.064045
p50,1,0.10,8,1.4300,21.9000,0.0700,1.3200,0.060274
p50,1,0.10,16,3.5300,25.3900,0.1400,2.0400,0.080347
p50,1,0.10,32,5.5100,34.3700,0.1600,3.3500,0.097469
p50,1,0.10,64,7.5900,30.5400,0.2500,3.6300,0.118861
p50,1,0.10,128,25.0000,54.8300,0.4600,7.6400,0.139340
p50,1,0.10,200,35.6100,62.7300,0.5700,4.5600,0.072692
p50,1,0.50,1,0.5100,13.5300,0.0400,0.5300,0.039172
p50,1,0.50,2,0.8300,24.1100,0.0300,0.8400,0.034840
p50,1,0.50,4,1.2600,37.5600,0.0300,1.1400,0.030351
p50,1,0.50,8,1.8800,47.7700,0.0400,1.3200,0.027632
p50,1,0.50,16,5.3100,52.9400,0.1000,2.0400,0.038534
p50,1,0.50,32,8.1800,67.5700,0.1200,3.3500,0.049578
p50,1,0.50,64,13.2500,60.1100,0.2200,3.6300,0.060389
p50,1,0.50,128,32.9300,87.9300,0.3700,7.6400,0.086887
p50,1,0.50,200,55.5900,88.7900,0.6300,4.5600,0.051357
p50,1,1.00,1,0.5200,19.1400,0.0300,0.5300,0.027691
p50,1,1.00,2,0.8900,33.4900,0.0300,0.8400,0.025082
p50,1,1.00,4,1.4200,51.4400,0.0300,1.1400,0.022162
p50,1,1.00,8,2.3900,68.1300,0.0400,1.3200,0.019375
p50,1,1.00,16,6.3700,77.2600,0.0800,2.0400,0.026404
p50,1,1.00,32,15.4500,87.3200,0.1800,3.3500,0.038365
p50,1,1.00,64,22.5400,82.0500,0.2700,3.6300,0.044241
p50,1,1.00,128,50.0400,108.9700,0.4600,7.6400,0.070111
p50,1,1.00,200,76.4000,123.0000,0.6200,4.5600,0.037073
p50,2,0.10,1,0.6000,5.0800,0.1200,0.6000,0.118110
p50,2,0.10,2,0.8400,7.8200,0.1100,0.8300,0.106138
p50,2,0.10,4,1.7400,11.9400,0.1500,1.7300,0.144891
p50,2,0.10,8,1.9500,19.4800,0.1000,1.8900,0.097023
p50,2,0.10,16,5.9600,33.5600,0.1800,3.5100,0.104589
p50,2,0.10,32,8.2900,45.6300,0.1800,2.7600,0.060487
p50,2,0.10,64,11.2700,49.3300,0.2300,3.6800,0.074600
p50,2,0.10,128,25.8700,74.0900,0.3500,7.0300,0.094885
p50,2,0.10,200,40.7000,91.0200,0.4500,11.2800,0.123929
p50,2,0.50,1,0.6200,11.3500,0.0500,0.6000,0.052863
p50,2,0.50,2,0.8700,17.4900,0.0500,0.8300,0.047456
p50,2,0.50,4,1.8100,26.8100,0.0700,1.7300,0.064528
p50,2,0.50,8,2.1900,44.4800,0.0500,1.8900,0.042491
p50,2,0.50,16,8.9900,57.0400,0.1600,3.5100,0.061536
p50,2,0.50,32,12.1800,75.6800,0.1600,2.7600,0.036469
p50,2,0.50,64,16.4900,70.9000,0.2300,3.6800,0.051904
p50,2,0.50,128,41.5700,87.9600,0.4700,7.0300,0.079923
p50,2,0.50,200,63.7700,106.0100,0.6000,11.2800,0.106405
p50,2,1.00,1,0.6500,16.0500,0.0400,0.6000,0.037383
p50,2,1.00,2,0.9200,24.7400,0.0400,0.8300,0.033549
p50,2,1.00,4,1.9000,38.1500,0.0500,1.7300,0.045347
p50,2,1.00,8,2.5600,64.5500,0.0400,1.8900,0.029280
p50,2,1.00,16,8.0600,81.2200,0.1000,3.5100,0.043216
p50,2,1.00,32,21.4900,105.0700,0.2000,2.7600,0.026268
p50,2,1.00,64,34.3000,107.2300,0.3200,3.6800,0.034319
p50,2,1.00,128,73.2000,127.8600,0.5700,7.0300,0.054982
p50,2,1.00,200,109.3000,147.0900,0.7400,11.2800,0.076688
p50,3,0.10,1,0.5300,6.4100,0.0800,0.5200,0.081123
p50,3,0.10,2,0.6000,11.2900,0.0500,0.5900,0.052259
p50,3,0.10,4,0.9300,21.9300,0.0400,0.8900,0.040584
p50,3,0.10,8,1.1800,26.5400,0.0400,1.0500,0.039563
p50,3,0.10,16,4.2300,26.3900,0.1600,3.0700,0.116332
p50,3,0.10,32,6.5800,37.0800,0.1800,3.1100,0.083873
p50,3,0.10,64,8.0300,34.1100,0.2400,2.5500,0.074758
p50,3,0.10,128,19.7600,58.8600,0.3400,5.7000,0.096840
p50,3,0.10,200,33.1800,71.2600,0.4700,4.3900,0.061605
p50,3,0.50,1,0.5400,14.3400,0.0400,0.5200,0.036262
p50,3,0.50,2,0.6400,23.8400,0.0300,0.5900,0.024748
p50,3,0.50,4,1.7000,42.3500,0.0400,0.8900,0.021015
p50,3,0.50,8,3.4700,54.7800,0.0600,1.0500,0.019168
p50,3,0.50,16,5.7900,56.3300,0.1000,3.0700,0.054500
p50,3,0.50,32,10.8000,68.2400,0.1600,3.1100,0.045574
p50,3,0.50,64,15.3400,61.8900,0.2500,2.5500,0.041202
p50,3,0.50,128,31.3500,87.0800,0.3600,5.7000,0.065457
p50,3,0.50,200,47.8900,101.6900,0.4700,4.3900,0.043170
p50,3,1.00,1,0.5500,20.2800,0.0300,0.5200,0.025641
p50,3,1.00,2,0.6900,33.3600,0.0200,0.5900,0.017686
p50,3,1.00,4,1.9600,57.5500,0.0300,0.8900,0.015465
p50,3,1.00,8,3.5500,77.8800,0.0500,1.0500,0.013482
p50,3,1.00,16,6.9300,82.9800,0.0800,3.0700,0.036997
p50,3,1.00,32,12.7700,97.7100,0.1300,3.1100,0.031829
p50,3,1.00,64,23.5400,97.6100,0.2400,2.5500,0.026124
p50,3,1.00,128,50.3400,129.2800,0.3900,5.7000,0.044090
p50,3,1.00,200,95.0600,137.0200,0.6900,4.3900,0.032039
p50,4,0.10,1,0.4000,3.8700,0.1000,0.4000,0.103359
p50,4,0.10,2,0.5800,6.5900,0.0900,0.5800,0.088012
p50,4,0.10,4,0.9500,10.7900,0.0900,0.9500,0.088044
p50,4,0.10,8,1.9800,17.3500,0.1100,1.9500,0.112392
p50,4,0.10,16,4.2600,31.1400,0.1400,3.9300,0.126204
p50,4,0.10,32,8.9600,47.7300,0.1900,3.5200,0.073748
p50,4,0.10,64,11.7200,49.6300,0.2400,4.5000,0.090671
p50,4,0.10,128,30.8700,76.3300,0.4000,6.5400,0.085681
p50,4,0.10,200,50.0400,82.1800,0.6100,7.0000,0.085179
p50,4,0.50,1,0.4100,8.6600,0.0500,0.4000,0.046189
p50,4,0.50,2,0.5900,14.7400,0.0400,0.5800,0.039349
p50,4,0.50,4,0.9800,24.2500,0.0400,0.9500,0.039175
p50,4,0.50,8,2.1200,39.4600,0.0500,1.9500,0.049417
p50,4,0.50,16,5.9100,50.9600,0.1200,3.9300,0.077119
p50,4,0.50,32,11.2100,67.6000,0.1700,3.5200,0.052071
p50,4,0.50,64,16.1900,65.4200,0.2500,4.5000,0.068786
p50,4,0.50,128,38.0700,87.9400,0.4300,6.5400,0.074369
p50,4,0.50,200,63.6300,103.6000,0.6100,7.0000,0.067568
p50,4,1.00,1,0.4100,12.2500,0.0300,0.4000,0.032653
p50,4,1.00,2,0.6100,20.8600,0.0300,0.5800,0.027804
p50,4,1.00,4,1.0200,34.5400,0.0300,0.9500,0.027504
p50,4,1.00,8,2.3100,57.1300,0.0400,1.9500,0.034133
p50,4,1.00,16,10.4600,73.2900,0.1400,3.9300,0.053623
p50,4,1.00,32,16.0000,93.2100,0.1700,3.5200,0.037764
p50,4,1.00,64,28.3800,92.2400,0.3100,4.5000,0.048786
p50,4,1.00,128,59.1700,107.9100,0.5500,6.5400,0.060606
p50,4,1.00,200,89.0700,129.3100,0.6900,7.0000,0.054133
p50,5,0.10,1,0.5500,6.2200,0.0900,0.5500,0.088424
p50,5,0.10,2,0.5800,9.8200,0.0600,0.5700,0.058045
p50,5,0.10,4,1.0700,16.6300,0.0600,1.0500,0.063139
p50,5,0.10,8,1.3400,20.8600,0.0600,1.2800,0.061361
p50,5,0.10,16,3.5400,24.3800,0.1500,2.5400,0.104184
p50,5,0.10,32,4.9600,36.9800,0.1300,2.5100,0.067875
p50,5,0.10,64,8.3500,31.7800,0.2600,3.7200,0.117055
p50,5,0.10,128,23.9300,54.1400,0.4400,12.2300,0.225896
p50,5,0.10,200,35.6200,51.6800,0.6900,8.7000,0.168344
p50,5,0.50,1,0.5700,13.9200,0.0400,0.5500,0.039511
p50,5,0.50,2,0.6200,21.9700,0.0300,0.5700,0.025944
p50,5,0.50,4,1.1400,36.1000,0.0300,1.0500,0.029086
p50,5,0.50,8,1.5600,46.5300,0.0300,1.2800,0.027509
p50,5,0.50,16,5.2500,48.3500,0.1100,2.5400,0.052534
p50,5,0.50,32,10.1100,60.7300,0.1700,2.5100,0.041330
p50,5,0.50,64,12.2700,53.4600,0.2300,3.7200,0.069585
p50,5,0.50,128,29.2500,76.3000,0.3800,12.2300,0.160288
p50,5,0.50,200,42.4700,77.9500,0.5400,8.7000,0.111610
p50,5,1.00,1,0.5900,19.6800,0.0300,0.5500,0.027947
p50,5,1.00,2,0.6700,31.1100,0.0200,0.5700,0.018322
p50,5,1.00,4,1.2300,52.0700,0.0200,1.0500,0.020165
p50,5,1.00,8,1.9100,68.1300,0.0300,1.2800,0.018788
p50,5,1.00,16,5.9700,73.3700,0.0800,2.5400,0.034619
p50,5,1.00,32,17.0800,91.4000,0.1900,2.5100,0.027462
p50,5,1.00,64,22.9700,90.7300,0.2500,3.7200,0.041001
p50,5,1.00,128,58.1700,110.7700,0.5300,12.2300,0.110409
p50,5,1.00,200,89.3300,117.9700,0.7600,8.7000,0.073748
p50,6,0.10,1,0.5700,25.9100,0.0200,0.7000,0.027017
p50,6,0.10,2,0.8800,44.2800,0.0200,0.9900,0.022358
p50,6,0.10,4,1.5500,70.2900,0.0200,1.5700,0.022336
p50,6,0.10,8,4.5600,75.8500,0.0600,1.9600,0.025840
p50,6,0.10,16,12.5100,87.3400,0.1400,3.0700,0.035150
p50,6,0.10,32,25.4800,112.2900,0.2300,7.8300,0.069730
p50,6,0.10,64,42.2300,145.3800,0.2900,12.6300,0.086876
p50,6,0.10,128,95.6000,191.9200,0.5000,33.0300,0.172103
p50,6,0.10,200,163.6300,206.6300,0.7900,87.1700,0.421865
p50,6,0.50,1,0.7200,47.6600,0.0200,0.7000,0.014687
p50,6,0.50,2,1.1700,82.0300,0.0100,0.9900,0.012069
p50,6,0.50,4,1.9600,114.9600,0.0200,1.5700,0.013657
p50,6,0.50,8,4.5600,114.3500,0.0400,1.9600,0.017140
p50,6,0.50,16,13.3200,125.4500,0.1100,3.0700,0.024472
p50,6,0.50,32,24.7800,137.8700,0.1800,7.8300,0.056793
p50,6,0.50,64,41.8700,148.2100,0.2800,12.6300,0.085217
p50,6,0.50,128,105.6800,179.3300,0.5900,33.0300,0.184186
p50,6,0.50,200,154.1600,188.0000,0.8200,87.1700,0.463670
p50,6,1.00,1,0.8700,64.6900,0.0100,0.7000,0.010821
p50,6,1.00,2,1.4200,110.4500,0.0100,0.9900,0.008963
p50,6,1.00,4,2.3200,143.2900,0.0200,1.5700,0.010957
p50,6,1.00,8,3.6800,137.5100,0.0300,1.9600,0.014254
p50,6,1.00,16,12.5500,137.8000,0.0900,3.0700,0.022279
p50,6,1.00,32,20.7300,142.7800,0.1500,7.8300,0.054840
p50,6,1.00,64,41.6100,156.1000,0.2700,12.6300,0.080910
p50,6,1.00,128,93.4300,185.4100,0.5000,33.0300,0.178146
p50,6,1.00,200,141.4900,196.7400,0.7200,87.1700,0.443072
p50,7,0.10,1,0.4800,6.2700,0.0800,0.4700,0.074960
p50,7,0.10,2,0.6800,9.6300,0.0700,0.6600,0.068536
p50,7,0.10,4,1.3500,15.0900,0.0900,1.3200,0.087475
p50,7,0.10,8,1.4000,19.9700,0.0700,1.3100,0.065598
p50,7,0.10,16,3.1300,25.8200,0.1200,1.7600,0.068164
p50,7,0.10,32,7.1300,40.7400,0.1800,2.6900,0.066028
p50,7,0.10,64,8.2600,37.3400,0.2200,3.2100,0.085967
p50,7,0.10,128,22.2900,60.3800,0.3700,6.7500,0.111792
p50,7,0.10,200,32.3300,71.0800,0.4500,4.6600,0.065560
p50,7,0.50,1,0.4900,14.0200,0.0400,0.4700,0.033524
p50,7,0.50,2,0.7400,21.5500,0.0300,0.6600,0.030626
p50,7,0.50,4,1.4600,33.4600,0.0400,1.3200,0.039450
p50,7,0.50,8,1.7300,45.0700,0.0400,1.3100,0.029066
p50,7,0.50,16,3.4100,50.1900,0.0700,1.7600,0.035067
p50,7,0.50,32,8.2000,65.5600,0.1300,2.6900,0.041031
p50,7,0.50,64,12.3600,57.0200,0.2200,3.2100,0.056296
p50,7,0.50,128,34.2900,80.4800,0.4300,6.7500,0.083872
p50,7,0.50,200,57.1300,92.0000,0.6200,4.6600,0.050652
p50,7,1.00,1,0.5200,19.8300,0.0300,0.4700,0.023701
p50,7,1.00,2,0.8200,30.5100,0.0300,0.6600,0.021632
p50,7,1.00,4,1.5900,47.5100,0.0300,1.3200,0.027784
p50,7,1.00,8,2.1800,64.9800,0.0300,1.3100,0.020160
p50,7,1.00,16,4.3400,72.8900,0.0600,1.7600,0.024146
p50,7,1.00,32,15.1200,94.1400,0.1600,2.6900,0.028574
p50,7,1.00,64,24.7200,91.1400,0.2700,3.2100,0.035221
p50,7,1.00,128,53.0800,107.5300,0.4900,6.7500,0.062773
p50,7,1.00,200,88.8200,129.2100,0.6900,4.6600,0.036065
p50,8,0.10,1,0.7700,17.2000,0.0400,0.7600,0.044186
p50,8,0.10,2,1.0000,33.3400,0.0300,0.9100,0.027295
p50,8,0.10,4,1.7200,59.8500,0.0300,1.4400,0.024060
p50,8,0.10,8,3.2600,87.1500,0.0400,1.9800,0.022719
p50,8,0.10,16,6.1100,111.7000,0.0500,3.4800,0.031155
p50,8,0.10,32,13.9800,141.8100,0.1000,7.5900,0.053522
p50,8,0.10,64,32.8400,171.1800,0.1900,19.4200,0.113448
p50,8,0.10,128,93.2600,186.2800,0.5000,36.1400,0.194009
p50,8,0.10,200,157.5600,192.8000,0.8200,222.6000,1.154564
p50,8,0.50,1,0.8600,38.4600,0.0200,0.7600,0.019761
p50,8,0.50,2,1.2900,73.4300,0.0200,0.9100,0.012393
p50,8,0.50,4,2.5700,122.8700,0.0200,1.4400,0.011720
p50,8,0.50,8,4.2900,148.3000,0.0300,1.9800,0.013351
p50,8,0.50,16,9.5100,160.5200,0.0600,3.4800,0.021680
p50,8,0.50,32,22.8700,163.0800,0.1400,7.5900,0.046542
p50,8,0.50,64,43.2900,182.6600,0.2400,19.4200,0.106318
p50,8,0.50,128,97.8500,189.4200,0.5200,36.1400,0.190793
p50,8,0.50,200,155.0600,191.2100,0.8100,222.6000,1.164165
p50,8,1.00,1,0.9500,54.3900,0.0200,0.7600,0.013973
p50,8,1.00,2,1.5400,102.0800,0.0200,0.9100,0.008915
p50,8,1.00,4,2.6200,162.6900,0.0200,1.4400,0.008851
p50,8,1.00,8,6.1300,172.6800,0.0400,1.9800,0.011466
p50,8,1.00,16,15.5300,171.7700,0.0900,3.4800,0.020260
p50,8,1.00,32,26.7600,172.7500,0.1500,7.5900,0.043936
p50,8,1.00,64,51.3600,187.7500,0.2700,19.4200,0.103435
p50,8,1.00,128,105.0000,187.5500,0.5600,36.1400,0.192695
p50,8,1.00,200,156.5400,186.9700,0.8400,222.6000,1.190565
p50,9,0.10,1,0.4000,4.7300,0.0800,0.4100,0.086681
p50,9,0.10,2,0.6800,8.7400,0.0800,0.7300,0.083524
p50,9,0.10,4,2.4700,18.2600,0.1400,1.3200,0.072289
p50,9,0.10,8,2.6000,22.5200,0.1200,1.3800,0.061279
p50,9,0.10,16,4.8400,25.2400,0.1900,2.2600,0.089540
p50,9,0.10,32,6.0700,34.0700,0.1800,3.0900,0.090696
p50,9,0.10,64,6.9800,28.1200,0.2500,2.7100,0.096373
p50,9,0.10,128,22.2900,53.6200,0.4200,7.8400,0.146214
p50,9,0.10,200,32.1200,59.8500,0.5400,3.7700,0.062991
p50,9,0.50,1,0.4100,10.5900,0.0400,0.4100,0.038716
p50,9,0.50,2,0.7200,18.7400,0.0400,0.7300,0.038954
p50,9,0.50,4,3.3300,34.9900,0.1000,1.3200,0.037725
p50,9,0.50,8,4.1900,45.5100,0.0900,1.3800,0.030323
p50,9,0.50,16,5.4700,50.9200,0.1100,2.2600,0.044383
p50,9,0.50,32,10.8900,64.1300,0.1700,3.0900,0.048183
p50,9,0.50,64,13.8600,54.3400,0.2600,2.7100,0.049871
p50,9,0.50,128,27.0200,86.9000,0.3100,7.8400,0.090219
p50,9,0.50,200,44.3600,82.5900,0.5400,3.7700,0.045647
p50,9,1.00,1,0.4200,14.9700,0.0300,0.4100,0.027388
p50,9,1.00,2,0.7700,26.2300,0.0300,0.7300,0.027831
p50,9,1.00,4,3.6600,47.8200,0.0800,1.3200,0.027604
p50,9,1.00,8,4.6500,63.6000,0.0700,1.3800,0.021698
p50,9,1.00,16,7.8900,70.2300,0.1100,2.2600,0.032180
p50,9,1.00,32,15.9500,80.8000,0.2000,3.0900,0.038243
p50,9,1.00,64,21.5600,73.0500,0.3000,2.7100,0.037098
p50,9,1.00,128,45.3500,108.5800,0.4200,7.8400,0.072205
p50,9,1.00,200,75.5300,118.1900,0.6400,3.7700,0.031898
p50,10,0.10,1,0.3500,4.1900,0.0800,0.3500,0.083532
p50,10,0.10,2,0.6900,7.0600,0.1000,0.7000,0.099150
p50,10,0.10,4,1.5900,11.2900,0.1400,1.5900,0.140833
p50,10,0.10,8,2.2700,18.2200,0.1200,2.1500,0.118002
p50,10,0.10,16,6.9000,30.2100,0.2300,3.5400,0.117180
p50,10,0.10,32,10.8600,47.2700,0.2300,4.0300,0.085255
p50,10,0.10,64,14.8100,51.6600,0.2900,3.8000,0.073558
p50,10,0.10,128,33.8500,73.5500,0.4600,6.2600,0.085112
p50,10,0.10,200,49.5000,87.4500,0.5700,6.3500,0.072613
p50,10,0.50,1,0.3600,9.3600,0.0400,0.3500,0.037393
p50,10,0.50,2,0.7000,15.7800,0.0400,0.7000,0.044360
p50,10,0.50,4,1.6000,25.3700,0.0600,1.5900,0.062672
p50,10,0.50,8,2.6500,41.4000,0.0600,2.1500,0.051932
p50,10,0.50,16,7.4500,51.8200,0.1400,3.5400,0.068313
p50,10,0.50,32,10.7000,70.0800,0.1500,4.0300,0.057506
p50,10,0.50,64,15.9000,69.6100,0.2300,3.8000,0.054590
p50,10,0.50,128,39.1700,91.1200,0.4300,6.2600,0.068701
p50,10,0.50,200,62.8700,99.0600,0.6300,6.3500,0.064103
p50,10,1.00,1,0.3600,13.2400,0.0300,0.3500,0.026435
p50,10,1.00,2,0.7200,22.3200,0.0300,0.7000,0.031362
p50,10,1.00,4,1.6300,36.1200,0.0500,1.5900,0.044020
p50,10,1.00,8,3.1600,59.8800,0.0500,2.1500,0.035905
p50,10,1.00,16,12.6300,77.7800,0.1600,3.5400,0.045513
p50,10,1.00,32,23.7400,98.7800,0.2400,4.0300,0.040798
p50,10,1.00,64,40.1900,103.4500,0.3900,3.8000,0.036733
p50,10,1.00,128,81.0800,124.4700,0.6500,6.2600,0.050293
p50,10,1.00,200,106.8100,135.5400,0.7900,6.3500,0.046850
p50,11,0.10,1,3.5100,39.5700,0.0900,1.0900,0.027546
p50,11,0.10,2,7.1900,67.1500,0.1100,2.9200,0.043485
p50,11,0.10,4,11.2400,89.4200,0.1300,5.1000,0.057034
p50,11,0.10,8,16.7900,119.3200,0.1400,7.1400,0.059839
p50,11,0.10,16,17.2900,98.7300,0.1800,8.2600,0.083663
p50,11,0.10,32,23.3200,98.7300,0.2400,8.8300,0.089436
p50,11,0.10,64,38.3400,120.4700,0.3200,11.6400,0.096622
p50,11,0.10,128,100.3700,179.5500,0.5600,82.7700,0.460986
p50,11,0.10,200,157.0700,196.6400,0.8000,154.1000,0.783666
p50,11,0.50,1,3.5200,45.3300,0.0800,1.0900,0.024046
p50,11,0.50,2,7.1500,78.0500,0.0900,2.9200,0.037412
p50,11,0.50,4,13.4000,113.1800,0.1200,5.1000,0.045061
p50,11,0.50,8,22.8400,160.1000,0.1400,7.1400,0.044597
p50,11,0.50,16,28.6800,140.6900,0.2000,8.2600,0.058711
p50,11,0.50,32,42.9900,135.1800,0.3200,8.8300,0.065320
p50,11,0.50,64,63.1700,151.7600,0.4200,11.6400,0.076700
p50,11,0.50,128,127.7800,175.7700,0.7300,82.7700,0.470899
p50,11,0.50,200,168.1700,187.5400,0.9000,154.1000,0.821691
p50,11,1.00,1,3.5300,49.7300,0.0700,1.0900,0.021918
p50,11,1.00,2,7.1400,82.5400,0.0900,2.9200,0.035377
p50,11,1.00,4,13.0000,123.8500,0.1000,5.1000,0.041179
p50,11,1.00,8,27.5000,192.9100,0.1400,7.1400,0.037012
p50,11,1.00,16,29.6600,163.3400,0.1800,8.2600,0.050569
p50,11,1.00,32,38.8900,147.9700,0.2600,8.8300,0.059674
p50,11,1.00,64,59.6100,158.9700,0.3800,11.6400,0.073221
p50,11,1.00,128,117.8400,178.6700,0.6600,82.7700,0.463256
p50,11,1.00,200,158.2800,190.2000,0.8300,154.1000,0.810200
p50,12,0.10,1,0.5500,6.2700,0.0900,0.5400,0.086124
p50,12,0.10,2,0.9100,9.1500,0.1000,0.9100,0.099454
p50,12,0.10,4,1.7300,12.3900,0.1400,1.7300,0.139629
p50,12,0.10,8,1.9400,19.6300,0.1000,1.8900,0.096281
p50,12,0.10,16,8.5900,38.1000,0.2300,4.4300,0.116273
p50,12,0.10,32,14.0000,50.7600,0.2800,6.6300,0.130615
p50,12,0.10,64,17.2800,51.8300,0.3300,6.8900,0.132935
p50,12,0.10,128,33.9900,73.5400,0.4600,11.6100,0.157873
p50,12,0.10,200,49.8900,89.1200,0.5600,5.4600,0.061266
p50,12,0.50,1,0.5700,14.0100,0.0400,0.5400,0.038544
p50,12,0.50,2,0.9600,20.4700,0.0500,0.9100,0.044455
p50,12,0.50,4,1.7800,27.8100,0.0600,1.7300,0.062208
p50,12,0.50,8,2.1600,45.0800,0.0500,1.8900,0.041925
p50,12,0.50,16,9.9500,60.9600,0.1600,4.4300,0.072671
p50,12,0.50,32,18.9400,82.4600,0.2300,6.6300,0.080403
p50,12,0.50,64,26.1000,78.7300,0.3300,6.8900,0.087514
p50,12,0.50,128,50.3600,94.3200,0.5300,11.6100,0.123092
p50,12,0.50,200,74.1600,105.3200,0.7000,5.4600,0.051842
p50,12,1.00,1,0.5900,19.8200,0.0300,0.5400,0.027245
p50,12,1.00,2,1.0100,28.9700,0.0300,0.9100,0.031412
p50,12,1.00,4,1.8500,39.5900,0.0500,1.7300,0.043698
p50,12,1.00,8,2.4700,65.9100,0.0400,1.8900,0.028675
p50,12,1.00,16,11.5200,84.4000,0.1400,4.4300,0.052488
p50,12,1.00,32,29.0500,111.1600,0.2600,6.6300,0.059644
p50,12,1.00,64,45.8100,117.9900,0.3900,6.8900,0.058395
p50,12,1.00,128,95.3000,136.1200,0.7000,11.6100,0.085292
p50,12,1.00,200,120.7600,149.8400,0.8100,5.4600,0.036439
p50,13,0.10,1,0.5200,4.2300,0.1200,0.5200,0.122931
p50,13,0.10,2,0.5800,7.7300,0.0700,0.5800,0.075032
p50,13,0.10,4,1.4100,12.2300,0.1200,1.4000,0.114473
p50,13,0.10,8,1.5800,17.1200,0.0900,1.5000,0.087617
p50,13,0.10,16,5.6700,27.9600,0.2000,2.6000,0.092990
p50,13,0.10,32,7.7900,42.1000,0.1800,3.0700,0.072922
p50,13,0.10,64,10.4700,42.9100,0.2400,2.5500,0.059427
p50,13,0.10,128,29.2600,62.5800,0.4700,6.9900,0.111697
p50,13,0.10,200,48.0200,82.8500,0.5800,4.4600,0.053832
p50,13,0.50,1,0.5200,9.4600,0.0600,0.5200,0.054968
p50,13,0.50,2,0.6000,17.3000,0.0300,0.5800,0.033526
p50,13,0.50,4,1.4700,27.4800,0.0500,1.4000,0.050946
p50,13,0.50,8,1.8700,38.8600,0.0500,1.5000,0.038600
p50,13,0.50,16,4.5900,48.4500,0.0900,2.6000,0.053664
p50,13,0.50,32,7.1600,68.7700,0.1000,3.0700,0.044642
p50,13,0.50,64,9.5200,63.3900,0.1500,2.5500,0.040227
p50,13,0.50,128,34.4800,85.0000,0.4100,6.9900,0.082235
p50,13,0.50,200,58.6800,91.7400,0.6400,4.4600,0.048616
p50,13,1.00,1,0.5300,13.3700,0.0400,0.5200,0.038893
p50,13,1.00,2,0.6300,24.4900,0.0300,0.5800,0.023683
p50,13,1.00,4,1.5400,39.1200,0.0400,1.4000,0.035787
p50,13,1.00,8,2.2500,56.2300,0.0400,1.5000,0.026676
p50,13,1.00,16,4.8400,67.6700,0.0700,2.6000,0.038422
p50,13,1.00,32,11.5600,85.1400,0.1400,3.0700,0.036058
p50,13,1.00,64,18.2300,80.5700,0.2300,2.5500,0.031649
p50,13,1.00,128,46.8800,107.3600,0.4400,6.9900,0.065108
p50,13,1.00,200,82.3500,124.1600,0.6600,4.4600,0.035921
p50,14,0.10,1,0.5200,6.6700,0.0800,0.5500,0.082459
p50,14,0.10,2,0.6500,11.7200,0.0600,0.6900,0.058874
p50,14,0.10,4,0.9600,18.1200,0.0500,0.9900,0.054636
p50,14,0.10,8,1.4700,22.0000,0.0700,1.4000,0.063636
p50,14,0.10,16,3.8200,24.8200,0.1500,2.4200,0.097502
p50,14,0.10,32,6.6200,37.3200,0.1800,4.2700,0.114416
p50,14,0.10,64,7.6100,32.1900,0.2400,3.7800,0.117428
p50,14,0.10,128,20.5300,58.4500,0.3500,7.7500,0.132592
p50,14,0.10,200,34.2700,66.8300,0.5100,3.9500,0.059105
p50,14,0.50,1,0.5400,14.9100,0.0400,0.5500,0.036888
p50,14,0.50,2,0.7100,26.0900,0.0300,0.6900,0.026447
p50,14,0.50,4,1.0500,39.3400,0.0300,0.9900,0.025165
p50,14,0.50,8,1.7700,48.5800,0.0400,1.4000,0.028818
p50,14,0.50,16,3.5900,53.0400,0.0700,2.4200,0.045626
p50,14,0.50,32,6.3300,68.2300,0.0900,4.2700,0.062582
p50,14,0.50,64,10.3000,58.5600,0.1800,3.7800,0.064549
p50,14,0.50,128,28.8800,87.9500,0.3300,7.7500,0.088118
p50,14,0.50,200,47.5900,91.1600,0.5200,3.9500,0.043330
p50,14,1.00,1,0.5700,21.0900,0.0300,0.5500,0.026079
p50,14,1.00,2,0.7700,36.7200,0.0200,0.6900,0.018791
p50,14,1.00,4,1.1700,54.7700,0.0200,0.9900,0.018076
p50,14,1.00,8,2.2000,69.2700,0.0300,1.4000,0.020211
p50,14,1.00,16,6.2500,77.3100,0.0800,2.4200,0.031303
p50,14,1.00,32,11.4000,87.5600,0.1300,4.2700,0.048767
p50,14,1.00,64,19.7000,82.2400,0.2400,3.7800,0.045963
p50,14,1.00,128,48.1700,109.8200,0.4400,7.7500,0.070570
p50,14,1.00,200,78.6400,124.4600,0.6300,3.9500,0.031737
p50,15,0.10,1,0.5200,7.2700,0.0700,0.5200,0.071527
p50,15,0.10,2,0.5000,10.5700,0.0500,0.4900,0.046358
p50,15,0.10,4,1.3700,13.6800,0.1000,1.3700,0.100146
p50,15,0.10,8,1.9200,20.8300,0.0900,1.8600,0.089294
p50,15,0.10,16,6.1600,41.1000,0.1500,4.5100,0.109732
p50,15,0.10,32,12.8200,52.5100,0.2400,6.2400,0.118835
p50,15,0.10,64,16.6600,57.3900,0.2900,7.3500,0.128071
p50,15,0.10,128,37.8400,86.5700,0.4400,8.7500,0.101074
p50,15,0.10,200,52.7700,96.8000,0.5500,5.8400,0.060331
p50,15,0.50,1,0.5500,16.2500,0.0300,0.5200,0.032000
p50,15,0.50,2,0.5300,23.6400,0.0200,0.4900,0.020728
p50,15,0.50,4,1.4000,30.7400,0.0500,1.3700,0.044567
p50,15,0.50,8,2.1500,47.7900,0.0500,1.8600,0.038920
p50,15,0.50,16,7.4900,63.1400,0.1200,4.5100,0.071429
p50,15,0.50,32,18.3900,83.9600,0.2200,6.2400,0.074321
p50,15,0.50,64,30.1100,90.1200,0.3300,7.3500,0.081558
p50,15,0.50,128,55.4500,112.1200,0.4900,8.7500,0.078041
p50,15,0.50,200,84.4600,123.1200,0.6900,5.8400,0.047433
p50,15,1.00,1,0.5700,22.9800,0.0200,0.5200,0.022628
p50,15,1.00,2,0.5700,33.4900,0.0200,0.4900,0.014631
p50,15,1.00,4,1.4400,43.8500,0.0300,1.3700,0.031243
p50,15,1.00,8,2.4500,69.4500,0.0400,1.8600,0.026782
p50,15,1.00,16,7.0200,86.3300,0.0800,4.5100,0.052241
p50,15,1.00,32,24.1600,120.2700,0.2000,6.2400,0.051883
p50,15,1.00,64,49.1700,133.6700,0.3700,7.3500,0.054986
p50,15,1.00,128,92.5000,150.3600,0.6200,8.7500,0.058194
p50,15,1.00,200,124.7300,159.4500,0.7800,5.8400,0.036626
p50,16,0.10,1,0.8400,16.3300,0.0500,0.8700,0.053276
p50,16,0.10,2,1.4900,42.8700,0.0300,1.7400,0.040588
p50,16,0.10,4,2.5200,64.6000,0.0400,1.9800,0.030650
p50,16,0.10,8,4.2600,80.7100,0.0500,2.4900,0.030851
p50,16,0.10,16,9.5800,90.3300,0.1100,3.7000,0.040961
p50,16,0.10,32,21.2100,115.5600,0.1800,8.5800,0.074247
p50,16,0.10,64,41.1600,144.7700,0.2800,22.1300,0.152863
p50,16,0.10,128,97.2300,181.5900,0.5400,58.9800,0.324798
p50,16,0.10,200,156.8900,201.7000,0.7800,115.6000,0.573128
p50,16,0.50,1,0.8700,30.8000,0.0300,0.8700,0.028247
p50,16,0.50,2,1.5700,71.6100,0.0200,1.7400,0.024298
p50,16,0.50,4,2.9800,114.1900,0.0300,1.9800,0.017340
p50,16,0.50,8,5.4200,127.0800,0.0400,2.4900,0.019594
p50,16,0.50,16,13.4300,133.5000,0.1000,3.7000,0.027715
p50,16,0.50,32,26.8600,144.3400,0.1900,8.5800,0.059443
p50,16,0.50,64,51.6000,159.2400,0.3200,22.1300,0.138973
p50,16,0.50,128,108.1300,197.3200,0.5500,58.9800,0.298905
p50,16,0.50,200,148.5800,200.4700,0.7400,115.6000,0.576645
p50,16,1.00,1,0.9000,42.1700,0.0200,0.8700,0.020631
p50,16,1.00,2,3.1800,94.6900,0.0300,1.7400,0.018376
p50,16,1.00,4,4.8300,147.0400,0.0300,1.9800,0.013466
p50,16,1.00,8,6.5900,159.7500,0.0400,2.4900,0.015587
p50,16,1.00,16,13.9300,154.1200,0.0900,3.7000,0.024007
p50,16,1.00,32,24.4000,151.7300,0.1600,8.5800,0.056548
p50,16,1.00,64,44.7000,160.6200,0.2800,22.1300,0.137779
p50,16,1.00,128,108.8000,178.3500,0.6100,58.9800,0.330698
p50,16,1.00,200,156.6800,197.5000,0.7900,115.6000,0.585316
p50,17,0.10,1,0.4200,6.8400,0.0600,0.4100,0.059942
p50,17,0.10,2,0.7400,10.3600,0.0700,0.7200,0.069498
p50,17,0.10,4,1.0800,16.2200,0.0700,1.0500,0.064735
p50,17,0.10,8,2.1000,19.8600,0.1100,1.5300,0.077039
p50,17,0.10,16,5.3100,24.9700,0.2100,3.4300,0.137365
p50,17,0.10,32,8.2700,39.9000,0.2100,3.2800,0.082206
p50,17,0.10,64,8.9600,38.6400,0.2300,3.0300,0.078416
p50,17,0.10,128,21.3000,59.5300,0.3600,5.0800,0.085335
p50,17,0.10,200,27.8400,66.4300,0.4200,3.6800,0.055397
p50,17,0.50,1,0.4500,15.2900,0.0300,0.4100,0.026815
p50,17,0.50,2,0.7900,23.1600,0.0300,0.7200,0.031088
p50,17,0.50,4,1.1600,35.2000,0.0300,1.0500,0.029830
p50,17,0.50,8,1.8400,43.9000,0.0400,1.5300,0.034852
p50,17,0.50,16,5.9400,46.9800,0.1300,3.4300,0.073010
p50,17,0.50,32,6.8700,62.2400,0.1100,3.2800,0.052699
p50,17,0.50,64,12.2000,54.0100,0.2300,3.0300,0.056101
p50,17,0.50,128,31.6700,78.8700,0.4000,5.0800,0.064410
p50,17,0.50,200,52.0700,94.9400,0.5500,3.6800,0.038761
p50,17,1.00,1,0.4800,21.6300,0.0200,0.4100,0.018955
p50,17,1.00,2,0.8600,32.7700,0.0300,0.7200,0.021971
p50,17,1.00,4,1.2600,50.0500,0.0300,1.0500,0.020979
p50,17,1.00,8,3.0300,64.3800,0.0500,1.5300,0.023765
p50,17,1.00,16,6.7400,71.1000,0.0900,3.4300,0.048242
p50,17,1.00,32,15.0600,89.6500,0.1700,3.2800,0.036587
p50,17,1.00,64,23.9200,89.6000,0.2700,3.0300,0.033817
p50,17,1.00,128,50.1800,110.7000,0.4500,5.0800,0.045890
p50,17,1.00,200,83.4100,123.8200,0.6700,3.6800,0.029721
p50,18,0.10,1,0.6200,7.6800,0.0800,0.6200,0.080729
p50,18,0.10,2,0.6200,11.2300,0.0600,0.6100,0.054319
p50,18,0.10,4,1.2300,14.1800,0.0900,1.2300,0.086742
p50,18,0.10,8,1.6000,21.5500,0.0700,1.5600,0.072390
p50,18,0.10,16,8.6800,40.7700,0.2100,7.1000,0.174148
p50,18,0.10,32,12.1900,49.3000,0.2500,6.0100,0.121907
p50,18,0.10,64,14.4100,50.9800,0.2800,4.7300,0.092781
p50,18,0.10,128,30.9000,77.3800,0.4000,7.2400,0.093564
p50,18,0.10,200,45.3700,87.5400,0.5200,4.2500,0.048549
p50,18,0.50,1,0.6400,17.1700,0.0400,0.6200,0.036109
p50,18,0.50,2,0.6600,25.1100,0.0300,0.6100,0.024293
p50,18,0.50,4,1.2700,31.8200,0.0400,1.2300,0.038655
p50,18,0.50,8,1.7700,49.5000,0.0400,1.5600,0.031515
p50,18,0.50,16,7.7100,62.6100,0.1200,7.1000,0.113400
p50,18,0.50,32,17.8600,84.7000,0.2100,6.0100,0.070956
p50,18,0.50,64,29.4700,89.3500,0.3300,4.7300,0.052938
p50,18,0.50,128,53.9700,107.9800,0.5000,7.2400,0.067049
p50,18,0.50,200,80.3600,119.3200,0.6700,4.2500,0.035619
p50,18,1.00,1,0.6600,24.2800,0.0300,0.6200,0.025535
p50,18,1.00,2,0.7000,37.1900,0.0200,0.6100,0.016402
p50,18,1.00,4,1.3400,47.0200,0.0300,1.2300,0.026159
p50,18,1.00,8,2.0400,73.6400,0.0300,1.5600,0.021184
p50,18,1.00,16,10.6500,89.0000,0.1200,7.1000,0.079775
p50,18,1.00,32,23.9500,114.5200,0.2100,6.0100,0.052480
p50,18,1.00,64,40.1000,125.6700,0.3200,4.7300,0.037638
p50,18,1.00,128,80.3300,148.4900,0.5400,7.2400,0.048757
p50,18,1.00,200,109.5100,154.9100,0.7100,4.2500,0.027435
p50,19,0.10,1,0.5900,6.5000,0.0900,0.5800,0.089231
p50,19,0.10,2,0.6100,8.9800,0.0700,0.5900,0.065702
p50,19,0.10,4,0.9900,12.5600,0.0800,0.9700,0.077229
p50,19,0.10,8,1.9100,21.1300,0.0900,1.8700,0.088500
p50,19,0.10,16,7.8400,42.5000,0.1800,5.3100,0.124941
p50,19,0.10,32,11.9800,49.2300,0.2400,3.9500,0.080236
p50,19,0.10,64,13.8800,52.4300,0.2600,5.8300,0.111196
p50,19,0.10,128,32.7900,72.9500,0.4500,9.4900,0.130089
p50,19,0.10,200,50.0300,86.9200,0.5800,8.1000,0.093189
p50,19,0.50,1,0.6200,14.5400,0.0400,0.5800,0.039890
p50,19,0.50,2,0.6600,20.0700,0.0300,0.5900,0.029397
p50,19,0.50,4,1.0800,28.2000,0.0400,0.9700,0.034397
p50,19,0.50,8,2.1000,48.2500,0.0400,1.8700,0.038756
p50,19,0.50,16,7.9000,63.3200,0.1200,5.3100,0.083860
p50,19,0.50,32,13.2800,79.0600,0.1700,3.9500,0.049962
p50,19,0.50,64,26.9700,85.4100,0.3200,5.8300,0.068259
p50,19,0.50,128,57.6400,111.8500,0.5200,9.4900,0.084846
p50,19,0.50,200,87.2800,135.3800,0.6400,8.1000,0.059832
p50,19,1.00,1,0.6500,20.5600,0.0300,0.5800,0.028210
p50,19,1.00,2,0.7100,28.4200,0.0200,0.5900,0.020760
p50,19,1.00,4,1.1800,40.1500,0.0300,0.9700,0.024159
p50,19,1.00,8,2.3700,69.7500,0.0300,1.8700,0.026810
p50,19,1.00,16,7.1500,87.1600,0.0800,5.3100,0.060922
p50,19,1.00,32,20.8800,119.5800,0.1700,3.9500,0.033032
p50,19,1.00,64,40.4100,129.7400,0.3100,5.8300,0.044936
p50,19,1.00,128,84.6700,151.2700,0.5600,9.4900,0.062736
p50,19,1.00,200,125.2600,159.4300,0.7900,8.1000,0.050806
p75,0,0.10,1,0.9400,3.9700,0.2400,0.9400,0.236776
p75,0,0.10,2,1.9300,6.0800,0.3200,1.9300,0.317434
p75,0,0.10,4,3.1600,8.6500,0.3700,3.1600,0.365318
p75,0,0.10,8,5.1600,16.7700,0.3100,5.1500,0.307096
p75,0,0.10,16,8.9100,30.7100,0.2900,6.2500,0.203517
p75,0,0.10,32,15.3500,41.6900,0.3700,10.5400,0.252818
p75,0,0.10,64,20.6000,44.4700,0.4600,9.5100,0.213852
p75,0,0.10,128,35.3300,62.7300,0.5600,13.4000,0.213614
p75,0,0.10,200,64.4000,90.1600,0.7100,26.3200,0.291925
p75,0,0.50,1,0.9400,8.8900,0.1100,0.9400,0.105737
p75,0,0.50,2,1.9500,13.6000,0.1400,1.9300,0.141912
p75,0,0.50,4,3.1900,19.3700,0.1600,3.1600,0.163139
p75,0,0.50,8,5.3700,37.4900,0.1400,5.1500,0.137370
p75,0,0.50,16,13.1600,51.1900,0.2600,6.2500,0.122094
p75,0,0.50,32,21.1300,62.1000,0.3400,10.5400,0.169726
p75,0,0.50,64,32.7100,69.8500,0.4700,9.5100,0.136149
p75,0,0.50,128,59.4100,85.9500,0.6900,13.4000,0.155905
p75,0,0.50,200,96.4400,110.3000,0.8700,26.3200,0.238622
p75,0,1.00,1,0.9400,12.5700,0.0800,0.9400,0.074781
p75,0,1.00,2,1.9800,19.2800,0.1000,1.9300,0.100104
p75,0,1.00,4,3.2300,27.5000,0.1200,3.1600,0.114909
p75,0,1.00,8,5.6200,54.0900,0.1000,5.1500,0.095212
p75,0,1.00,16,15.4600,69.8700,0.2200,6.2500,0.089452
p75,0,1.00,32,29.2600,87.4700,0.3300,10.5400,0.120498
p75,0,1.00,64,53.0300,95.3300,0.5600,9.5100,0.099759
p75,0,1.00,128,83.9300,108.5800,0.7700,13.4000,0.123411
p75,0,1.00,200,112.3700,124.4100,0.9000,26.3200,0.211559
p75,1,0.10,1,0.8700,3.6200,0.2400,0.8700,0.240331
p75,1,0.10,2,1.3500,4.9800,0.2700,1.3500,0.271084
p75,1,0.10,4,2.1000,6.0200,0.3500,2.1000,0.348837
p75,1,0.10,8,4.3600,17.8600,0.2400,3.0300,0.169653
p75,1,0.10,16,11.9100,29.4600,0.4000,4.2900,0.145621
p75,1,0.10,32,14.6200,39.8500,0.3700,6.4600,0.162108
p75,1,0.10,64,21.9700,45.9400,0.4800,8.1700,0.177841
p75,1,0.10,128,35.3700,62.9700,0.5600,10.9800,0.174369
p75,1,0.10,200,56.2900,85.6200,0.6600,9.1600,0.106984
p75,1,0.50,1,0.8700,8.0900,0.1100,0.8700,0.107540
p75,1,0.50,2,1.3700,11.1300,0.1200,1.3500,0.121294
p75,1,0.50,4,2.1500,13.4600,0.1600,2.1000,0.156018
p75,1,0.50,8,3.6700,26.8900,0.1400,3.0300,0.112681
p75,1,0.50,16,13.0800,40.0500,0.3300,4.2900,0.107116
p75,1,0.50,32,21.0400,55.4600,0.3800,6.4600,0.116480
p75,1,0.50,64,28.4300,59.6800,0.4800,8.1700,0.136897
p75,1,0.50,128,46.2900,74.6300,0.6200,10.9800,0.147126
p75,1,0.50,200,68.1200,96.8300,0.7000,9.1600,0.094599
p75,1,1.00,1,0.8700,11.4500,0.0800,0.8700,0.075983
p75,1,1.00,2,1.3900,15.7500,0.0900,1.3500,0.085714
p75,1,1.00,4,2.2200,19.0600,0.1200,2.1000,0.110178
p75,1,1.00,8,3.1400,32.7300,0.1000,3.0300,0.092576
p75,1,1.00,16,13.0800,49.2200,0.2700,4.2900,0.087160
p75,1,1.00,32,25.0400,67.4600,0.3700,6.4600,0.095760
p75,1,1.00,64,35.5300,70.9100,0.5000,8.1700,0.115216
p75,1,1.00,128,56.7400,89.1600,0.6400,10.9800,0.123149
p75,1,1.00,200,88.7800,105.0200,0.8500,9.1600,0.087221
p75,2,0.10,1,1.0300,2.9800,0.3500,1.0300,0.345638
p75,2,0.10,2,1.5000,4.4400,0.3400,1.4900,0.335586
p75,2,0.10,4,1.9600,6.2400,0.3100,1.9600,0.314103
p75,2,0.10,8,2.9600,8.9900,0.3300,2.9300,0.325918
p75,2,0.10,16,4.4400,20.3000,0.2200,3.7900,0.186700
p75,2,0.10,32,10.0600,30.9400,0.3300,9.6900,0.313187
p75,2,0.10,64,13.8900,40.1500,0.3500,9.4000,0.234122
p75,2,0.10,128,34.8400,70.0700,0.5000,21.8100,0.311260
p75,2,0.10,200,58.1500,90.8500,0.6400,20.0700,0.220914
p75,2,0.50,1,1.0400,6.6700,0.1600,1.0300,0.154423
p75,2,0.50,2,1.5100,9.9200,0.1500,1.4900,0.150202
p75,2,0.50,4,1.9800,13.9400,0.1400,1.9600,0.140603
p75,2,0.50,8,3.7300,20.0200,0.1900,2.9300,0.146354
p75,2,0.50,16,6.3500,36.2100,0.1800,3.7900,0.104667
p75,2,0.50,32,14.1900,56.8300,0.2500,9.6900,0.170509
p75,2,0.50,64,20.1600,62.4100,0.3200,9.4000,0.150617
p75,2,0.50,128,45.0200,91.9500,0.4900,21.8100,0.237194
p75,2,0.50,200,74.0000,112.2100,0.6600,20.0700,0.178861
p75,2,1.00,1,1.0500,9.4300,0.1100,1.0300,0.109226
p75,2,1.00,2,1.5200,14.0300,0.1100,1.4900,0.106201
p75,2,1.00,4,2.0100,19.7300,0.1000,1.9600,0.099341
p75,2,1.00,8,3.1100,28.5700,0.1100,2.9300,0.102555
p75,2,1.00,16,6.7100,49.5900,0.1400,3.7900,0.076427
p75,2,1.00,32,20.9600,80.2800,0.2600,9.6900,0.120703
p75,2,1.00,64,36.9300,86.7700,0.4300,9.4000,0.108332
p75,2,1.00,128,59.5500,101.7000,0.5900,21.8100,0.214454
p75,2,1.00,200,99.6200,130.8200,0.7600,20.0700,0.153417
p75,3,0.10,1,0.6900,3.8900,0.1800,0.6900,0.177378
p75,3,0.10,2,1.0600,5.8400,0.1800,1.0500,0.179795
p75,3,0.10,4,1.9800,7.6400,0.2600,1.9700,0.257853
p75,3,0.10,8,3.9000,10.0100,0.3900,3.8300,0.382617
p75,3,0.10,16,10.8300,20.4700,0.5300,4.2500,0.207621
p75,3,0.10,32,14.7300,29.3500,0.5000,5.6700,0.193186
p75,3,0.10,64,18.8800,32.6800,0.5800,5.5600,0.170135
p75,3,0.10,128,28.3200,46.2000,0.6100,8.9300,0.193290
p75,3,0.10,200,38.9800,54.8100,0.7100,7.8200,0.142675
p75,3,0.50,1,0.7000,8.6900,0.0800,0.6900,0.079402
p75,3,0.50,2,1.0800,13.0600,0.0800,1.0500,0.080398
p75,3,0.50,4,2.0200,17.0600,0.1200,1.9700,0.115475
p75,3,0.50,8,3.9700,21.3500,0.1900,3.8300,0.179391
p75,3,0.50,16,10.1100,31.4300,0.3200,4.2500,0.135221
p75,3,0.50,32,15.5000,42.6500,0.3600,5.6700,0.132943
p75,3,0.50,64,20.4400,45.4600,0.4500,5.5600,0.122305
p75,3,0.50,128,31.5400,60.1300,0.5200,8.9300,0.148512
p75,3,0.50,200,56.7500,68.7200,0.8300,7.8200,0.113795
p75,3,1.00,1,0.7100,12.2900,0.0600,0.6900,0.056143
p75,3,1.00,2,1.1100,18.5000,0.0600,1.0500,0.056757
p75,3,1.00,4,2.0800,24.1400,0.0900,1.9700,0.081607
p75,3,1.00,8,4.0700,30.3800,0.1300,3.8300,0.126070
p75,3,1.00,16,8.0700,42.2700,0.1900,4.2500,0.100544
p75,3,1.00,32,12.3600,60.3900,0.2000,5.6700,0.093890
p75,3,1.00,64,18.8000,66.8100,0.2800,5.5600,0.083221
p75,3,1.00,128,38.2200,81.5100,0.4700,8.9300,0.109557
p75,3,1.00,200,74.2300,99.0900,0.7500,7.8200,0.078918
p75,4,0.10,1,1.0500,2.7800,0.3800,1.0500,0.377698
p75,4,0.10,2,1.8000,3.8200,0.4700,1.8000,0.471204
p75,4,0.10,4,1.9900,5.3800,0.3700,1.9800,0.368030
p75,4,0.10,8,2.9000,7.5400,0.3800,2.8400,0.376658
p75,4,0.10,16,4.0300,19.1600,0.2100,2.9600,0.154489
p75,4,0.10,32,9.4200,31.1500,0.3000,6.4400,0.206742
p75,4,0.10,64,13.5400,40.6900,0.3300,7.3100,0.179651
p75,4,0.10,128,28.8900,66.0800,0.4400,12.7400,0.192797
p75,4,0.10,200,48.1900,83.1900,0.5800,17.4700,0.210001
p75,4,0.50,1,1.0600,6.2200,0.1700,1.0500,0.168810
p75,4,0.50,2,1.8100,8.5300,0.2100,1.8000,0.211020
p75,4,0.50,4,2.0200,12.0300,0.1700,1.9800,0.164589
p75,4,0.50,8,2.9900,16.8500,0.1800,2.8400,0.168546
p75,4,0.50,16,4.2400,34.0800,0.1200,2.9600,0.086854
p75,4,0.50,32,9.9200,55.9800,0.1800,6.4400,0.115041
p75,4,0.50,64,18.6100,66.4100,0.2800,7.3100,0.110074
p75,4,0.50,128,40.0100,89.2800,0.4500,12.7400,0.142697
p75,4,0.50,200,66.3300,102.9500,0.6400,17.4700,0.169694
p75,4,1.00,1,1.0600,8.8000,0.1200,1.0500,0.119318
p75,4,1.00,2,1.8300,12.0700,0.1500,1.8000,0.149130
p75,4,1.00,4,2.0600,17.0500,0.1200,1.9800,0.116129
p75,4,1.00,8,3.0700,23.8300,0.1300,2.8400,0.119178
p75,4,1.00,16,5.4900,46.3600,0.1200,2.9600,0.063848
p75,4,1.00,32,14.7000,74.3200,0.2000,6.4400,0.086652
p75,4,1.00,64,28.2900,83.7900,0.3400,7.3100,0.087242
p75,4,1.00,128,61.6500,107.9300,0.5700,12.7400,0.118039
p75,4,1.00,200,98.9100,130.3400,0.7600,17.4700,0.134034
p75,5,0.10,1,1.5200,3.4600,0.4400,1.5100,0.436416
p75,5,0.10,2,1.6200,4.8500,0.3300,1.6100,0.331959
p75,5,0.10,4,2.0900,6.9600,0.3000,2.0700,0.297414
p75,5,0.10,8,2.9800,10.9300,0.2700,2.9300,0.268070
p75,5,0.10,16,5.1800,19.7700,0.2600,4.4600,0.225594
p75,5,0.10,32,9.3200,24.8200,0.3800,6.2100,0.250201
p75,5,0.10,64,13.7600,32.3100,0.4300,7.1700,0.221913
p75,5,0.10,128,19.4800,46.6500,0.4200,8.9000,0.190782
p75,5,0.10,200,26.6300,50.5000,0.5300,10.0000,0.198020
p75,5,0.50,1,1.5300,7.7400,0.2000,1.5100,0.195090
p75,5,0.50,2,1.6500,10.8300,0.1500,1.6100,0.148661
p75,5,0.50,4,2.1400,15.5700,0.1400,2.0700,0.132948
p75,5,0.50,8,3.0900,24.4000,0.1300,2.9300,0.120082
p75,5,0.50,16,4.9600,33.2500,0.1500,4.4600,0.134135
p75,5,0.50,32,12.5900,48.9300,0.2600,6.2100,0.126916
p75,5,0.50,64,18.2300,53.2800,0.3400,7.1700,0.134572
p75,5,0.50,128,28.6500,65.9400,0.4300,8.9000,0.134971
p75,5,0.50,200,37.6000,68.3000,0.5500,10.0000,0.146413
p75,5,1.00,1,1.5400,10.9400,0.1400,1.5100,0.138026
p75,5,1.00,2,1.6900,15.3300,0.1100,1.6100,0.105023
p75,5,1.00,4,2.2000,22.0800,0.1000,2.0700,0.093750
p75,5,1.00,8,3.2100,34.1200,0.0900,2.9300,0.085873
p75,5,1.00,16,5.8600,45.3800,0.1300,4.4600,0.098281
p75,5,1.00,32,16.8200,70.1300,0.2400,6.2100,0.088550
p75,5,1.00,64,22.0700,82.5000,0.2700,7.1700,0.086909
p75,5,1.00,128,44.8200,104.1300,0.4300,8.9000,0.085470
p75,5,1.00,200,65.4300,106.7600,0.6100,10.0000,0.093668
p75,6,0.10,1,0.7900,24.5400,0.0300,0.7000,0.028525
p75,6,0.10,2,1.4200,42.6900,0.0300,1.2500,0.029281
p75,6,0.10,4,2.9000,63.1800,0.0500,2.4500,0.038778
p75,6,0.10,8,6.4100,76.6700,0.0800,6.3000,0.082170
p75,6,0.10,16,13.5100,102.5100,0.1300,10.6300,0.103697
p75,6,0.10,32,26.7800,139.8200,0.1900,20.1100,0.143828
p75,6,0.10,64,48.1200,168.9000,0.2800,149.6100,0.885790
p75,6,0.10,128,109.5800,167.3200,0.6500,146.5800,0.876046
p75,6,0.10,200,157.4600,162.6000,0.9700,178.0700,1.095141
p75,6,0.50,1,1.0600,54.1500,0.0200,0.7000,0.012927
p75,6,0.50,2,2.0700,90.3500,0.0200,1.2500,0.013835
p75,6,0.50,4,5.9400,129.3200,0.0500,2.4500,0.018945
p75,6,0.50,8,12.6000,155.6800,0.0800,6.3000,0.040468
p75,6,0.50,16,20.7500,155.4300,0.1300,10.6300,0.068391
p75,6,0.50,32,35.7800,155.7500,0.2300,20.1100,0.129117
p75,6,0.50,64,65.7200,166.9000,0.3900,149.6100,0.896405
p75,6,0.50,128,125.7300,175.1200,0.7200,146.5800,0.837026
p75,6,0.50,200,164.8100,171.9000,0.9600,178.0700,1.035893
p75,6,1.00,1,1.3100,76.4300,0.0200,0.7000,0.009159
p75,6,1.00,2,2.8900,125.5800,0.0200,1.2500,0.009954
p75,6,1.00,4,7.1500,160.9200,0.0400,2.4500,0.015225
p75,6,1.00,8,13.1600,174.3800,0.0800,6.3000,0.036128
p75,6,1.00,16,27.7100,168.6500,0.1600,10.6300,0.063030
p75,6,1.00,32,34.9500,163.9400,0.2100,20.1100,0.122667
p75,6,1.00,64,63.0200,162.3900,0.3900,149.6100,0.921301
p75,6,1.00,128,133.5800,167.0900,0.8000,146.5800,0.877252
p75,6,1.00,200,155.1900,179.2200,0.8700,178.0700,0.993583
p75,7,0.10,1,1.1400,3.3200,0.3400,1.1300,0.340361
p75,7,0.10,2,1.5100,4.6600,0.3200,1.5100,0.324034
p75,7,0.10,4,2.5400,6.4100,0.4000,2.5300,0.394696
p75,7,0.10,8,4.1400,10.3700,0.4000,4.1800,0.403086
p75,7,0.10,16,5.3000,19.1000,0.2800,3.7300,0.195288
p75,7,0.10,32,8.4800,24.1600,0.3500,4.3500,0.180050
p75,7,0.10,64,12.0000,29.4700,0.4100,5.9900,0.203258
p75,7,0.10,128,18.6800,44.3100,0.4200,8.6500,0.195216
p75,7,0.10,200,28.8000,52.0300,0.5500,11.4300,0.219681
p75,7,0.50,1,1.1500,7.4300,0.1500,1.1300,0.152086
p75,7,0.50,2,1.5400,10.4200,0.1500,1.5100,0.144914
p75,7,0.50,4,2.6100,14.3600,0.1800,2.5300,0.176184
p75,7,0.50,8,4.2100,22.3100,0.1900,4.1800,0.187360
p75,7,0.50,16,6.6400,32.1100,0.2100,3.7300,0.116163
p75,7,0.50,32,11.3400,45.2500,0.2500,4.3500,0.096133
p75,7,0.50,64,15.3600,46.6400,0.3300,5.9900,0.128431
p75,7,0.50,128,26.3700,62.7000,0.4200,8.6500,0.137959
p75,7,0.50,200,49.3800,79.4300,0.6200,11.4300,0.143900
p75,7,1.00,1,1.1600,10.5100,0.1100,1.1300,0.107517
p75,7,1.00,2,1.5700,14.7400,0.1100,1.5100,0.102442
p75,7,1.00,4,2.7000,20.3600,0.1300,2.5300,0.124263
p75,7,1.00,8,4.2800,31.4400,0.1400,4.1800,0.132952
p75,7,1.00,16,7.3800,46.3200,0.1600,3.7300,0.080527
p75,7,1.00,32,16.5700,67.0700,0.2500,4.3500,0.064858
p75,7,1.00,64,26.5800,73.2000,0.3600,5.9900,0.081831
p75,7,1.00,128,41.3600,93.4300,0.4400,8.6500,0.092583
p75,7,1.00,200,60.7000,108.4300,0.5600,11.4300,0.105414
p75,8,0.10,1,0.6400,24.6000,0.0300,0.5600,0.022764
p75,8,0.10,2,1.1500,41.8200,0.0300,0.8900,0.021282
p75,8,0.10,4,2.5300,64.0400,0.0400,1.8500,0.028888
p75,8,0.10,8,8.1200,91.7100,0.0900,2.9100,0.031730
p75,8,0.10,16,13.1700,135.9200,0.1000,3.9500,0.029061
p75,8,0.10,32,27.3700,150.7600,0.1800,12.3100,0.081653
p75,8,0.10,64,49.4800,155.1700,0.3200,20.5800,0.132629
p75,8,0.10,128,105.4200,160.8000,0.6600,135.0400,0.839801
p75,8,0.10,200,151.6800,169.1400,0.9000,193.6400,1.144850
p75,8,0.50,1,0.8900,55.0000,0.0200,0.5600,0.010182
p75,8,0.50,2,1.7500,90.6000,0.0200,0.8900,0.009823
p75,8,0.50,4,4.9300,135.6800,0.0400,1.8500,0.013635
p75,8,0.50,8,14.4300,160.3600,0.0900,2.9100,0.018147
p75,8,0.50,16,22.3600,176.0200,0.1300,3.9500,0.022441
p75,8,0.50,32,34.0800,170.4100,0.2000,12.3100,0.072238
p75,8,0.50,64,60.4500,178.3600,0.3400,20.5800,0.115385
p75,8,0.50,128,113.0900,176.8100,0.6400,135.0400,0.763758
p75,8,0.50,200,165.8700,187.4700,0.8800,193.6400,1.032912
p75,8,1.00,1,1.1100,77.7800,0.0100,0.5600,0.007200
p75,8,1.00,2,2.7500,124.7800,0.0200,0.8900,0.007133
p75,8,1.00,4,9.0600,170.7900,0.0500,1.8500,0.010832
p75,8,1.00,8,16.6100,179.8500,0.0900,2.9100,0.016180
p75,8,1.00,16,30.0700,183.7700,0.1600,3.9500,0.021494
p75,8,1.00,32,46.8600,179.7300,0.2600,12.3100,0.068492
p75,8,1.00,64,75.9400,175.9900,0.4300,20.5800,0.116938
p75,8,1.00,128,139.9800,185.1000,0.7600,135.0400,0.729552
p75,8,1.00,200,174.6100,188.1100,0.9300,193.6400,1.029398
p75,9,0.10,1,0.7900,3.0200,0.2600,0.7900,0.261589
p75,9,0.10,2,1.2700,4.4000,0.2900,1.2700,0.288636
p75,9,0.10,4,2.0800,5.7600,0.3600,2.0800,0.361111
p75,9,0.10,8,4.1900,9.2800,0.4500,3.6300,0.391164
p75,9,0.10,16,7.3500,24.2600,0.3000,4.6200,0.190437
p75,9,0.10,32,11.8200,34.5100,0.3400,6.3700,0.184584
p75,9,0.10,64,17.6700,38.2200,0.4600,8.7800,0.229723
p75,9,0.10,128,33.2400,50.2700,0.6600,11.7200,0.233141
p75,9,0.10,200,48.1600,62.6000,0.7700,9.9600,0.159105
p75,9,0.50,1,0.7900,6.7600,0.1200,0.7900,0.116864
p75,9,0.50,2,1.2700,9.8400,0.1300,1.2700,0.129065
p75,9,0.50,4,2.1000,12.8700,0.1600,2.0800,0.161616
p75,9,0.50,8,4.2400,19.3100,0.2200,3.6300,0.187985
p75,9,0.50,16,9.2100,32.4300,0.2800,4.6200,0.142461
p75,9,0.50,32,14.8000,48.5100,0.3100,6.3700,0.131313
p75,9,0.50,64,19.9500,51.9300,0.3800,8.7800,0.169074
p75,9,0.50,128,36.7900,69.1700,0.5300,11.7200,0.169438
p75,9,0.50,200,60.1600,86.4900,0.7000,9.9600,0.115158
p75,9,1.00,1,0.8000,9.5600,0.0800,0.7900,0.082636
p75,9,1.00,2,1.2800,13.9200,0.0900,1.2700,0.091236
p75,9,1.00,4,2.1200,18.2000,0.1200,2.0800,0.114286
p75,9,1.00,8,3.7200,26.5800,0.1400,3.6300,0.136569
p75,9,1.00,16,9.8000,41.9700,0.2300,4.6200,0.110079
p75,9,1.00,32,19.1200,62.9800,0.3000,6.3700,0.101143
p75,9,1.00,64,25.5200,67.5800,0.3800,8.7800,0.129920
p75,9,1.00,128,47.1600,86.5200,0.5500,11.7200,0.135460
p75,9,1.00,200,82.7800,114.1900,0.7200,9.9600,0.087223
p75,10,0.10,1,0.8900,2.9400,0.3000,0.8900,0.302721
p75,10,0.10,2,1.0400,4.1800,0.2500,1.0400,0.248804
p75,10,0.10,4,1.6900,5.8000,0.2900,1.6900,0.291379
p75,10,0.10,8,4.0800,8.1100,0.5000,4.0700,0.501850
p75,10,0.10,16,7.1600,20.5000,0.3500,5.2500,0.256098
p75,10,0.10,32,13.3900,30.8100,0.4300,9.7100,0.315157
p75,10,0.10,64,18.4700,36.2400,0.5100,10.0500,0.277318
p75,10,0.10,128,33.9800,65.4000,0.5200,16.6900,0.255199
p75,10,0.10,200,58.3100,83.4500,0.7000,18.2500,0.218694
p75,10,0.50,1,0.8900,6.5800,0.1400,0.8900,0.135258
p75,10,0.50,2,1.0500,9.3400,0.1100,1.0400,0.111349
p75,10,0.50,4,1.7000,12.9800,0.1300,1.6900,0.130200
p75,10,0.50,8,4.1300,18.1100,0.2300,4.0700,0.224738
p75,10,0.50,16,7.5100,36.2100,0.2100,5.2500,0.144988
p75,10,0.50,32,14.0000,57.7100,0.2400,9.7100,0.168255
p75,10,0.50,64,22.6900,62.7700,0.3600,10.0500,0.160108
p75,10,0.50,128,48.9900,90.7100,0.5400,16.6900,0.183993
p75,10,0.50,200,80.7900,101.4000,0.8000,18.2500,0.179980
p75,10,1.00,1,0.9000,9.3000,0.1000,0.8900,0.095699
p75,10,1.00,2,1.0600,13.2000,0.0800,1.0400,0.078788
p75,10,1.00,4,1.7200,18.3800,0.0900,1.6900,0.091948
p75,10,1.00,8,4.1700,25.5900,0.1600,4.0700,0.159047
p75,10,1.00,16,8.7900,49.4500,0.1800,5.2500,0.106168
p75,10,1.00,32,23.4700,78.2500,0.3000,9.7100,0.124089
p75,10,1.00,64,36.0400,85.6500,0.4200,10.0500,0.117338
p75,10,1.00,128,63.8300,98.2700,0.6500,16.6900,0.169838
p75,10,1.00,200,92.7400,118.2800,0.7800,18.2500,0.154295
p75,11,0.10,1,1.6500,10.4200,0.1600,1.6200,0.155470
p75,11,0.10,2,2.2000,15.3600,0.1400,2.1700,0.141276
p75,11,0.10,4,2.5400,20.2100,0.1300,2.5100,0.124196
p75,11,0.10,8,4.8400,52.0800,0.0900,3.7700,0.072389
p75,11,0.10,16,13.5300,99.6200,0.1400,6.6600,0.066854
p75,11,0.10,32,41.2200,106.3900,0.3900,17.9800,0.169001
p75,11,0.10,64,60.5300,126.3900,0.4800,23.1500,0.183163
p75,11,0.10,128,109.3500,161.4700,0.6800,54.1500,0.335356
p75,11,0.10,200,154.4800,169.1200,0.9100,114.0800,0.674551
p75,11,0.50,1,1.7500,23.3000,0.0700,1.6200,0.069528
p75,11,0.50,2,2.3200,34.4000,0.0700,2.1700,0.063081
p75,11,0.50,4,2.7100,45.3500,0.0600,2.5100,0.055347
p75,11,0.50,8,6.8000,96.9800,0.0700,3.7700,0.038874
p75,11,0.50,16,20.7300,177.8900,0.1200,6.6600,0.037439
p75,11,0.50,32,42.6500,149.1300,0.2900,17.9800,0.120566
p75,11,0.50,64,68.2300,155.7200,0.4400,23.1500,0.148664
p75,11,0.50,128,118.5600,169.2800,0.7000,54.1500,0.319884
p75,11,0.50,200,163.3700,175.3200,0.9300,114.0800,0.650696
p75,11,1.00,1,1.8400,32.9500,0.0600,1.6200,0.049165
p75,11,1.00,2,2.4500,48.6900,0.0500,2.1700,0.044568
p75,11,1.00,4,2.9400,64.6900,0.0500,2.5100,0.038800
p75,11,1.00,8,9.2300,131.6000,0.0700,3.7700,0.028647
p75,11,1.00,16,23.1000,194.6400,0.1200,6.6600,0.034217
p75,11,1.00,32,45.8600,161.3600,0.2800,17.9800,0.111428
p75,11,1.00,64,69.0600,165.3300,0.4200,23.1500,0.140023
p75,11,1.00,128,118.5000,170.2100,0.7000,54.1500,0.318136
p75,11,1.00,200,161.1500,174.4200,0.9200,114.0800,0.654053
p75,12,0.10,1,1.2100,3.2700,0.3700,1.2100,0.370031
p75,12,0.10,2,2.4200,4.9200,0.4900,2.4200,0.491870
p75,12,0.10,4,2.9100,6.8800,0.4200,2.9100,0.422965
p75,12,0.10,8,4.2000,10.8500,0.3900,4.2800,0.394470
p75,12,0.10,16,5.4800,23.3900,0.2300,4.4500,0.190252
p75,12,0.10,32,10.7100,37.1000,0.2900,7.4500,0.200809
p75,12,0.10,64,14.6600,43.6200,0.3400,9.4200,0.215956
p75,12,0.10,128,31.2300,62.7900,0.5000,18.6800,0.297500
p75,12,0.10,200,50.6000,79.1700,0.6400,16.4900,0.208286
p75,12,0.50,1,1.2200,7.3200,0.1700,1.2100,0.165301
p75,12,0.50,2,2.4300,11.0000,0.2200,2.4200,0.220000
p75,12,0.50,4,2.9500,15.3700,0.1900,2.9100,0.189330
p75,12,0.50,8,4.2200,22.8900,0.1800,4.2800,0.186981
p75,12,0.50,16,5.8300,41.0000,0.1400,4.4500,0.108537
p75,12,0.50,32,13.2100,62.9700,0.2100,7.4500,0.118310
p75,12,0.50,64,23.3700,67.5800,0.3500,9.4200,0.139390
p75,12,0.50,128,49.0200,86.6700,0.5700,18.6800,0.215530
p75,12,0.50,200,78.9800,98.5900,0.8000,16.4900,0.167258
p75,12,1.00,1,1.2200,10.3500,0.1200,1.2100,0.116908
p75,12,1.00,2,2.4500,15.5500,0.1600,2.4200,0.155627
p75,12,1.00,4,3.0100,21.7500,0.1400,2.9100,0.133793
p75,12,1.00,8,4.2700,31.8600,0.1300,4.2800,0.134338
p75,12,1.00,16,9.2100,56.3900,0.1600,4.4500,0.078915
p75,12,1.00,32,27.1100,90.4600,0.3000,7.4500,0.082357
p75,12,1.00,64,41.3500,93.7500,0.4400,9.4200,0.100480
p75,12,1.00,128,69.9300,113.6200,0.6200,18.6800,0.164408
p75,12,1.00,200,96.2800,134.1100,0.7200,16.4900,0.122959
p75,13,0.10,1,1.0500,3.0600,0.3400,1.0400,0.339869
p75,13,0.10,2,1.2100,4.5900,0.2600,1.2100,0.263617
p75,13,0.10,4,1.5800,6.5700,0.2400,1.5600,0.237443
p75,13,0.10,8,3.5100,8.4300,0.4200,3.4900,0.413998
p75,13,0.10,16,6.4100,16.8200,0.3800,4.5100,0.268133
p75,13,0.10,32,9.0900,26.8400,0.3400,5.8000,0.216095
p75,13,0.10,64,12.3400,32.3100,0.3800,5.1600,0.159703
p75,13,0.10,128,27.6700,58.7800,0.4700,10.3100,0.175400
p75,13,0.10,200,42.8400,70.9100,0.6000,9.2400,0.130306
p75,13,0.50,1,1.0500,6.8500,0.1500,1.0400,0.151825
p75,13,0.50,2,1.2300,10.2700,0.1200,1.2100,0.117819
p75,13,0.50,4,1.6400,14.7100,0.1100,1.5600,0.106050
p75,13,0.50,8,3.5600,18.8400,0.1900,3.4900,0.185244
p75,13,0.50,16,6.2900,31.0800,0.2000,4.5100,0.145109
p75,13,0.50,32,10.6700,48.4500,0.2200,5.8000,0.119711
p75,13,0.50,64,15.0300,52.0000,0.2900,5.1600,0.099231
p75,13,0.50,128,33.5800,72.7800,0.4600,10.3100,0.141660
p75,13,0.50,200,57.0300,92.8500,0.6100,9.2400,0.099515
p75,13,1.00,1,1.0500,9.6900,0.1100,1.0400,0.107327
p75,13,1.00,2,1.2400,14.5300,0.0900,1.2100,0.083276
p75,13,1.00,4,1.7000,20.8600,0.0800,1.5600,0.074784
p75,13,1.00,8,4.3700,26.9300,0.1600,3.4900,0.129595
p75,13,1.00,16,7.4000,42.7000,0.1700,4.5100,0.105621
p75,13,1.00,32,13.7800,66.3700,0.2100,5.8000,0.087389
p75,13,1.00,64,24.6300,68.4600,0.3600,5.1600,0.075372
p75,13,1.00,128,52.3000,89.1300,0.5900,10.3100,0.115674
p75,13,1.00,200,80.7800,113.8200,0.7100,9.2400,0.081181
p75,14,0.10,1,1.0000,3.8200,0.2600,1.0000,0.261780
p75,14,0.10,2,1.2600,5.3700,0.2300,1.2500,0.232775
p75,14,0.10,4,1.7900,6.5900,0.2700,1.7900,0.271624
p75,14,0.10,8,7.2700,22.7000,0.3200,5.8800,0.259031
p75,14,0.10,16,20.7200,37.5200,0.5500,13.7800,0.367271
p75,14,0.10,32,25.2600,42.6300,0.5900,21.4400,0.502932
p75,14,0.10,64,33.7000,48.6400,0.6900,23.8400,0.490132
p75,14,0.10,128,47.3400,67.7500,0.7000,22.9000,0.338007
p75,14,0.10,200,69.8100,89.5100,0.7800,25.9800,0.290247
p75,14,0.50,1,1.0100,8.5500,0.1200,1.0000,0.116959
p75,14,0.50,2,1.2800,12.0000,0.1100,1.2500,0.104167
p75,14,0.50,4,1.8000,14.7400,0.1200,1.7900,0.121438
p75,14,0.50,8,6.9500,32.9700,0.2100,5.8800,0.178344
p75,14,0.50,16,14.4000,56.3300,0.2600,13.7800,0.244630
p75,14,0.50,32,26.5800,62.4100,0.4300,21.4400,0.343535
p75,14,0.50,64,36.7600,68.3900,0.5400,23.8400,0.348589
p75,14,0.50,128,62.3300,90.2600,0.6900,22.9000,0.253712
p75,14,0.50,200,87.7700,115.0700,0.7600,25.9800,0.225776
p75,14,1.00,1,1.0100,12.0900,0.0800,1.0000,0.082713
p75,14,1.00,2,1.3000,16.9800,0.0800,1.2500,0.073616
p75,14,1.00,4,1.8300,20.8900,0.0900,1.7900,0.085687
p75,14,1.00,8,12.3300,39.7800,0.3100,5.8800,0.147813
p75,14,1.00,16,20.6300,63.2500,0.3300,13.7800,0.217866
p75,14,1.00,32,36.7000,75.6700,0.4900,21.4400,0.283336
p75,14,1.00,64,44.8800,86.6800,0.5200,23.8400,0.275035
p75,14,1.00,128,72.2500,108.0500,0.6700,22.9000,0.211939
p75,14,1.00,200,99.9500,129.4000,0.7700,25.9800,0.200773
p75,15,0.10,1,1.1700,3.3700,0.3500,1.1700,0.347181
p75,15,0.10,2,1.3000,5.7300,0.2300,1.3000,0.226876
p75,15,0.10,4,1.7900,7.7100,0.2300,1.7900,0.232166
p75,15,0.10,8,3.5100,12.1500,0.2900,3.4900,0.287243
p75,15,0.10,16,4.6500,22.6700,0.2100,3.9400,0.173798
p75,15,0.10,32,8.1100,36.0000,0.2300,5.4500,0.151389
p75,15,0.10,64,15.2200,42.1100,0.3600,7.7200,0.183329
p75,15,0.10,128,27.2300,66.6800,0.4100,10.2200,0.153269
p75,15,0.10,200,52.3700,89.7300,0.5800,17.9800,0.200379
p75,15,0.50,1,1.1700,7.5300,0.1600,1.1700,0.155378
p75,15,0.50,2,1.3200,12.8000,0.1000,1.3000,0.101562
p75,15,0.50,4,1.8200,17.1600,0.1100,1.7900,0.104312
p75,15,0.50,8,3.6100,26.8800,0.1300,3.4900,0.129836
p75,15,0.50,16,5.6400,43.2700,0.1300,3.9400,0.091056
p75,15,0.50,32,10.8400,59.9100,0.1800,5.4500,0.090970
p75,15,0.50,64,20.5900,65.5200,0.3100,7.7200,0.117827
p75,15,0.50,128,42.1900,80.3200,0.5300,10.2200,0.127241
p75,15,0.50,200,83.3600,104.7400,0.8000,17.9800,0.171663
p75,15,1.00,1,1.1700,10.6400,0.1100,1.1700,0.109962
p75,15,1.00,2,1.3400,18.0900,0.0700,1.3000,0.071863
p75,15,1.00,4,1.8600,24.2200,0.0800,1.7900,0.073906
p75,15,1.00,8,3.7000,37.6600,0.1000,3.4900,0.092671
p75,15,1.00,16,8.8800,61.4200,0.1400,3.9400,0.064148
p75,15,1.00,32,21.9300,85.9200,0.2600,5.4500,0.063431
p75,15,1.00,64,40.4500,95.1800,0.4200,7.7200,0.081109
p75,15,1.00,128,71.3600,113.8600,0.6300,10.2200,0.089759
p75,15,1.00,200,103.8700,124.7300,0.8300,17.9800,0.144151
p75,16,0.10,1,1.8000,30.7500,0.0600,0.9500,0.030894
p75,16,0.10,2,2.0000,44.5400,0.0400,1.0600,0.023799
p75,16,0.10,4,4.0000,66.9300,0.0600,1.9600,0.029284
p75,16,0.10,8,9.6600,90.5800,0.1100,3.4100,0.037646
p75,16,0.10,16,15.2900,95.8700,0.1600,6.3900,0.066653
p75,16,0.10,32,27.7900,113.2600,0.2500,12.6000,0.111248
p75,16,0.10,64,45.5500,146.1700,0.3100,21.7400,0.148731
p75,16,0.10,128,96.0300,159.8200,0.6000,33.4700,0.209423
p75,16,0.10,200,128.7200,168.4400,0.7600,73.0600,0.433745
p75,16,0.50,1,2.0600,63.9300,0.0300,0.9500,0.014860
p75,16,0.50,2,2.6400,95.4900,0.0300,1.0600,0.011101
p75,16,0.50,4,4.7900,130.0500,0.0400,1.9600,0.015071
p75,16,0.50,8,12.9900,151.7800,0.0900,3.4100,0.022467
p75,16,0.50,16,27.3600,147.8900,0.1800,6.3900,0.043208
p75,16,0.50,32,37.2000,150.4800,0.2500,12.6000,0.083732
p75,16,0.50,64,58.0900,165.2300,0.3500,21.7400,0.131574
p75,16,0.50,128,106.7100,175.0500,0.6100,33.4700,0.191203
p75,16,0.50,200,156.6900,184.0500,0.8500,73.0600,0.396957
p75,16,1.00,1,2.3500,89.2800,0.0300,0.9500,0.010641
p75,16,1.00,2,2.8400,131.4800,0.0200,1.0600,0.008062
p75,16,1.00,4,5.8500,163.3100,0.0400,1.9600,0.012002
p75,16,1.00,8,12.9800,177.4500,0.0700,3.4100,0.019217
p75,16,1.00,16,28.9400,164.8100,0.1800,6.3900,0.038772
p75,16,1.00,32,46.6100,164.5700,0.2800,12.6000,0.076563
p75,16,1.00,64,69.9100,162.8500,0.4300,21.7400,0.133497
p75,16,1.00,128,120.8500,170.1300,0.7100,33.4700,0.196732
p75,16,1.00,200,149.1200,167.2500,0.8900,73.0600,0.436831
p75,17,0.10,1,0.8500,3.6300,0.2400,0.8500,0.234160
p75,17,0.10,2,1.2200,5.1200,0.2400,1.2100,0.236328
p75,17,0.10,4,1.9100,7.4900,0.2600,1.8900,0.252336
p75,17,0.10,8,3.1800,11.6100,0.2700,3.1400,0.270457
p75,17,0.10,16,7.0000,18.7400,0.3700,4.2900,0.228922
p75,17,0.10,32,11.8800,27.1700,0.4400,7.5000,0.276040
p75,17,0.10,64,13.8800,34.6100,0.4000,7.0700,0.204276
p75,17,0.10,128,19.9800,47.4900,0.4200,9.5500,0.201095
p75,17,0.10,200,28.1900,49.5300,0.5700,11.5100,0.232384
p75,17,0.50,1,0.8600,8.1100,0.1100,0.8500,0.104809
p75,17,0.50,2,1.2300,11.4400,0.1100,1.2100,0.105769
p75,17,0.50,4,1.9800,16.7700,0.1200,1.8900,0.112701
p75,17,0.50,8,3.2600,25.8900,0.1300,3.1400,0.121282
p75,17,0.50,16,6.6500,35.6700,0.1900,4.2900,0.120269
p75,17,0.50,32,14.0400,53.2800,0.2600,7.5000,0.140766
p75,17,0.50,64,23.5400,58.5400,0.4000,7.0700,0.120772
p75,17,0.50,128,41.5700,72.1700,0.5800,9.5500,0.132326
p75,17,0.50,200,55.0900,82.3800,0.6700,11.5100,0.139718
p75,17,1.00,1,0.8800,11.4600,0.0800,0.8500,0.074171
p75,17,1.00,2,1.2500,16.1800,0.0800,1.2100,0.074784
p75,17,1.00,4,2.0500,23.7900,0.0900,1.8900,0.079445
p75,17,1.00,8,3.3400,36.4200,0.0900,3.1400,0.086216
p75,17,1.00,16,10.6300,52.9700,0.2000,4.2900,0.080989
p75,17,1.00,32,21.2900,78.1500,0.2700,7.5000,0.095969
p75,17,1.00,64,32.4100,91.4400,0.3500,7.0700,0.077318
p75,17,1.00,128,66.9500,121.0300,0.5500,9.5500,0.078906
p75,17,1.00,200,83.4700,125.6000,0.6600,11.5100,0.091640
p75,18,0.10,1,1.1700,3.5200,0.3300,1.1700,0.332386
p75,18,0.10,2,1.4800,6.0500,0.2400,1.4800,0.244628
p75,18,0.10,4,2.1100,8.0600,0.2600,2.1100,0.261787
p75,18,0.10,8,3.9400,12.4500,0.3200,3.9800,0.319679
p75,18,0.10,16,5.1800,24.9100,0.2100,3.5500,0.142513
p75,18,0.10,32,10.8300,38.0300,0.2800,6.1900,0.162766
p75,18,0.10,64,18.5400,45.4000,0.4100,7.3700,0.162335
p75,18,0.10,128,34.2000,67.4900,0.5100,10.3900,0.153949
p75,18,0.10,200,58.7700,94.0500,0.6200,19.1900,0.204040
p75,18,0.50,1,1.1700,7.8700,0.1500,1.1700,0.148666
p75,18,0.50,2,1.4900,13.5100,0.1100,1.4800,0.109548
p75,18,0.50,4,2.1600,17.9400,0.1200,2.1100,0.117614
p75,18,0.50,8,4.0000,27.5800,0.1500,3.9800,0.144307
p75,18,0.50,16,6.2600,46.3500,0.1400,3.5500,0.076591
p75,18,0.50,32,15.0200,62.0700,0.2400,6.1900,0.099726
p75,18,0.50,64,26.2100,68.9700,0.3800,7.3700,0.106858
p75,18,0.50,128,51.3300,85.9700,0.6000,10.3900,0.120856
p75,18,0.50,200,83.5700,114.3500,0.7300,19.1900,0.167818
p75,18,1.00,1,1.1700,11.1300,0.1100,1.1700,0.105121
p75,18,1.00,2,1.5100,19.1000,0.0800,1.4800,0.077487
p75,18,1.00,4,2.2200,25.3000,0.0900,2.1100,0.083399
p75,18,1.00,8,4.0800,38.6800,0.1100,3.9800,0.102896
p75,18,1.00,16,10.4500,61.5500,0.1700,3.5500,0.057677
p75,18,1.00,32,19.6100,86.6500,0.2300,6.1900,0.071437
p75,18,1.00,64,39.0500,97.9900,0.4000,7.3700,0.075212
p75,18,1.00,128,70.1500,105.3500,0.6700,10.3900,0.098624
p75,18,1.00,200,104.5100,125.4800,0.8300,19.1900,0.152933
p75,19,0.10,1,1.1200,3.3600,0.3300,1.1200,0.333333
p75,19,0.10,2,1.7400,5.2500,0.3300,1.7400,0.331429
p75,19,0.10,4,1.8900,6.6800,0.2800,1.9000,0.284431
p75,19,0.10,8,3.8000,10.5400,0.3600,3.8000,0.360531
p75,19,0.10,16,5.2800,18.5800,0.2800,2.8100,0.151238
p75,19,0.10,32,9.8100,31.6600,0.3100,4.9900,0.157612
p75,19,0.10,64,16.2300,35.6300,0.4600,6.7700,0.190008
p75,19,0.10,128,31.3200,65.9100,0.4800,14.2700,0.216507
p75,19,0.10,200,57.3300,83.7900,0.6800,19.2900,0.230218
p75,19,0.50,1,1.1300,7.5200,0.1500,1.1200,0.148936
p75,19,0.50,2,1.7600,11.7300,0.1500,1.7400,0.148338
p75,19,0.50,4,1.9100,14.9100,0.1300,1.9000,0.127431
p75,19,0.50,8,3.8600,23.4200,0.1600,3.8000,0.162254
p75,19,0.50,16,6.0600,37.5000,0.1600,2.8100,0.074933
p75,19,0.50,32,11.8800,57.2700,0.2100,4.9900,0.087131
p75,19,0.50,64,21.1700,64.5300,0.3300,6.7700,0.104912
p75,19,0.50,128,41.8100,87.0800,0.4800,14.2700,0.163872
p75,19,0.50,200,75.0200,107.2800,0.7000,19.2900,0.179810
p75,19,1.00,1,1.1400,10.6400,0.1100,1.1200,0.105263
p75,19,1.00,2,1.7800,16.5900,0.1100,1.7400,0.104882
p75,19,1.00,4,1.9400,21.0800,0.0900,1.9000,0.090133
p75,19,1.00,8,3.9200,32.9200,0.1200,3.8000,0.115431
p75,19,1.00,16,5.7400,51.9400,0.1100,2.8100,0.054101
p75,19,1.00,32,13.3700,76.5400,0.1700,4.9900,0.065195
p75,19,1.00,64,31.8500,86.5700,0.3700,6.7700,0.078203
p75,19,1.00,128,61.3400,98.4200,0.6200,14.2700,0.144991
p75,19,1.00,200,95.3600,116.3800,0.8200,19.2900,0.165750
real,0,0.10,1,1.4800,7.7800,0.1900,1.4800,0.190231
real,0,0.10,2,2.8000,10.8000,0.2600,2.7700,0.256481
real,0,0.10,4,3.2200,14.4800,0.2200,3.1600,0.218232
real,0,0.10,8,7.7300,43.6800,0.1800,5.3100,0.121566
real,0,0.10,16,10.3900,42.6300,0.2400,5.0600,0.118696
real,0,0.10,32,22.2400,49.3300,0.4500,13.0800,0.265153
real,0,0.10,64,20.8100,45.9700,0.4500,9.4500,0.205569
real,0,0.10,128,34.0800,65.4600,0.5200,12.6000,0.192484
real,0,0.10,200,63.1100,85.0900,0.7400,27.0800,0.318251
real,0,0.50,1,1.5100,17.3900,0.0900,1.4800,0.085106
real,0,0.50,2,2.9100,24.1600,0.1200,2.7700,0.114652
real,0,0.50,4,3.4000,32.8200,0.1000,3.1600,0.096283
real,0,0.50,8,14.4500,74.3500,0.1900,5.3100,0.071419
real,0,0.50,16,15.1100,80.6300,0.1900,5.0600,0.062756
real,0,0.50,32,27.9000,84.0600,0.3300,13.0800,0.155603
real,0,0.50,64,39.2500,84.6200,0.4600,9.4500,0.111676
real,0,0.50,128,74.4500,111.6500,0.6700,12.6000,0.112853
real,0,0.50,200,108.5500,126.1900,0.8600,27.0800,0.214597
real,0,1.00,1,1.5400,24.6000,0.0600,1.4800,0.060163
real,0,1.00,2,3.0200,34.2000,0.0900,2.7700,0.080994
real,0,1.00,4,3.6100,47.0900,0.0800,3.1600,0.067106
real,0,1.00,8,7.1700,97.2400,0.0700,5.3100,0.054607
real,0,1.00,16,17.0400,110.8500,0.1500,5.0600,0.045647
real,0,1.00,32,32.3500,114.7800,0.2800,13.0800,0.113957
real,0,1.00,64,57.2000,128.5800,0.4400,9.4500,0.073495
real,0,1.00,128,109.1300,164.8200,0.6600,12.6000,0.076447
real,0,1.00,200,141.7000,167.4800,0.8500,27.0800,0.161691
real,1,0.10,1,1.3300,6.0500,0.2200,1.3200,0.218182
real,1,0.10,2,2.0800,9.4700,0.2200,2.0700,0.218585
real,1,0.10,4,4.0100,12.7200,0.3200,3.9500,0.310535
real,1,0.10,8,4.6700,15.7900,0.3000,4.0300,0.255225
real,1,0.10,16,5.3500,12.9400,0.4100,4.1100,0.317620
real,1,0.10,32,13.1000,27.7100,0.4700,8.3400,0.300974
real,1,0.10,64,12.6700,23.3900,0.5400,7.6300,0.326208
real,1,0.10,128,35.9200,55.9800,0.6400,19.4200,0.346910
real,1,0.10,200,60.5400,85.0700,0.7100,20.7200,0.243564
real,1,0.50,1,1.3300,13.5300,0.1000,1.3200,0.097561
real,1,0.50,2,2.1300,21.1900,0.1000,2.0700,0.097688
real,1,0.50,4,4.1700,28.5800,0.1500,3.9500,0.138209
real,1,0.50,8,4.8200,30.5400,0.1600,4.0300,0.131958
real,1,0.50,16,6.4600,26.5700,0.2400,4.1100,0.154686
real,1,0.50,32,15.3300,46.1400,0.3300,8.3400,0.180754
real,1,0.50,64,15.8700,39.7400,0.4000,7.6300,0.191998
real,1,0.50,128,42.1500,71.6500,0.5900,19.4200,0.271040
real,1,0.50,200,84.5900,103.7700,0.8200,20.7200,0.199672
real,1,1.00,1,1.3400,19.1300,0.0700,1.3200,0.069002
real,1,1.00,2,2.1800,29.9800,0.0700,2.0700,0.069046
real,1,1.00,4,4.3700,40.6100,0.1100,3.9500,0.097267
real,1,1.00,8,6.0400,44.5600,0.1400,4.0300,0.090440
real,1,1.00,16,7.7300,38.7100,0.2000,4.1100,0.106174
real,1,1.00,32,16.5300,63.8000,0.2600,8.3400,0.130721
real,1,1.00,64,20.2700,55.1900,0.3700,7.6300,0.138250
real,1,1.00,128,49.1200,85.8200,0.5700,19.4200,0.226288
real,1,1.00,200,90.9200,123.8100,0.7300,20.7200,0.167353
real,2,0.10,1,1.4000,3.5100,0.4000,1.4000,0.398860
real,2,0.10,2,1.9200,5.4100,0.3600,1.9100,0.353050
real,2,0.10,4,3.1300,8.6500,0.3600,3.1100,0.359538
real,2,0.10,8,7.8900,33.3900,0.2400,4.6600,0.139563
real,2,0.10,16,7.7000,18.9000,0.4100,3.3600,0.177778
real,2,0.10,32,18.3600,35.6000,0.5200,8.3700,0.235112
real,2,0.10,64,19.2500,31.0600,0.6200,7.4000,0.238249
real,2,0.10,128,37.8600,55.0800,0.6900,16.0400,0.291213
real,2,0.10,200,72.7900,92.3300,0.7900,27.0600,0.293079
real,2,0.50,1,1.4100,7.8500,0.1800,1.4000,0.178344
real,2,0.50,2,1.9500,12.0900,0.1600,1.9100,0.157982
real,2,0.50,4,3.1700,19.3900,0.1600,3.1100,0.160392
real,2,0.50,8,6.2000,48.9200,0.1300,4.6600,0.095258
real,2,0.50,16,9.7000,42.0200,0.2300,3.3600,0.079962
real,2,0.50,32,19.0200,66.9400,0.2800,8.3700,0.125037
real,2,0.50,64,25.5900,56.8000,0.4500,7.4000,0.130282
real,2,0.50,128,40.6400,82.2500,0.4900,16.0400,0.195015
real,2,0.50,200,88.6000,126.8600,0.7000,27.0600,0.213306
real,2,1.00,1,1.4200,11.1100,0.1300,1.4000,0.126013
real,2,1.00,2,1.9800,17.1100,0.1200,1.9100,0.111631
real,2,1.00,4,3.2300,27.4700,0.1200,3.1100,0.113214
real,2,1.00,8,8.9400,70.8000,0.1300,4.6600,0.065819
real,2,1.00,16,14.8400,71.0200,0.2100,3.3600,0.047311
real,2,1.00,32,25.2100,87.3500,0.2900,8.3700,0.095821
real,2,1.00,64,36.5000,82.5300,0.4400,7.4000,0.089664
real,2,1.00,128,65.9000,110.7600,0.6000,16.0400,0.144818
real,2,1.00,200,108.9900,145.1200,0.7500,27.0600,0.186466
real,3,0.10,1,0.9700,7.4600,0.1300,0.9600,0.128686
real,3,0.10,2,1.5600,11.3300,0.1400,1.5400,0.135922
real,3,0.10,4,2.5400,18.2500,0.1400,2.4900,0.136438
real,3,0.10,8,4.8000,22.4500,0.2100,3.4700,0.154566
real,3,0.10,16,4.8600,16.4300,0.3000,3.4900,0.212416
real,3,0.10,32,11.0900,34.2000,0.3200,5.2500,0.153509
real,3,0.10,64,11.5300,26.3500,0.4400,5.6000,0.212524
real,3,0.10,128,26.2300,46.5500,0.5600,12.2500,0.263158
real,3,0.10,200,54.1500,81.7900,0.6600,20.2200,0.247218
real,3,0.50,1,1.0000,16.6900,0.0600,0.9600,0.057519
real,3,0.50,2,1.6100,25.3200,0.0600,1.5400,0.060821
real,3,0.50,4,2.6600,37.9700,0.0700,2.4900,0.065578
real,3,0.50,8,4.8700,49.2900,0.1000,3.4700,0.070400
real,3,0.50,16,8.0500,38.1100,0.2100,3.4900,0.091577
real,3,0.50,32,19.9300,60.2700,0.3300,5.2500,0.087108
real,3,0.50,64,25.0400,53.2900,0.4700,5.6000,0.105085
real,3,0.50,128,44.9800,79.7400,0.5600,12.2500,0.153624
real,3,0.50,200,89.2400,122.8900,0.7300,20.2200,0.164537
real,3,1.00,1,1.0300,23.6000,0.0400,0.9600,0.040678
real,3,1.00,2,1.6800,35.7800,0.0500,1.5400,0.043041
real,3,1.00,4,2.8100,53.0600,0.0500,2.4900,0.046928
real,3,1.00,8,7.0800,70.7800,0.1000,3.4700,0.049025
real,3,1.00,16,13.2900,59.4800,0.2200,3.4900,0.058675
real,3,1.00,32,24.7200,79.2600,0.3100,5.2500,0.066238
real,3,1.00,64,38.8200,76.3200,0.5100,5.6000,0.073375
real,3,1.00,128,64.8400,103.4500,0.6300,12.2500,0.118415
real,3,1.00,200,112.7700,132.9200,0.8500,20.2200,0.152122
real,4,0.10,1,1.1500,2.9600,0.3900,1.1500,0.388514
real,4,0.10,2,1.5300,5.4100,0.2800,1.5200,0.280961
real,4,0.10,4,2.6900,8.7700,0.3100,2.6700,0.304447
real,4,0.10,8,6.1300,22.6500,0.2700,3.8600,0.170419
real,4,0.10,16,4.7600,16.8100,0.2800,3.0300,0.180250
real,4,0.10,32,9.7700,34.7800,0.2800,5.5800,0.160437
real,4,0.10,64,13.0600,30.5500,0.4300,6.2300,0.203928
real,4,0.10,128,28.5100,54.8100,0.5200,12.9200,0.235723
real,4,0.10,200,58.7900,80.7200,0.7300,19.0800,0.236373
real,4,0.50,1,1.1600,6.6100,0.1700,1.1500,0.173979
real,4,0.50,2,1.5500,12.0900,0.1300,1.5200,0.125724
real,4,0.50,4,2.7200,19.6200,0.1400,2.6700,0.136086
real,4,0.50,8,4.7800,42.2300,0.1100,3.8600,0.091404
real,4,0.50,16,4.8000,36.4200,0.1300,3.0300,0.083196
real,4,0.50,32,11.4100,58.7300,0.1900,5.5800,0.095011
real,4,0.50,64,15.7200,48.4100,0.3200,6.2300,0.128692
real,4,0.50,128,37.4000,79.0800,0.4700,12.9200,0.163379
real,4,0.50,200,81.1000,111.7000,0.7300,19.0800,0.170815
real,4,1.00,1,1.1600,9.3600,0.1200,1.1500,0.122863
real,4,1.00,2,1.5800,17.1100,0.0900,1.5200,0.088837
real,4,1.00,4,2.7700,27.7300,0.1000,2.6700,0.096286
real,4,1.00,8,9.1300,64.2000,0.1400,3.8600,0.060125
real,4,1.00,16,13.1900,61.5100,0.2100,3.0300,0.049260
real,4,1.00,32,24.3000,82.7700,0.2900,5.5800,0.067416
real,4,1.00,64,32.4000,75.2300,0.4300,6.2300,0.082813
real,4,1.00,128,56.7700,104.6600,0.5400,12.9200,0.123447
real,4,1.00,200,94.3800,138.3700,0.6800,19.0800,0.137891
real,5,0.10,1,2.1600,4.8600,0.4400,2.1600,0.444444
real,5,0.10,2,2.2900,8.4000,0.2700,2.2700,0.270238
real,5,0.10,4,2.5700,12.3700,0.2100,2.5400,0.205335
real,5,0.10,8,5.3400,33.8300,0.1600,5.2400,0.154892
real,5,0.10,16,7.4600,19.6800,0.3800,3.3000,0.167683
real,5,0.10,32,14.7000,29.4400,0.5000,6.4000,0.217391
real,5,0.10,64,15.6500,26.0900,0.6000,5.9300,0.227290
real,5,0.10,128,30.3000,50.8500,0.6000,12.5400,0.246608
real,5,0.10,200,65.8600,80.3700,0.8200,16.7000,0.207789
real,5,0.50,1,2.1800,10.8600,0.2000,2.1600,0.198895
real,5,0.50,2,2.3500,18.7800,0.1300,2.2700,0.120873
real,5,0.50,4,2.6500,27.6600,0.1000,2.5400,0.091829
real,5,0.50,8,5.1600,50.6500,0.1000,5.2400,0.103455
real,5,0.50,16,8.1700,40.1400,0.2000,3.3000,0.082212
real,5,0.50,32,13.6600,57.0900,0.2400,6.4000,0.112104
real,5,0.50,64,21.5500,53.2000,0.4100,5.9300,0.111466
real,5,0.50,128,42.6800,79.0100,0.5400,12.5400,0.158714
real,5,0.50,200,87.5400,101.0500,0.8700,16.7000,0.165265
real,5,1.00,1,2.2000,15.3700,0.1400,2.1600,0.140534
real,5,1.00,2,2.4200,26.5600,0.0900,2.2700,0.085467
real,5,1.00,4,2.7600,39.2500,0.0700,2.5400,0.064713
real,5,1.00,8,6.0500,64.7200,0.0900,5.2400,0.080964
real,5,1.00,16,16.4100,57.4500,0.2900,3.3000,0.057441
real,5,1.00,32,29.2100,76.4700,0.3800,6.4000,0.083693
real,5,1.00,64,37.2200,77.8300,0.4800,5.9300,0.076192
real,5,1.00,128,62.4100,101.1600,0.6200,12.5400,0.123962
real,5,1.00,200,97.3000,121.6200,0.8000,16.7000,0.137313
real,6,0.10,1,5.5200,30.0600,0.1800,2.5000,0.083167
real,6,0.10,2,7.7100,53.5100,0.1400,2.4700,0.046160
real,6,0.10,4,16.2000,80.3100,0.2000,5.2000,0.064749
real,6,0.10,8,16.3600,66.3400,0.2500,7.6200,0.114863
real,6,0.10,16,20.2900,82.1000,0.2500,13.6000,0.165652
real,6,0.10,32,33.1400,117.5900,0.2800,17.9300,0.152479
real,6,0.10,64,63.6900,146.3100,0.4400,32.6700,0.223293
real,6,0.10,128,132.1900,191.4900,0.6900,71.7500,0.374693
real,6,0.10,200,177.4900,185.7500,0.9600,182.4300,0.982127
real,6,0.50,1,5.7900,50.7500,0.1100,2.5000,0.049261
real,6,0.50,2,8.8100,90.8700,0.1000,2.4700,0.027182
real,6,0.50,4,13.6900,127.5300,0.1100,5.2000,0.040775
real,6,0.50,8,17.5100,114.3000,0.1500,7.6200,0.066667
real,6,0.50,16,23.6100,131.4000,0.1800,13.6000,0.103501
real,6,0.50,32,42.5200,154.8900,0.2700,17.9300,0.115760
real,6,0.50,64,78.1500,170.0200,0.4600,32.6700,0.192154
real,6,0.50,128,148.1400,198.8500,0.7400,71.7500,0.360825
real,6,0.50,200,182.1000,197.6900,0.9200,182.4300,0.922808
real,6,1.00,1,6.1300,67.2700,0.0900,2.5000,0.037164
real,6,1.00,2,8.0700,121.5900,0.0700,2.4700,0.020314
real,6,1.00,4,14.4900,161.8800,0.0900,5.2000,0.032123
real,6,1.00,8,21.5400,150.0500,0.1400,7.6200,0.050783
real,6,1.00,16,33.3200,158.7100,0.2100,13.6000,0.085691
real,6,1.00,32,53.8200,173.5400,0.3100,17.9300,0.103319
real,6,1.00,64,86.6600,181.2800,0.4800,32.6700,0.180218
real,6,1.00,128,160.2200,199.9300,0.8000,71.7500,0.358876
real,6,1.00,200,181.1700,187.4800,0.9700,182.4300,0.973064
real,7,0.10,1,1.3200,4.0500,0.3200,1.3200,0.325926
real,7,0.10,2,1.8700,7.2500,0.2600,1.8700,0.257931
real,7,0.10,4,2.5800,11.5900,0.2200,2.5300,0.218292
real,7,0.10,8,7.5800,30.8700,0.2500,3.7800,0.122449
real,7,0.10,16,5.5200,18.7700,0.2900,2.6900,0.143314
real,7,0.10,32,13.0600,33.0700,0.3900,5.9700,0.180526
real,7,0.10,64,14.4400,28.2900,0.5100,5.7100,0.201838
real,7,0.10,128,30.5800,51.5000,0.5900,13.6800,0.265631
real,7,0.10,200,71.6500,84.4200,0.8500,19.3000,0.228619
real,7,0.50,1,1.3200,9.0600,0.1500,1.3200,0.145695
real,7,0.50,2,1.8900,16.2200,0.1200,1.8700,0.115290
real,7,0.50,4,2.6800,25.9100,0.1000,2.5300,0.097646
real,7,0.50,8,5.9300,48.4400,0.1200,3.7800,0.078035
real,7,0.50,16,6.6200,38.2500,0.1700,2.6900,0.070327
real,7,0.50,32,15.9200,59.0500,0.2700,5.9700,0.101101
real,7,0.50,64,20.2700,55.1600,0.3700,5.7100,0.103517
real,7,0.50,128,41.9200,80.3700,0.5200,13.6800,0.170213
real,7,0.50,200,95.0800,107.2400,0.8900,19.3000,0.179970
real,7,1.00,1,1.3300,12.8200,0.1000,1.3200,0.102964
real,7,1.00,2,1.9200,22.9400,0.0800,1.8700,0.081517
real,7,1.00,4,2.7900,36.6100,0.0800,2.5300,0.069107
real,7,1.00,8,5.9500,61.2300,0.1000,3.7800,0.061734
real,7,1.00,16,9.6300,58.3000,0.1700,2.6900,0.046141
real,7,1.00,32,23.6400,76.3600,0.3100,5.9700,0.078182
real,7,1.00,64,30.5500,78.3700,0.3900,5.7100,0.072860
real,7,1.00,128,58.0600,102.4300,0.5700,13.6800,0.133555
real,7,1.00,200,108.1600,133.5100,0.8100,19.3000,0.144558
real,8,0.10,1,0.9800,21.1000,0.0500,0.9600,0.045498
real,8,0.10,2,1.8400,39.0700,0.0500,1.7200,0.044024
real,8,0.10,4,4.0700,64.3600,0.0600,3.0700,0.047700
real,8,0.10,8,7.5100,82.2300,0.0900,5.9200,0.071993
real,8,0.10,16,11.6900,114.9500,0.1000,9.0200,0.078469
real,8,0.10,32,25.5800,122.3800,0.2100,15.7900,0.129024
real,8,0.10,64,44.4400,144.7200,0.3100,27.0900,0.187189
real,8,0.10,128,113.3700,193.3600,0.5900,122.6200,0.634154
real,8,0.10,200,170.0100,192.9300,0.8800,170.4200,0.883326
real,8,0.50,1,1.0800,47.1800,0.0200,0.9600,0.020348
real,8,0.50,2,2.2400,85.7600,0.0300,1.7200,0.020056
real,8,0.50,4,6.5400,128.5300,0.0500,3.0700,0.023885
real,8,0.50,8,13.6400,147.3600,0.0900,5.9200,0.040174
real,8,0.50,16,28.4000,162.9500,0.1700,9.0200,0.055354
real,8,0.50,32,42.7800,160.0500,0.2700,15.7900,0.098657
real,8,0.50,64,74.0400,180.5900,0.4100,27.0900,0.150008
real,8,0.50,128,144.9600,210.7800,0.6900,122.6200,0.581744
real,8,0.50,200,169.4300,182.8600,0.9300,170.4200,0.931970
real,8,1.00,1,1.1800,66.7200,0.0200,0.9600,0.014388
real,8,1.00,2,2.6300,118.7100,0.0200,1.7200,0.014489
real,8,1.00,4,8.8700,162.2300,0.0500,3.0700,0.018924
real,8,1.00,8,16.3900,175.7500,0.0900,5.9200,0.033684
real,8,1.00,16,37.1900,184.2800,0.2000,9.0200,0.048947
real,8,1.00,32,53.1700,177.1300,0.3000,15.7900,0.089144
real,8,1.00,64,87.4500,196.1100,0.4500,27.0900,0.138137
real,8,1.00,128,143.0700,203.9500,0.7000,122.6200,0.601226
real,8,1.00,200,164.6800,187.2600,0.8800,170.4200,0.910072
real,9,0.10,1,1.4000,4.5900,0.3100,1.4000,0.305011
real,9,0.10,2,1.7100,8.2800,0.2100,1.7100,0.206522
real,9,0.10,4,2.2300,11.9700,0.1900,2.2100,0.184628
real,9,0.10,8,3.0000,13.9300,0.2200,2.9700,0.213209
real,9,0.10,16,4.2300,12.0300,0.3500,3.3600,0.279302
real,9,0.10,32,7.9400,23.4300,0.3400,4.9400,0.210841
real,9,0.10,64,9.6700,20.3900,0.4700,5.9600,0.292300
real,9,0.10,128,25.6600,48.8800,0.5300,14.2100,0.290712
real,9,0.10,200,49.3400,68.1600,0.7200,17.9300,0.263058
real,9,0.50,1,1.4100,10.2600,0.1400,1.4000,0.136452
real,9,0.50,2,1.7400,18.5100,0.0900,1.7100,0.092382
real,9,0.50,4,2.3300,27.9000,0.0800,2.2100,0.079211
real,9,0.50,8,3.2400,31.5900,0.1000,2.9700,0.094017
real,9,0.50,16,4.9600,25.3400,0.2000,3.3600,0.132597
real,9,0.50,32,10.3100,45.0400,0.2300,4.9400,0.109680
real,9,0.50,64,12.7100,38.6400,0.3300,5.9600,0.154244
real,9,0.50,128,32.1300,66.8600,0.4800,14.2100,0.212534
real,9,0.50,200,70.0500,96.2500,0.7300,17.9300,0.186286
real,9,1.00,1,1.4200,14.5100,0.1000,1.4000,0.096485
real,9,1.00,2,1.7700,26.1900,0.0700,1.7100,0.065292
real,9,1.00,4,2.4700,39.5900,0.0600,2.2100,0.055822
real,9,1.00,8,4.1200,45.7700,0.0900,2.9700,0.064890
real,9,1.00,16,5.8600,37.6900,0.1600,3.3600,0.089148
real,9,1.00,32,15.7400,62.4200,0.2500,4.9400,0.079141
real,9,1.00,64,21.0500,56.2600,0.3700,5.9600,0.105937
real,9,1.00,128,51.2600,86.1200,0.6000,14.2100,0.165002
real,9,1.00,200,97.6300,116.2000,0.8400,17.9300,0.154303
real,10,0.10,1,1.0400,3.1900,0.3300,1.0400,0.326019
real,10,0.10,2,1.4400,5.3800,0.2700,1.4400,0.267658
real,10,0.10,4,2.1300,8.6100,0.2500,2.1100,0.245064
real,10,0.10,8,6.8300,19.4500,0.3500,4.4400,0.228278
real,10,0.10,16,6.5600,15.0500,0.4400,3.8100,0.253156
real,10,0.10,32,12.0600,29.1300,0.4100,5.8100,0.199451
real,10,0.10,64,12.8600,25.7300,0.5000,5.6800,0.220754
real,10,0.10,128,32.6300,49.4800,0.6600,15.8200,0.319725
real,10,0.10,200,65.8000,82.0100,0.8000,20.3600,0.248262
real,10,0.50,1,1.0400,7.1200,0.1500,1.0400,0.146067
real,10,0.50,2,1.4600,12.0300,0.1200,1.4400,0.119701
real,10,0.50,4,2.1700,19.2600,0.1100,2.1100,0.109553
real,10,0.50,8,5.1000,40.6000,0.1300,4.4400,0.109360
real,10,0.50,16,7.9300,38.1300,0.2100,3.8100,0.099921
real,10,0.50,32,13.6400,56.1600,0.2400,5.8100,0.103454
real,10,0.50,64,17.1000,47.9600,0.3600,5.6800,0.118432
real,10,0.50,128,42.6600,82.4700,0.5200,15.8200,0.191827
real,10,0.50,200,78.3200,108.5400,0.7200,20.3600,0.187581
real,10,1.00,1,1.0400,10.0700,0.1000,1.0400,0.103277
real,10,1.00,2,1.4900,17.0100,0.0900,1.4400,0.084656
real,10,1.00,4,2.2100,27.2400,0.0800,2.1100,0.077460
real,10,1.00,8,5.1100,59.8900,0.0900,4.4400,0.074136
real,10,1.00,16,8.7200,59.9100,0.1500,3.8100,0.063595
real,10,1.00,32,19.3400,80.8800,0.2400,5.8100,0.071835
real,10,1.00,64,25.3500,72.9400,0.3500,5.6800,0.077872
real,10,1.00,128,55.6800,98.0000,0.5700,15.8200,0.161429
real,10,1.00,200,108.9500,132.9500,0.8200,20.3600,0.153140
real,11,0.10,1,2.0100,6.7300,0.3000,1.9900,0.295691
real,11,0.10,2,4.5700,12.0400,0.3800,4.5200,0.375415
real,11,0.10,4,4.2900,19.3700,0.2200,4.2000,0.216830
real,11,0.10,8,7.5900,44.2500,0.1700,5.1400,0.116158
real,11,0.10,16,36.9400,132.6900,0.2800,23.3700,0.176125
real,11,0.10,32,52.4000,128.1200,0.4100,33.4000,0.260693
real,11,0.10,64,88.7200,155.4100,0.5700,68.4600,0.440512
real,11,0.10,128,158.1600,181.1000,0.8700,145.3300,0.802485
real,11,0.10,200,189.2300,189.0600,1.0000,134.3200,0.710462
real,11,0.50,1,2.0700,15.0600,0.1400,1.9900,0.132138
real,11,0.50,2,4.7000,27.1300,0.1700,4.5200,0.166605
real,11,0.50,4,4.7700,43.5900,0.1100,4.2000,0.096352
real,11,0.50,8,15.9400,106.8500,0.1500,5.1400,0.048105
real,11,0.50,16,43.7200,175.3900,0.2500,23.3700,0.133246
real,11,0.50,32,60.9500,173.2200,0.3500,33.4000,0.192818
real,11,0.50,64,96.2500,189.6200,0.5100,68.4600,0.361038
real,11,0.50,128,156.9400,200.5700,0.7800,145.3300,0.724585
real,11,0.50,200,183.5700,197.5100,0.9300,134.3200,0.680067
real,11,1.00,1,2.1400,21.3000,0.1000,1.9900,0.093427
real,11,1.00,2,4.8700,38.6500,0.1300,4.5200,0.116947
real,11,1.00,4,5.4200,62.4000,0.0900,4.2000,0.067308
real,11,1.00,8,37.5400,171.4400,0.2200,5.1400,0.029981
real,11,1.00,16,49.5100,189.5900,0.2600,23.3700,0.123266
real,11,1.00,32,76.4500,173.7500,0.4400,33.4000,0.192230
real,11,1.00,64,123.2600,192.6700,0.6400,68.4600,0.355323
real,11,1.00,128,168.0200,194.9000,0.8600,145.3300,0.745664
real,11,1.00,200,178.3200,194.9400,0.9100,134.3200,0.689033
real,12,0.10,1,1.5800,4.1600,0.3800,1.5800,0.379808
real,12,0.10,2,2.5900,6.1800,0.4200,2.5800,0.417476
real,12,0.10,4,3.7400,8.6700,0.4300,3.7100,0.427912
real,12,0.10,8,11.1600,40.5900,0.2700,5.4300,0.133777
real,12,0.10,16,10.3500,29.4800,0.3500,4.6100,0.156377
real,12,0.10,32,22.0700,42.3600,0.5200,9.1300,0.215534
real,12,0.10,64,21.5200,38.3100,0.5600,9.6100,0.250848
real,12,0.10,128,44.4200,55.7200,0.8000,16.7200,0.300072
real,12,0.10,200,64.4900,74.9100,0.8600,19.3700,0.258577
real,12,0.50,1,1.5900,9.3100,0.1700,1.5800,0.169710
real,12,0.50,2,2.6300,13.8200,0.1900,2.5800,0.186686
real,12,0.50,4,3.8300,19.4600,0.2000,3.7100,0.190647
real,12,0.50,8,14.6400,66.6800,0.2200,5.4300,0.081434
real,12,0.50,16,15.2400,62.7600,0.2400,4.6100,0.073454
real,12,0.50,32,22.4800,75.0300,0.3000,9.1300,0.121685
real,12,0.50,64,23.5000,64.6100,0.3600,9.6100,0.148739
real,12,0.50,128,46.9300,91.2300,0.5100,16.7200,0.183273
real,12,0.50,200,86.0500,108.9800,0.7900,19.3700,0.177739
real,12,1.00,1,1.6000,13.1700,0.1200,1.5800,0.119970
real,12,1.00,2,2.6800,19.5500,0.1400,2.5800,0.131969
real,12,1.00,4,3.9300,27.6500,0.1400,3.7100,0.134177
real,12,1.00,8,12.0000,95.6200,0.1300,5.4300,0.056787
real,12,1.00,16,20.5800,95.0300,0.2200,4.6100,0.048511
real,12,1.00,32,38.3000,103.9200,0.3700,9.1300,0.087856
real,12,1.00,64,51.6100,101.3700,0.5100,9.6100,0.094801
real,12,1.00,128,86.5600,123.6700,0.7000,16.7200,0.135199
real,12,1.00,200,122.0000,149.5500,0.8200,19.3700,0.129522
real,13,0.10,1,1.4100,3.4600,0.4100,1.4000,0.404624
real,13,0.10,2,1.7100,6.3800,0.2700,1.7100,0.268025
real,13,0.10,4,4.2000,10.0000,0.4200,4.1500,0.415000
real,13,0.10,8,8.8800,32.1800,0.2800,5.0400,0.156619
real,13,0.10,16,5.9900,18.7600,0.3200,3.7100,0.197761
real,13,0.10,32,11.8800,32.3000,0.3700,5.3100,0.164396
real,13,0.10,64,14.1000,27.2500,0.5200,5.4400,0.199633
real,13,0.10,128,34.7700,53.3300,0.6500,20.8400,0.390774
real,13,0.10,200,63.6500,99.4500,0.6400,28.4000,0.285571
real,13,0.50,1,1.4100,7.7400,0.1800,1.4000,0.180879
real,13,0.50,2,1.7200,14.2600,0.1200,1.7100,0.119916
real,13,0.50,4,4.2600,22.3300,0.1900,4.1500,0.185849
real,13,0.50,8,11.2400,53.6900,0.2100,5.0400,0.093872
real,13,0.50,16,11.4300,42.0000,0.2700,3.7100,0.088333
real,13,0.50,32,17.8100,53.8400,0.3300,5.3100,0.098626
real,13,0.50,64,22.1800,46.6300,0.4800,5.4400,0.116663
real,13,0.50,128,40.3000,69.1400,0.5800,20.8400,0.301417
real,13,0.50,200,76.8300,111.3000,0.6900,28.4000,0.255166
real,13,1.00,1,1.4200,10.9500,0.1300,1.4000,0.127854
real,13,1.00,2,1.7400,20.1600,0.0900,1.7100,0.084821
real,13,1.00,4,4.3300,31.5000,0.1400,4.1500,0.131746
real,13,1.00,8,13.0800,66.5200,0.2000,5.0400,0.075767
real,13,1.00,16,15.3300,56.1400,0.2700,3.7100,0.066085
real,13,1.00,32,23.9300,67.5300,0.3500,5.3100,0.078632
real,13,1.00,64,32.0100,60.8300,0.5300,5.4400,0.089430
real,13,1.00,128,52.2400,89.2200,0.5900,20.8400,0.233580
real,13,1.00,200,90.0300,125.8000,0.7200,28.4000,0.225755
real,14,0.10,1,1.3600,6.2500,0.2200,1.3500,0.216000
real,14,0.10,2,1.5400,10.0700,0.1500,1.5200,0.150943
real,14,0.10,4,2.7100,14.1100,0.1900,2.6900,0.190645
real,14,0.10,8,5.4800,15.1100,0.3600,4.5200,0.299140
real,14,0.10,16,6.6600,12.8900,0.5200,4.4800,0.347556
real,14,0.10,32,15.5500,28.0600,0.5500,8.2300,0.293300
real,14,0.10,64,15.8600,25.5200,0.6200,9.2100,0.360893
real,14,0.10,128,33.2800,48.9500,0.6800,17.4400,0.356282
real,14,0.10,200,60.6800,77.4900,0.7800,28.1000,0.362627
real,14,0.50,1,1.3700,13.9700,0.1000,1.3500,0.096636
real,14,0.50,2,1.6000,22.5200,0.0700,1.5200,0.067496
real,14,0.50,4,2.8400,31.7500,0.0900,2.6900,0.084724
real,14,0.50,8,6.2700,32.2500,0.1900,4.5200,0.140155
real,14,0.50,16,7.7800,27.1800,0.2900,4.4800,0.164827
real,14,0.50,32,15.4200,48.0200,0.3200,8.2300,0.171387
real,14,0.50,64,17.0000,42.7200,0.4000,9.2100,0.215590
real,14,0.50,128,36.7500,65.4400,0.5600,17.4400,0.266504
real,14,0.50,200,76.3500,101.6400,0.7500,28.1000,0.276466
real,14,1.00,1,1.3900,19.7600,0.0700,1.3500,0.068320
real,14,1.00,2,1.6700,31.8600,0.0500,1.5200,0.047709
real,14,1.00,4,3.0100,45.1200,0.0700,2.6900,0.059619
real,14,1.00,8,10.7400,47.4700,0.2300,4.5200,0.095218
real,14,1.00,16,11.8300,39.8600,0.3000,4.4800,0.112393
real,14,1.00,32,23.5700,65.7600,0.3600,8.2300,0.125152
real,14,1.00,64,28.5600,58.7500,0.4900,9.2100,0.156766
real,14,1.00,128,55.9600,84.0900,0.6700,17.4400,0.207397
real,14,1.00,200,93.3600,125.7200,0.7400,28.1000,0.223513
real,15,0.10,1,1.4000,4.5300,0.3100,1.4100,0.311258
real,15,0.10,2,1.6100,6.4800,0.2500,1.6100,0.248457
real,15,0.10,4,2.8300,9.3500,0.3000,2.8100,0.300535
real,15,0.10,8,7.5200,50.8200,0.1500,4.7300,0.093074
real,15,0.10,16,8.6500,36.3000,0.2400,4.7200,0.130028
real,15,0.10,32,20.7300,52.1900,0.4000,12.5700,0.240851
real,15,0.10,64,16.6700,43.2500,0.3900,7.4900,0.173179
real,15,0.10,128,32.3000,62.9000,0.5100,17.4900,0.278060
real,15,0.10,200,65.3900,94.2500,0.6900,22.8900,0.242865
real,15,0.50,1,1.4100,10.1300,0.1400,1.4100,0.139191
real,15,0.50,2,1.6100,14.5200,0.1100,1.6100,0.110882
real,15,0.50,4,2.8800,21.0600,0.1400,2.8100,0.133428
real,15,0.50,8,7.0300,68.2500,0.1000,4.7300,0.069304
real,15,0.50,16,9.8500,64.4400,0.1500,4.7200,0.073246
real,15,0.50,32,20.1200,78.6600,0.2600,12.5700,0.159802
real,15,0.50,64,26.6200,71.7800,0.3700,7.4900,0.104347
real,15,0.50,128,53.0300,95.3800,0.5600,17.4900,0.183372
real,15,0.50,200,90.9200,134.1100,0.6800,22.8900,0.170681
real,15,1.00,1,1.4100,14.3200,0.1000,1.4100,0.098464
real,15,1.00,2,1.6300,20.5700,0.0800,1.6100,0.078269
real,15,1.00,4,2.9400,29.9900,0.1000,2.8100,0.093698
real,15,1.00,8,16.2600,86.7700,0.1900,4.7300,0.054512
real,15,1.00,16,18.4200,86.5500,0.2100,4.7200,0.054535
real,15,1.00,32,33.5800,96.8500,0.3500,12.5700,0.129788
real,15,1.00,64,45.6700,103.6900,0.4400,7.4900,0.072235
real,15,1.00,128,79.3400,130.0200,0.6100,17.4900,0.134518
real,15,1.00,200,122.2700,150.2000,0.8100,22.8900,0.152397
real,16,0.10,1,2.8100,37.2000,0.0800,3.2500,0.087366
real,16,0.10,2,4.1700,51.5700,0.0800,3.1300,0.060694
real,16,0.10,4,8.1400,70.4100,0.1200,4.7600,0.067604
real,16,0.10,8,10.5200,58.7100,0.1800,5.6100,0.095554
real,16,0.10,16,14.5200,82.1900,0.1800,9.9600,0.121183
real,16,0.10,32,31.1100,117.6900,0.2600,19.1700,0.162886
real,16,0.10,64,62.8400,144.2800,0.4400,34.7700,0.240990
real,16,0.10,128,131.8500,185.4100,0.7100,95.2500,0.513726
real,16,0.10,200,168.3500,195.7500,0.8600,162.7200,0.831264
real,16,0.50,1,3.1800,57.1800,0.0600,3.2500,0.056838
real,16,0.50,2,4.8300,89.8900,0.0500,3.1300,0.034820
real,16,0.50,4,6.9700,124.8600,0.0600,4.7600,0.038123
real,16,0.50,8,9.4200,110.2200,0.0900,5.6100,0.050898
real,16,0.50,16,17.0900,135.3400,0.1300,9.9600,0.073592
real,16,0.50,32,42.6300,160.5100,0.2700,19.1700,0.119432
real,16,0.50,64,73.7700,167.3500,0.4400,34.7700,0.207768
real,16,0.50,128,139.6600,202.8000,0.6900,95.2500,0.469675
real,16,0.50,200,177.8800,187.5200,0.9500,162.7200,0.867747
real,16,1.00,1,3.5600,73.6900,0.0500,3.2500,0.044104
real,16,1.00,2,5.7800,118.5500,0.0500,3.1300,0.026402
real,16,1.00,4,8.8500,158.5300,0.0600,4.7600,0.030026
real,16,1.00,8,13.5600,139.4500,0.1000,5.6100,0.040229
real,16,1.00,16,28.1400,157.7900,0.1800,9.9600,0.063122
real,16,1.00,32,55.8200,176.0100,0.3200,19.1700,0.108914
real,16,1.00,64,94.5700,186.1000,0.5100,34.7700,0.186835
real,16,1.00,128,154.7700,199.0400,0.7800,95.2500,0.478547
real,16,1.00,200,187.9500,201.5700,0.9300,162.7200,0.807263
real,17,0.10,1,1.2500,4.8200,0.2600,1.2500,0.259336
real,17,0.10,2,1.5500,8.5700,0.1800,1.5500,0.180863
real,17,0.10,4,3.1900,13.4600,0.2400,3.1200,0.231798
real,17,0.10,8,6.0800,32.9000,0.1800,4.4800,0.136170
real,17,0.10,16,5.0500,22.8900,0.2200,3.6200,0.158148
real,17,0.10,32,13.2000,30.4700,0.4300,7.9900,0.262225
real,17,0.10,64,14.2800,28.7700,0.5000,6.1800,0.214807
real,17,0.10,128,29.3700,54.5200,0.5400,11.0700,0.203045
real,17,0.10,200,63.9000,87.1300,0.7300,21.0500,0.241593
real,17,0.50,1,1.2600,10.7700,0.1200,1.2500,0.116063
real,17,0.50,2,1.5800,19.1500,0.0800,1.5500,0.080940
real,17,0.50,4,3.2600,29.4900,0.1100,3.1200,0.105799
real,17,0.50,8,8.2500,52.6800,0.1600,4.4800,0.085042
real,17,0.50,16,10.6700,44.1000,0.2400,3.6200,0.082086
real,17,0.50,32,24.5900,58.8800,0.4200,7.9900,0.135700
real,17,0.50,64,27.6800,55.7900,0.5000,6.1800,0.110773
real,17,0.50,128,50.4000,81.1300,0.6200,11.0700,0.136448
real,17,0.50,200,97.1300,103.5200,0.9400,21.0500,0.203342
real,17,1.00,1,1.2700,15.2400,0.0800,1.2500,0.082021
real,17,1.00,2,1.6200,27.0800,0.0600,1.5500,0.057238
real,17,1.00,4,3.3500,41.5700,0.0800,3.1200,0.075054
real,17,1.00,8,5.8600,67.1000,0.0900,4.4800,0.066766
real,17,1.00,16,12.3900,63.4600,0.2000,3.6200,0.057044
real,17,1.00,32,28.7600,82.5100,0.3500,7.9900,0.096837
real,17,1.00,64,36.9300,84.8200,0.4400,6.1800,0.072860
real,17,1.00,128,71.6100,110.4600,0.6500,11.0700,0.100217
real,17,1.00,200,111.4400,138.3400,0.8100,21.0500,0.152161
real,18,0.10,1,1.3900,4.7900,0.2900,1.3900,0.290188
real,18,0.10,2,1.7200,6.6900,0.2600,1.7200,0.257100
real,18,0.10,4,3.0400,9.3900,0.3200,3.0200,0.321619
real,18,0.10,8,10.0700,50.7300,0.2000,4.5500,0.089691
real,18,0.10,16,13.1900,38.4300,0.3400,5.3000,0.137913
real,18,0.10,32,22.4500,46.6800,0.4800,8.0100,0.171594
real,18,0.10,64,18.2000,41.0000,0.4400,7.9100,0.192927
real,18,0.10,128,32.1700,58.9500,0.5500,13.7400,0.233079
real,18,0.10,200,66.6600,86.9800,0.7700,27.7400,0.318924
real,18,0.50,1,1.3900,10.7100,0.1300,1.3900,0.129785
real,18,0.50,2,1.7400,14.9700,0.1200,1.7200,0.114896
real,18,0.50,4,3.0900,21.1400,0.1500,3.0200,0.142857
real,18,0.50,8,6.8400,70.6000,0.1000,4.5500,0.064448
real,18,0.50,16,13.7600,65.0600,0.2100,5.3000,0.081463
real,18,0.50,32,24.0400,72.7900,0.3300,8.0100,0.110043
real,18,0.50,64,31.1000,70.5100,0.4400,7.9100,0.112183
real,18,0.50,128,63.0300,99.6000,0.6300,13.7400,0.137952
real,18,0.50,200,104.3100,125.0900,0.8300,27.7400,0.221760
real,18,1.00,1,1.4000,15.1500,0.0900,1.3900,0.091749
real,18,1.00,2,1.7700,21.2100,0.0800,1.7200,0.081094
real,18,1.00,4,3.1500,30.1100,0.1000,3.0200,0.100299
real,18,1.00,8,5.6500,86.8800,0.0700,4.5500,0.052371
real,18,1.00,16,17.1700,90.4500,0.1900,5.3000,0.058596
real,18,1.00,32,29.8800,96.5100,0.3100,8.0100,0.082997
real,18,1.00,64,43.2900,104.6700,0.4100,7.9100,0.075571
real,18,1.00,128,85.6500,134.2500,0.6400,13.7400,0.102346
real,18,1.00,200,113.0400,145.2600,0.7800,27.7400,0.190968
real,19,0.10,1,2.1600,4.4600,0.4800,2.1600,0.484305
real,19,0.10,2,2.7000,6.2600,0.4300,2.7000,0.431310
real,19,0.10,4,3.2300,9.4000,0.3400,3.2100,0.341489
real,19,0.10,8,8.5900,39.4600,0.2200,5.5700,0.141156
real,19,0.10,16,7.3700,24.9900,0.3000,4.1700,0.166867
real,19,0.10,32,15.7100,39.8200,0.3900,7.2100,0.181065
real,19,0.10,64,14.4800,33.1400,0.4400,7.9800,0.240797
real,19,0.10,128,29.5000,54.1700,0.5400,19.0500,0.351671
real,19,0.10,200,59.8300,93.6700,0.6400,25.5500,0.272766
real,19,0.50,1,2.1700,9.9700,0.2200,2.1600,0.216650
real,19,0.50,2,2.7200,14.0300,0.1900,2.7000,0.192445
real,19,0.50,4,3.2800,21.1400,0.1600,3.2100,0.151845
real,19,0.50,8,8.6700,59.9900,0.1400,5.5700,0.092849
real,19,0.50,16,9.8000,48.8900,0.2000,4.1700,0.085294
real,19,0.50,32,19.2300,66.9500,0.2900,7.2100,0.107692
real,19,0.50,64,25.4300,52.9400,0.4800,7.9800,0.150737
real,19,0.50,128,44.5300,76.7600,0.5800,19.0500,0.248176
real,19,0.50,200,90.9700,113.5300,0.8000,25.5500,0.225051
real,19,1.00,1,2.1800,14.1000,0.1500,2.1600,0.153191
real,19,1.00,2,2.7400,19.8800,0.1400,2.7000,0.135815
real,19,1.00,4,3.3400,30.0700,0.1100,3.2100,0.106751
real,19,1.00,8,14.5600,75.5600,0.1900,5.5700,0.073716
real,19,1.00,16,13.9500,75.0800,0.1900,4.1700,0.055541
real,19,1.00,32,22.7300,88.0300,0.2600,7.2100,0.081904
real,19,1.00,64,35.4800,86.5200,0.4100,7.9800,0.092233
real,19,1.00,128,59.7800,113.3500,0.5300,19.0500,0.168064
real,19,1.00,200,109.4600,143.9100,0.7600,25.5500,0.177542
real-struct,0,0.10,1,3.3100,11.2400,0.2900,3.2900,0.292705
real-struct,0,0.10,2,5.0400,18.1100,0.2800,5.0100,0.276643
real-struct,0,0.10,4,5.7700,25.3000,0.2300,5.7500,0.227273
real-struct,0,0.10,8,11.2100,49.9800,0.2200,8.9700,0.179472
real-struct,0,0.10,16,19.6600,61.4700,0.3200,14.4000,0.234261
real-struct,0,0.10,32,37.7500,82.6200,0.4600,37.1400,0.449528
real-struct,0,0.10,64,67.8100,96.8900,0.7000,24.5600,0.253483
real-struct,0,0.10,128,103.4300,109.2300,0.9500,98.3700,0.900577
real-struct,0,0.10,200,120.4300,134.1500,0.9000,167.4500,1.248230
real-struct,0,0.50,1,3.3600,25.1300,0.1300,3.2900,0.130919
real-struct,0,0.50,2,5.1300,40.5900,0.1300,5.0100,0.123429
real-struct,0,0.50,4,5.9500,56.6000,0.1100,5.7500,0.101590
real-struct,0,0.50,8,9.6100,84.7300,0.1100,8.9700,0.105866
real-struct,0,0.50,16,27.0300,94.6200,0.2900,14.4000,0.152188
real-struct,0,0.50,32,38.3600,104.6700,0.3700,37.1400,0.354829
real-struct,0,0.50,64,71.0200,107.7800,0.6600,24.5600,0.227872
real-struct,0,0.50,128,98.0100,122.0300,0.8000,98.3700,0.806113
real-struct,0,0.50,200,133.8100,146.3000,0.9100,167.4500,1.144566
real-struct,0,1.00,1,3.4100,35.5400,0.1000,3.2900,0.092572
real-struct,0,1.00,2,5.2400,57.5800,0.0900,5.0100,0.087009
real-struct,0,1.00,4,6.2400,80.4400,0.0800,5.7500,0.071482
real-struct,0,1.00,8,10.8200,112.1100,0.1000,8.9700,0.080011
real-struct,0,1.00,16,31.2900,118.8400,0.2600,14.4000,0.121171
real-struct,0,1.00,32,41.9400,122.4800,0.3400,37.1400,0.303233
real-struct,0,1.00,64,78.7000,131.4600,0.6000,24.5600,0.186825
real-struct,0,1.00,128,101.7700,116.0900,0.8800,98.3700,0.847360
real-struct,0,1.00,200,122.3800,133.1300,0.9200,167.4500,1.257793
real-struct,1,0.10,1,3.7300,6.1200,0.6100,3.7200,0.607843
real-struct,1,0.10,2,4.1200,8.8300,0.4700,4.1200,0.466591
real-struct,1,0.10,4,5.1400,12.0400,0.4300,5.1200,0.425249
real-struct,1,0.10,8,6.8400,15.7300,0.4300,6.7600,0.429752
real-struct,1,0.10,16,11.6200,27.7300,0.4200,8.3600,0.301479
real-struct,1,0.10,32,16.9700,25.3000,0.6700,13.1100,0.518182
real-struct,1,0.10,64,21.6400,35.8200,0.6000,14.8800,0.415410
real-struct,1,0.10,128,47.0700,67.3300,0.7000,27.0300,0.401456
real-struct,1,0.10,200,103.1800,134.8000,0.7700,118.3600,0.878042
real-struct,1,0.50,1,3.7600,13.6900,0.2700,3.7200,0.271731
real-struct,1,0.50,2,4.1500,19.6800,0.2100,4.1200,0.209350
real-struct,1,0.50,4,5.2500,26.8500,0.2000,5.1200,0.190689
real-struct,1,0.50,8,9.2500,36.5600,0.2500,6.7600,0.184902
real-struct,1,0.50,16,18.1900,44.9100,0.4100,8.3600,0.186150
real-struct,1,0.50,32,24.4600,45.2900,0.5400,13.1100,0.289468
real-struct,1,0.50,64,32.5000,54.4100,0.6000,14.8800,0.273479
real-struct,1,0.50,128,66.7300,84.8700,0.7900,27.0300,0.318487
real-struct,1,0.50,200,113.1800,124.8000,0.9100,118.3600,0.948397
real-struct,1,1.00,1,3.7900,19.3600,0.2000,3.7200,0.192149
real-struct,1,1.00,2,4.2000,27.7700,0.1500,4.1200,0.148362
real-struct,1,1.00,4,5.3900,37.9400,0.1400,5.1200,0.134950
real-struct,1,1.00,8,12.4800,53.0900,0.2400,6.7600,0.127331
real-struct,1,1.00,16,17.8500,60.6000,0.2900,8.3600,0.137954
real-struct,1,1.00,32,25.5500,62.2300,0.4100,13.1100,0.210670
real-struct,1,1.00,64,36.7400,62.5500,0.5900,14.8800,0.237890
real-struct,1,1.00,128,85.0600,100.2900,0.8500,27.0300,0.269518
real-struct,1,1.00,200,123.7800,136.4600,0.9100,118.3600,0.867360
real-struct,2,0.10,1,3.5300,4.4400,0.7900,3.5300,0.795045
real-struct,2,0.10,2,3.9500,6.3500,0.6200,3.9500,0.622047
real-struct,2,0.10,4,5.1100,8.6400,0.5900,5.1000,0.590278
real-struct,2,0.10,8,9.0000,19.9400,0.4500,9.3500,0.468907
real-struct,2,0.10,16,9.4500,19.2400,0.4900,6.2200,0.323285
real-struct,2,0.10,32,12.6500,23.6800,0.5300,8.8400,0.373311
real-struct,2,0.10,64,24.0700,31.2200,0.7700,13.6900,0.438501
real-struct,2,0.10,128,52.7600,69.7200,0.7600,26.6300,0.381956
real-struct,2,0.10,200,102.1800,114.7900,0.8900,72.6700,0.633069
real-struct,2,0.50,1,3.5400,9.9400,0.3600,3.5300,0.355131
real-struct,2,0.50,2,3.9500,14.2000,0.2800,3.9500,0.278169
real-struct,2,0.50,4,5.1200,19.3100,0.2700,5.1000,0.264112
real-struct,2,0.50,8,10.0600,34.5400,0.2900,9.3500,0.270701
real-struct,2,0.50,16,7.9100,35.5100,0.2200,6.2200,0.175162
real-struct,2,0.50,32,15.5300,46.0900,0.3400,8.8400,0.191799
real-struct,2,0.50,64,23.8600,46.1300,0.5200,13.6900,0.296770
real-struct,2,0.50,128,64.6100,87.6300,0.7400,26.6300,0.303891
real-struct,2,0.50,200,103.9400,103.7900,1.0000,72.6700,0.700164
real-struct,2,1.00,1,3.5500,14.0600,0.2500,3.5300,0.251067
real-struct,2,1.00,2,3.9700,20.0900,0.2000,3.9500,0.196615
real-struct,2,1.00,4,5.1400,27.3200,0.1900,5.1000,0.186676
real-struct,2,1.00,8,10.7100,48.6600,0.2200,9.3500,0.192150
real-struct,2,1.00,16,10.8200,52.4800,0.2100,6.2200,0.118521
real-struct,2,1.00,32,21.0300,65.2500,0.3200,8.8400,0.135479
real-struct,2,1.00,64,31.6100,57.1700,0.5500,13.6900,0.239461
real-struct,2,1.00,128,75.1800,89.0300,0.8400,26.6300,0.299113
real-struct,2,1.00,200,107.5100,114.4700,0.9400,72.6700,0.634839
real-struct,3,0.10,1,2.8500,6.4700,0.4400,2.8500,0.440495
real-struct,3,0.10,2,3.5900,10.7900,0.3300,3.5800,0.331789
real-struct,3,0.10,4,4.8500,20.8500,0.2300,4.2400,0.203357
real-struct,3,0.10,8,10.0600,42.6300,0.2400,8.0900,0.189772
real-struct,3,0.10,16,19.6700,58.7100,0.3400,14.3500,0.244422
real-struct,3,0.10,32,25.8400,51.3600,0.5000,12.9900,0.252921
real-struct,3,0.10,64,35.7900,55.3600,0.6500,15.0400,0.271676
real-struct,3,0.10,128,55.2500,73.7400,0.7500,24.5500,0.332926
real-struct,3,0.10,200,104.6600,112.5900,0.9300,81.0500,0.719869
real-struct,3,0.50,1,2.8600,12.7400,0.2200,2.8500,0.223705
real-struct,3,0.50,2,3.6300,21.2500,0.1700,3.5800,0.168471
real-struct,3,0.50,4,6.4100,36.1500,0.1800,4.2400,0.117289
real-struct,3,0.50,8,16.6900,61.7200,0.2700,8.0900,0.131076
real-struct,3,0.50,16,30.7600,79.7500,0.3900,14.3500,0.179937
real-struct,3,0.50,32,36.4600,72.5700,0.5000,12.9900,0.179000
real-struct,3,0.50,64,42.6200,69.8100,0.6100,15.0400,0.215442
real-struct,3,0.50,128,67.4000,83.6200,0.8100,24.5500,0.293590
real-struct,3,0.50,200,103.4200,121.9900,0.8500,81.0500,0.664399
real-struct,3,1.00,1,2.8800,17.4400,0.1700,2.8500,0.163417
real-struct,3,1.00,2,3.6800,29.1200,0.1300,3.5800,0.122940
real-struct,3,1.00,4,4.5000,47.0600,0.1000,4.2400,0.090098
real-struct,3,1.00,8,13.0000,75.1800,0.1700,8.0900,0.107608
real-struct,3,1.00,16,25.1900,98.7900,0.2500,14.3500,0.145258
real-struct,3,1.00,32,32.3200,87.4500,0.3700,12.9900,0.148542
real-struct,3,1.00,64,47.1500,86.3900,0.5500,15.0400,0.174094
real-struct,3,1.00,128,90.2100,105.1500,0.8600,24.5500,0.233476
real-struct,3,1.00,200,114.3900,129.6300,0.8800,81.0500,0.625241
real-struct,4,0.10,1,2.8000,4.0200,0.7000,2.7900,0.694030
real-struct,4,0.10,2,3.7400,5.8400,0.6400,3.7400,0.640411
real-struct,4,0.10,4,4.0900,8.0000,0.5100,4.0900,0.511250
real-struct,4,0.10,8,5.3400,13.7400,0.3900,5.2700,0.383552
real-struct,4,0.10,16,7.9100,12.6300,0.6300,7.7000,0.609660
real-struct,4,0.10,32,9.7900,17.6000,0.5600,8.6400,0.490909
real-struct,4,0.10,64,18.6200,29.6000,0.6300,13.4600,0.454730
real-struct,4,0.10,128,44.3800,66.8800,0.6600,20.0300,0.299492
real-struct,4,0.10,200,99.6500,123.5200,0.8100,68.0300,0.550761
real-struct,4,0.50,1,2.8100,8.9900,0.3100,2.7900,0.310345
real-struct,4,0.50,2,3.7400,13.0600,0.2900,3.7400,0.286371
real-struct,4,0.50,4,4.1100,17.9100,0.2300,4.0900,0.228364
real-struct,4,0.50,8,5.4700,25.4800,0.2100,5.2700,0.206829
real-struct,4,0.50,16,8.2100,25.4900,0.3200,7.7000,0.302079
real-struct,4,0.50,32,13.3800,35.0600,0.3800,8.6400,0.246435
real-struct,4,0.50,64,22.1100,42.1400,0.5200,13.4600,0.319411
real-struct,4,0.50,128,54.2300,78.2300,0.6900,20.0300,0.256040
real-struct,4,0.50,200,89.6100,119.5900,0.7500,68.0300,0.568860
real-struct,4,1.00,1,2.8200,12.7100,0.2200,2.7900,0.219512
real-struct,4,1.00,2,3.7600,18.4800,0.2000,3.7400,0.202381
real-struct,4,1.00,4,4.1300,25.3600,0.1600,4.0900,0.161278
real-struct,4,1.00,8,9.3900,37.9600,0.2500,5.2700,0.138830
real-struct,4,1.00,16,12.4500,39.3100,0.3200,7.7000,0.195879
real-struct,4,1.00,32,16.2000,48.8400,0.3300,8.6400,0.176904
real-struct,4,1.00,64,25.6600,49.2800,0.5200,13.4600,0.273133
real-struct,4,1.00,128,59.7200,85.2900,0.7000,20.0300,0.234846
real-struct,4,1.00,200,106.7200,117.9400,0.9000,68.0300,0.576819
real-struct,5,0.10,1,4.1300,6.4700,0.6400,4.1300,0.638331
real-struct,5,0.10,2,3.7600,10.0000,0.3800,3.7500,0.375000
real-struct,5,0.10,4,6.5500,14.7200,0.4400,6.5500,0.444973
real-struct,5,0.10,8,9.0100,44.3600,0.2000,10.3600,0.233544
real-struct,5,0.10,16,19.6000,50.9700,0.3800,23.7400,0.465764
real-struct,5,0.10,32,26.0800,44.2100,0.5900,24.1800,0.546935
real-struct,5,0.10,64,37.7200,56.2100,0.6700,42.1100,0.749155
real-struct,5,0.10,128,60.2000,79.3900,0.7600,32.3600,0.407608
real-struct,5,0.10,200,118.1800,121.3400,0.9700,65.4400,0.539311
real-struct,5,0.50,1,4.1600,13.0100,0.3200,4.1300,0.317448
real-struct,5,0.50,2,3.8000,19.8100,0.1900,3.7500,0.189298
real-struct,5,0.50,4,6.5400,28.9900,0.2300,6.5500,0.225940
real-struct,5,0.50,8,13.5100,63.0800,0.2100,10.3600,0.164236
real-struct,5,0.50,16,28.2200,80.3000,0.3500,23.7400,0.295641
real-struct,5,0.50,32,40.9100,69.7400,0.5900,24.1800,0.346716
real-struct,5,0.50,64,46.4700,76.6800,0.6100,42.1100,0.549165
real-struct,5,0.50,128,71.1500,88.7000,0.8000,32.3600,0.364825
real-struct,5,0.50,200,104.2100,117.8700,0.8800,65.4400,0.555188
real-struct,5,1.00,1,4.1800,17.9200,0.2300,4.1300,0.230469
real-struct,5,1.00,2,3.8400,27.1900,0.1400,3.7500,0.137918
real-struct,5,1.00,4,6.5400,39.7000,0.1600,6.5500,0.164987
real-struct,5,1.00,8,10.9400,73.6800,0.1500,10.3600,0.140608
real-struct,5,1.00,16,27.1900,97.4000,0.2800,23.7400,0.243737
real-struct,5,1.00,32,36.3500,82.9800,0.4400,24.1800,0.291396
real-struct,5,1.00,64,52.1700,84.2400,0.6200,42.1100,0.499881
real-struct,5,1.00,128,82.5600,104.3900,0.7900,32.3600,0.309991
real-struct,5,1.00,200,123.5200,133.4300,0.9300,65.4400,0.490444
real-struct,6,0.10,1,3.0600,17.6000,0.1700,3.0200,0.171591
real-struct,6,0.10,2,4.7800,30.5000,0.1600,4.6700,0.153115
real-struct,6,0.10,4,6.9200,42.2800,0.1600,6.7200,0.158940
real-struct,6,0.10,8,10.7500,58.7800,0.1800,10.7100,0.182205
real-struct,6,0.10,16,28.1500,87.5200,0.3200,22.8700,0.261312
real-struct,6,0.10,32,64.5300,113.7400,0.5700,43.6900,0.384122
real-struct,6,0.10,64,64.6500,87.5500,0.7400,30.0200,0.342890
real-struct,6,0.10,128,97.7200,107.9600,0.9100,39.4600,0.365506
real-struct,6,0.10,200,123.2700,117.3500,1.0500,57.9900,0.494163
real-struct,6,0.50,1,3.2900,39.3600,0.0800,3.0200,0.076728
real-struct,6,0.50,2,5.3200,68.3800,0.0800,4.6700,0.068295
real-struct,6,0.50,4,7.6100,90.6700,0.0800,6.7200,0.074115
real-struct,6,0.50,8,13.0200,113.7900,0.1100,10.7100,0.094121
real-struct,6,0.50,16,40.7600,139.3900,0.2900,22.8700,0.164072
real-struct,6,0.50,32,65.6900,126.2000,0.5200,43.6900,0.346197
real-struct,6,0.50,64,71.7600,101.5600,0.7100,30.0200,0.295589
real-struct,6,0.50,128,100.4300,103.1300,0.9700,39.4600,0.382624
real-struct,6,0.50,200,95.0800,115.2500,0.8300,57.9900,0.503167
real-struct,6,1.00,1,3.5500,55.6700,0.0600,3.0200,0.054248
real-struct,6,1.00,2,5.9100,96.8700,0.0600,4.6700,0.048209
real-struct,6,1.00,4,8.2900,122.5300,0.0700,6.7200,0.054844
real-struct,6,1.00,8,13.5700,143.4600,0.0900,10.7100,0.074655
real-struct,6,1.00,16,35.6800,154.0900,0.2300,22.8700,0.148420
real-struct,6,1.00,32,53.4100,128.5400,0.4200,43.6900,0.339894
real-struct,6,1.00,64,71.2400,110.4800,0.6400,30.0200,0.271723
real-struct,6,1.00,128,101.1100,118.9500,0.8500,39.4600,0.331736
real-struct,6,1.00,200,114.4000,120.9600,0.9500,57.9900,0.479415
real-struct,7,0.10,1,2.5300,6.1600,0.4100,2.5200,0.409091
real-struct,7,0.10,2,3.6200,9.6800,0.3700,3.6200,0.373967
real-struct,7,0.10,4,5.1500,14.3000,0.3600,5.1500,0.360140
real-struct,7,0.10,8,7.5600,39.4000,0.1900,8.2500,0.209391
real-struct,7,0.10,16,10.4400,47.3700,0.2200,10.2900,0.217226
real-struct,7,0.10,32,20.2600,41.9700,0.4800,13.4900,0.321420
real-struct,7,0.10,64,29.0200,52.7700,0.5500,20.4800,0.388099
real-struct,7,0.10,128,50.9800,63.0300,0.8100,22.3800,0.355069
real-struct,7,0.10,200,101.1800,105.7800,0.9600,47.3000,0.447154
real-struct,7,0.50,1,2.5400,12.2600,0.2100,2.5200,0.205546
real-struct,7,0.50,2,3.6300,19.1800,0.1900,3.6200,0.188738
real-struct,7,0.50,4,5.1300,28.0600,0.1800,5.1500,0.183535
real-struct,7,0.50,8,8.7800,58.9200,0.1500,8.2500,0.140020
real-struct,7,0.50,16,16.7200,68.7700,0.2400,10.2900,0.149629
real-struct,7,0.50,32,28.9800,65.1000,0.4500,13.4900,0.207220
real-struct,7,0.50,64,39.8100,66.9100,0.5900,20.4800,0.306083
real-struct,7,0.50,128,67.5200,85.4900,0.7900,22.3800,0.261785
real-struct,7,0.50,200,103.3900,116.4700,0.8900,47.3000,0.406113
real-struct,7,1.00,1,2.5500,16.8500,0.1500,2.5200,0.149555
real-struct,7,1.00,2,3.6500,26.3300,0.1400,3.6200,0.137486
real-struct,7,1.00,4,5.1200,38.3800,0.1300,5.1500,0.134184
real-struct,7,1.00,8,12.4800,71.1800,0.1800,8.2500,0.115903
real-struct,7,1.00,16,22.9400,86.2400,0.2700,10.2900,0.119318
real-struct,7,1.00,32,35.6300,84.9900,0.4200,13.4900,0.158725
real-struct,7,1.00,64,50.4200,81.8200,0.6200,20.4800,0.250306
real-struct,7,1.00,128,84.7200,96.3200,0.8800,22.3800,0.232350
real-struct,7,1.00,200,120.4000,120.0300,1.0000,47.3000,0.394068
real-struct,8,0.10,1,2.6500,17.2200,0.1500,2.5800,0.149826
real-struct,8,0.10,2,3.8000,30.4900,0.1200,3.6800,0.120695
real-struct,8,0.10,4,7.7500,49.1900,0.1600,7.6300,0.155113
real-struct,8,0.10,8,15.3500,59.9700,0.2600,16.0400,0.267467
real-struct,8,0.10,16,25.8400,75.2600,0.3400,21.3900,0.284215
real-struct,8,0.10,32,52.1200,106.8200,0.4900,32.1900,0.301348
real-struct,8,0.10,64,63.3300,97.0200,0.6500,58.1800,0.599670
real-struct,8,0.10,128,88.2400,103.1500,0.8600,83.3200,0.807756
real-struct,8,0.10,200,117.1600,127.1800,0.9200,85.0300,0.668580
real-struct,8,0.50,1,2.8700,38.5200,0.0700,2.5800,0.066978
real-struct,8,0.50,2,4.2200,68.1400,0.0600,3.6800,0.054006
real-struct,8,0.50,4,8.3200,106.1300,0.0800,7.6300,0.071893
real-struct,8,0.50,8,16.6200,125.2400,0.1300,16.0400,0.128074
real-struct,8,0.50,16,34.3500,145.7200,0.2400,21.3900,0.146788
real-struct,8,0.50,32,62.9500,122.7400,0.5100,32.1900,0.262262
real-struct,8,0.50,64,75.5200,111.6300,0.6800,58.1800,0.521186
real-struct,8,0.50,128,103.0500,108.4500,0.9500,83.3200,0.768280
real-struct,8,0.50,200,121.6200,130.1400,0.9300,85.0300,0.653373
real-struct,8,1.00,1,3.1200,54.4700,0.0600,2.5800,0.047366
real-struct,8,1.00,2,4.6700,96.0700,0.0500,3.6800,0.038305
real-struct,8,1.00,4,8.8200,143.4600,0.0600,7.6300,0.053186
real-struct,8,1.00,8,17.8700,161.5500,0.1100,16.0400,0.099288
real-struct,8,1.00,16,34.1400,160.0200,0.2100,21.3900,0.133671
real-struct,8,1.00,32,54.4700,137.7700,0.4000,32.1900,0.233650
real-struct,8,1.00,64,75.3900,113.2600,0.6700,58.1800,0.513685
real-struct,8,1.00,128,100.9300,110.5100,0.9100,83.3200,0.753959
real-struct,8,1.00,200,121.9100,122.7200,0.9900,85.0300,0.692878
real-struct,9,0.10,1,2.5200,4.9700,0.5100,2.5300,0.509054
real-struct,9,0.10,2,3.4500,7.7100,0.4500,3.4300,0.444877
real-struct,9,0.10,4,4.7300,10.6000,0.4500,4.7000,0.443396
real-struct,9,0.10,8,6.5000,15.4000,0.4200,6.3800,0.414286
real-struct,9,0.10,16,9.0400,16.3300,0.5500,7.0300,0.430496
real-struct,9,0.10,32,17.8000,23.0600,0.7700,16.5200,0.716392
real-struct,9,0.10,64,20.4700,30.6400,0.6700,13.3200,0.434726
real-struct,9,0.10,128,49.1500,72.7500,0.6800,25.1900,0.346254
real-struct,9,0.10,200,89.2000,122.3300,0.7300,90.3900,0.738903
real-struct,9,0.50,1,2.5400,11.1100,0.2300,2.5300,0.227723
real-struct,9,0.50,2,3.4900,17.2100,0.2000,3.4300,0.199303
real-struct,9,0.50,4,4.8000,23.6600,0.2000,4.7000,0.198648
real-struct,9,0.50,8,8.1700,31.4900,0.2600,6.3800,0.202604
real-struct,9,0.50,16,11.0100,29.4600,0.3700,7.0300,0.238629
real-struct,9,0.50,32,18.1800,45.2800,0.4000,16.5200,0.364841
real-struct,9,0.50,64,21.9600,43.8400,0.5000,13.3200,0.303832
real-struct,9,0.50,128,58.1200,80.5600,0.7200,25.1900,0.312686
real-struct,9,0.50,200,99.9600,122.3000,0.8200,90.3900,0.739084
real-struct,9,1.00,1,2.5600,15.7100,0.1600,2.5300,0.161044
real-struct,9,1.00,2,3.5300,24.3100,0.1500,3.4300,0.141094
real-struct,9,1.00,4,4.8900,33.4200,0.1500,4.7000,0.140634
real-struct,9,1.00,8,9.7300,44.1200,0.2200,6.3800,0.144606
real-struct,9,1.00,16,13.3600,45.0800,0.3000,7.0300,0.155945
real-struct,9,1.00,32,22.3500,58.7900,0.3800,16.5200,0.281000
real-struct,9,1.00,64,31.7900,54.7500,0.5800,13.3200,0.243288
real-struct,9,1.00,128,68.2600,96.2300,0.7100,25.1900,0.261769
real-struct,9,1.00,200,110.7700,138.2500,0.8000,90.3900,0.653816
real-struct,10,0.10,1,2.7700,3.9400,0.7000,2.7700,0.703046
real-struct,10,0.10,2,3.9100,5.6500,0.6900,3.9000,0.690265
real-struct,10,0.10,4,6.2100,7.6200,0.8200,6.2200,0.816273
real-struct,10,0.10,8,7.8400,13.4200,0.5800,7.8100,0.581967
real-struct,10,0.10,16,8.7500,12.4800,0.7000,7.8300,0.627404
real-struct,10,0.10,32,12.3600,18.1300,0.6800,10.0100,0.552124
real-struct,10,0.10,64,18.4000,26.2700,0.7000,13.1400,0.500190
real-struct,10,0.10,128,45.4100,63.7700,0.7100,20.5800,0.322722
real-struct,10,0.10,200,114.1900,131.1700,0.8700,70.5100,0.537547
real-struct,10,0.50,1,2.7800,8.8100,0.3200,2.7700,0.314415
real-struct,10,0.50,2,3.9200,12.6400,0.3100,3.9000,0.308544
real-struct,10,0.50,4,6.2100,17.0400,0.3600,6.2200,0.365023
real-struct,10,0.50,8,8.4400,27.3200,0.3100,7.8100,0.285871
real-struct,10,0.50,16,9.9300,28.3900,0.3500,7.8300,0.275801
real-struct,10,0.50,32,16.2700,36.4400,0.4500,10.0100,0.274698
real-struct,10,0.50,64,23.6900,40.5100,0.5800,13.1400,0.324364
real-struct,10,0.50,128,57.6100,78.4600,0.7300,20.5800,0.262299
real-struct,10,0.50,200,107.0400,116.1700,0.9200,70.5100,0.606955
real-struct,10,1.00,1,2.7900,12.4500,0.2200,2.7700,0.222490
real-struct,10,1.00,2,3.9300,17.8800,0.2200,3.9000,0.218121
real-struct,10,1.00,4,6.2200,24.1200,0.2600,6.2200,0.257877
real-struct,10,1.00,8,8.1100,36.4700,0.2200,7.8100,0.214149
real-struct,10,1.00,16,9.7900,40.0200,0.2400,7.8300,0.195652
real-struct,10,1.00,32,17.5100,51.4600,0.3400,10.0100,0.194520
real-struct,10,1.00,64,26.3000,52.8100,0.5000,13.1400,0.248817
real-struct,10,1.00,128,63.0100,90.2000,0.7000,20.5800,0.228160
real-struct,10,1.00,200,107.7800,123.6600,0.8700,70.5100,0.570192
real-struct,11,0.10,1,3.4200,20.6000,0.1700,3.2100,0.155825
real-struct,11,0.10,2,4.5000,29.6000,0.1500,4.2500,0.143581
real-struct,11,0.10,4,6.3300,32.4300,0.2000,6.2100,0.191489
real-struct,11,0.10,8,19.6200,50.4000,0.3900,19.7400,0.391667
real-struct,11,0.10,16,34.9500,110.5000,0.3200,23.7300,0.214751
real-struct,11,0.10,32,69.0900,117.8800,0.5900,88.4300,0.750170
real-struct,11,0.10,64,74.0600,108.6100,0.6800,73.6900,0.678483
real-struct,11,0.10,128,97.1000,117.0700,0.8300,100.1700,0.855642
real-struct,11,0.10,200,119.9200,125.1100,0.9600,117.4500,0.938774
real-struct,11,0.50,1,4.0600,43.8000,0.0900,3.2100,0.073288
real-struct,11,0.50,2,5.2000,61.8700,0.0800,4.2500,0.068692
real-struct,11,0.50,4,6.9400,69.1400,0.1000,6.2100,0.089818
real-struct,11,0.50,8,18.6900,107.7400,0.1700,19.7400,0.183219
real-struct,11,0.50,16,35.3700,158.5600,0.2200,23.7300,0.149659
real-struct,11,0.50,32,74.4400,153.6000,0.4800,88.4300,0.575716
real-struct,11,0.50,64,86.8100,127.6400,0.6800,73.6900,0.577327
real-struct,11,0.50,128,117.7800,132.5200,0.8900,100.1700,0.755886
real-struct,11,0.50,200,127.4600,136.9200,0.9300,117.4500,0.857800
real-struct,11,1.00,1,4.7200,61.2200,0.0800,3.2100,0.052434
real-struct,11,1.00,2,5.8600,84.8400,0.0700,4.2500,0.050094
real-struct,11,1.00,4,7.6600,94.6900,0.0800,6.2100,0.065582
real-struct,11,1.00,8,18.6600,144.7700,0.1300,19.7400,0.136354
real-struct,11,1.00,16,34.4400,178.6800,0.1900,23.7300,0.132807
real-struct,11,1.00,32,63.9700,156.1400,0.4100,88.4300,0.566351
real-struct,11,1.00,64,81.5800,145.9100,0.5600,73.6900,0.505037
real-struct,11,1.00,128,118.0100,141.7200,0.8300,100.1700,0.706816
real-struct,11,1.00,200,121.5400,140.8100,0.8600,117.4500,0.834103
real-struct,12,0.10,1,2.6300,5.5000,0.4800,2.6300,0.478182
real-struct,12,0.10,2,4.8600,7.5000,0.6500,4.8600,0.648000
real-struct,12,0.10,4,6.0200,10.1900,0.5900,6.0100,0.589794
real-struct,12,0.10,8,17.8800,41.4300,0.4300,9.4800,0.228820
real-struct,12,0.10,16,17.1500,37.6200,0.4600,7.0700,0.187932
real-struct,12,0.10,32,26.6600,48.6600,0.5500,11.3500,0.233251
real-struct,12,0.10,64,36.2100,49.9600,0.7200,15.6500,0.313251
real-struct,12,0.10,128,80.5000,94.5000,0.8500,42.1900,0.446455
real-struct,12,0.10,200,119.6700,131.0200,0.9100,65.5400,0.500229
real-struct,12,0.50,1,2.6300,12.3100,0.2100,2.6300,0.213647
real-struct,12,0.50,2,4.8700,16.7700,0.2900,4.8600,0.289803
real-struct,12,0.50,4,6.0600,22.8000,0.2700,6.0100,0.263596
real-struct,12,0.50,8,20.1900,55.0300,0.3700,9.4800,0.172270
real-struct,12,0.50,16,22.1100,57.0500,0.3900,7.0700,0.123926
real-struct,12,0.50,32,26.9300,74.0600,0.3600,11.3500,0.153254
real-struct,12,0.50,64,35.3100,70.8800,0.5000,15.6500,0.220796
real-struct,12,0.50,128,80.8400,107.0200,0.7600,42.1900,0.394225
real-struct,12,0.50,200,120.4800,130.5300,0.9200,65.5400,0.502107
real-struct,12,1.00,1,2.6400,17.4000,0.1500,2.6300,0.151149
real-struct,12,1.00,2,4.8800,23.7200,0.2100,4.8600,0.204890
real-struct,12,1.00,4,6.1200,32.3200,0.1900,6.0100,0.185953
real-struct,12,1.00,8,13.1500,69.7300,0.1900,9.4800,0.135953
real-struct,12,1.00,16,22.0300,75.9100,0.2900,7.0700,0.093137
real-struct,12,1.00,32,37.2200,94.8000,0.3900,11.3500,0.119726
real-struct,12,1.00,64,50.7500,81.7300,0.6200,15.6500,0.191484
real-struct,12,1.00,128,79.3400,104.6600,0.7600,42.1900,0.403115
real-struct,12,1.00,200,123.9200,129.2200,0.9600,65.5400,0.507197
real-struct,13,0.10,1,3.4000,5.0300,0.6800,3.3900,0.673956
real-struct,13,0.10,2,3.7200,7.6200,0.4900,3.7000,0.485564
real-struct,13,0.10,4,5.5300,11.0000,0.5000,5.5300,0.502727
real-struct,13,0.10,8,9.9400,18.0300,0.5500,5.9900,0.332224
real-struct,13,0.10,16,13.1300,17.7200,0.7400,7.4400,0.419865
real-struct,13,0.10,32,14.6200,21.4700,0.6800,9.2800,0.432231
real-struct,13,0.10,64,21.3000,35.2000,0.6100,11.6700,0.331534
real-struct,13,0.10,128,53.8800,79.1000,0.6800,24.9100,0.314918
real-struct,13,0.10,200,111.8900,122.0500,0.9200,78.8600,0.646129
real-struct,13,0.50,1,3.4100,9.7000,0.3500,3.3900,0.349485
real-struct,13,0.50,2,3.7400,14.5800,0.2600,3.7000,0.253772
real-struct,13,0.50,4,5.5500,20.4800,0.2700,5.5300,0.270020
real-struct,13,0.50,8,8.9000,28.0400,0.3200,5.9900,0.213623
real-struct,13,0.50,16,11.4100,28.4000,0.4000,7.4400,0.261972
real-struct,13,0.50,32,14.0900,38.7100,0.3600,9.2800,0.239731
real-struct,13,0.50,64,26.8100,46.9200,0.5700,11.6700,0.248721
real-struct,13,0.50,128,64.9500,86.7200,0.7500,24.9100,0.287246
real-struct,13,0.50,200,106.6200,130.2100,0.8200,78.8600,0.605637
real-struct,13,1.00,1,3.4300,13.2100,0.2600,3.3900,0.256624
real-struct,13,1.00,2,3.7700,19.8100,0.1900,3.7000,0.186774
real-struct,13,1.00,4,5.5600,27.6400,0.2000,5.5300,0.200072
real-struct,13,1.00,8,9.5100,45.2000,0.2100,5.9900,0.132522
real-struct,13,1.00,16,12.0300,45.6800,0.2600,7.4400,0.162872
real-struct,13,1.00,32,19.9700,54.3000,0.3700,9.2800,0.170902
real-struct,13,1.00,64,32.0500,59.7500,0.5400,11.6700,0.195314
real-struct,13,1.00,128,68.5400,93.5900,0.7300,24.9100,0.266161
real-struct,13,1.00,200,110.0400,116.9100,0.9400,78.8600,0.674536
real-struct,14,0.10,1,2.9800,5.6300,0.5300,2.9700,0.527531
real-struct,14,0.10,2,3.5400,8.2200,0.4300,3.5200,0.428224
real-struct,14,0.10,4,5.7000,11.6400,0.4900,5.6900,0.488832
real-struct,14,0.10,8,9.1600,17.3000,0.5300,7.9200,0.457803
real-struct,14,0.10,16,14.4000,24.6600,0.5800,10.4900,0.425385
real-struct,14,0.10,32,16.4600,22.2000,0.7400,11.5500,0.520270
real-struct,14,0.10,64,22.1300,33.2700,0.6700,17.0900,0.513676
real-struct,14,0.10,128,49.7800,69.2400,0.7200,25.5700,0.369295
real-struct,14,0.10,200,108.0100,122.5200,0.8800,98.1400,0.801012
real-struct,14,0.50,1,3.0100,12.5900,0.2400,2.9700,0.235902
real-struct,14,0.50,2,3.6100,18.3200,0.2000,3.5200,0.192140
real-struct,14,0.50,4,5.7400,25.9800,0.2200,5.6900,0.219015
real-struct,14,0.50,8,9.3900,37.6200,0.2500,7.9200,0.210526
real-struct,14,0.50,16,15.1200,44.8700,0.3400,10.4900,0.233786
real-struct,14,0.50,32,22.5400,44.2500,0.5100,11.5500,0.261017
real-struct,14,0.50,64,30.2700,49.8200,0.6100,17.0900,0.343035
real-struct,14,0.50,128,64.3400,88.5000,0.7300,25.5700,0.288927
real-struct,14,0.50,200,104.6000,127.8600,0.8200,98.1400,0.767558
real-struct,14,1.00,1,3.0600,17.8100,0.1700,2.9700,0.166760
real-struct,14,1.00,2,3.6900,25.8600,0.1400,3.5200,0.136118
real-struct,14,1.00,4,5.8200,36.7200,0.1600,5.6900,0.154956
real-struct,14,1.00,8,9.6000,53.2600,0.1800,7.9200,0.148704
real-struct,14,1.00,16,15.5100,58.1700,0.2700,10.4900,0.180334
real-struct,14,1.00,32,23.6700,57.5900,0.4100,11.5500,0.200556
real-struct,14,1.00,64,33.5500,59.7800,0.5600,17.0900,0.285882
real-struct,14,1.00,128,70.2000,90.0600,0.7800,25.5700,0.283922
real-struct,14,1.00,200,114.2900,130.9500,0.8700,98.1400,0.749446
real-struct,15,0.10,1,3.1400,7.1900,0.4400,3.1400,0.436718
real-struct,15,0.10,2,3.6200,9.7300,0.3700,3.6100,0.371017
real-struct,15,0.10,4,6.8300,12.8900,0.5300,6.8300,0.529868
real-struct,15,0.10,8,16.4700,52.8800,0.3100,12.8200,0.242436
real-struct,15,0.10,16,30.3700,79.5900,0.3800,21.6900,0.272522
real-struct,15,0.10,32,44.5200,93.8500,0.4700,30.1600,0.321364
real-struct,15,0.10,64,49.6000,82.3500,0.6000,21.1700,0.257073
real-struct,15,0.10,128,64.8600,94.7100,0.6800,28.2400,0.298173
real-struct,15,0.10,200,100.5500,109.8200,0.9200,52.9000,0.481697
real-struct,15,0.50,1,3.1600,16.0900,0.2000,3.1400,0.195152
real-struct,15,0.50,2,3.6500,21.7200,0.1700,3.6100,0.166206
real-struct,15,0.50,4,6.8400,28.7400,0.2400,6.8300,0.237648
real-struct,15,0.50,8,18.0000,74.0200,0.2400,12.8200,0.173196
real-struct,15,0.50,16,28.3300,92.6000,0.3100,21.6900,0.234233
real-struct,15,0.50,32,47.1100,102.8100,0.4600,30.1600,0.293357
real-struct,15,0.50,64,57.3900,90.8800,0.6300,21.1700,0.232945
real-struct,15,0.50,128,79.2700,110.6700,0.7200,28.2400,0.255173
real-struct,15,0.50,200,99.5400,117.4900,0.8500,52.9000,0.450251
real-struct,15,1.00,1,3.1800,22.7500,0.1400,3.1400,0.138022
real-struct,15,1.00,2,3.6900,30.7300,0.1200,3.6100,0.117475
real-struct,15,1.00,4,6.8500,40.5700,0.1700,6.8300,0.168351
real-struct,15,1.00,8,14.1200,88.5600,0.1600,12.8200,0.144761
real-struct,15,1.00,16,28.1200,99.4300,0.2800,21.6900,0.218143
real-struct,15,1.00,32,49.8700,108.3900,0.4600,30.1600,0.278254
real-struct,15,1.00,64,62.1700,97.5600,0.6400,21.1700,0.216995
real-struct,15,1.00,128,88.3000,106.7400,0.8300,28.2400,0.264568
real-struct,15,1.00,200,108.6300,133.3300,0.8100,52.9000,0.396760
real-struct,16,0.10,1,3.1600,12.7000,0.2500,3.1200,0.245669
real-struct,16,0.10,2,4.2600,19.0500,0.2200,4.2100,0.220997
real-struct,16,0.10,4,6.4300,31.9500,0.2000,6.3500,0.198748
real-struct,16,0.10,8,11.8200,52.5600,0.2200,10.6000,0.201674
real-struct,16,0.10,16,29.8200,78.2200,0.3800,24.7900,0.316927
real-struct,16,0.10,32,72.2500,105.4800,0.6800,30.7200,0.291240
real-struct,16,0.10,64,89.7700,112.1400,0.8000,40.3400,0.359729
real-struct,16,0.10,128,102.7400,113.4700,0.9100,81.6600,0.719662
real-struct,16,0.10,200,122.0700,132.9100,0.9200,131.2000,0.987134
real-struct,16,0.50,1,3.2800,28.3900,0.1200,3.1200,0.109898
real-struct,16,0.50,2,4.4800,42.3900,0.1100,4.2100,0.099316
real-struct,16,0.50,4,6.8500,70.9100,0.1000,6.3500,0.089550
real-struct,16,0.50,8,11.8300,99.9900,0.1200,10.6000,0.106011
real-struct,16,0.50,16,28.3100,127.5800,0.2200,24.7900,0.194309
real-struct,16,0.50,32,56.3400,132.2500,0.4300,30.7200,0.232287
real-struct,16,0.50,64,89.1300,126.0800,0.7100,40.3400,0.319956
real-struct,16,0.50,128,117.3100,111.9900,1.0500,81.6600,0.729172
real-struct,16,0.50,200,131.0700,122.7300,1.0700,131.2000,1.069013
real-struct,16,1.00,1,3.4100,40.1500,0.0800,3.1200,0.077709
real-struct,16,1.00,2,4.7300,59.7200,0.0800,4.2100,0.070496
real-struct,16,1.00,4,7.3900,99.2400,0.0700,6.3500,0.063986
real-struct,16,1.00,8,12.3400,133.0100,0.0900,10.6000,0.079693
real-struct,16,1.00,16,35.1700,148.5300,0.2400,24.7900,0.166902
real-struct,16,1.00,32,55.0000,140.0000,0.3900,30.7200,0.219429
real-struct,16,1.00,64,88.9800,142.8400,0.6200,40.3400,0.282414
real-struct,16,1.00,128,108.2200,132.5600,0.8200,81.6600,0.616023
real-struct,16,1.00,200,122.3700,133.3200,0.9200,131.2000,0.984098
real-struct,17,0.10,1,2.4000,5.9700,0.4000,2.4100,0.403685
real-struct,17,0.10,2,3.5000,10.7700,0.3300,3.5000,0.324977
real-struct,17,0.10,4,4.9700,15.6100,0.3200,4.9600,0.317745
real-struct,17,0.10,8,10.2700,43.3000,0.2400,8.2600,0.190762
real-struct,17,0.10,16,14.6100,52.1900,0.2800,12.6300,0.242000
real-struct,17,0.10,32,24.2300,45.6700,0.5300,10.3000,0.225531
real-struct,17,0.10,64,36.1700,52.4000,0.6900,17.1600,0.327481
real-struct,17,0.10,128,59.9800,71.6700,0.8400,22.9700,0.320497
real-struct,17,0.10,200,101.2100,115.8400,0.8700,81.1800,0.700794
real-struct,17,0.50,1,2.4100,11.9000,0.2000,2.4100,0.202521
real-struct,17,0.50,2,3.5000,18.7900,0.1900,3.5000,0.186269
real-struct,17,0.50,4,4.9800,28.0500,0.1800,4.9600,0.176827
real-struct,17,0.50,8,12.6100,59.9600,0.2100,8.2600,0.137759
real-struct,17,0.50,16,19.0300,71.1000,0.2700,12.6300,0.177637
real-struct,17,0.50,32,26.7400,65.7200,0.4100,10.3000,0.156726
real-struct,17,0.50,64,37.3500,68.3700,0.5500,17.1600,0.250987
real-struct,17,0.50,128,68.9900,91.0700,0.7600,22.9700,0.252224
real-struct,17,0.50,200,110.8700,123.6500,0.9000,81.1800,0.656531
real-struct,17,1.00,1,2.4200,16.3500,0.1500,2.4100,0.147401
real-struct,17,1.00,2,3.5200,25.7700,0.1400,3.5000,0.135817
real-struct,17,1.00,4,5.0100,38.3900,0.1300,4.9600,0.129200
real-struct,17,1.00,8,7.7200,73.4800,0.1100,8.2600,0.112412
real-struct,17,1.00,16,18.2500,96.3000,0.1900,12.6300,0.131153
real-struct,17,1.00,32,30.4700,83.9400,0.3600,10.3000,0.122707
real-struct,17,1.00,64,47.9200,86.4400,0.5500,17.1600,0.198519
real-struct,17,1.00,128,76.2700,121.6600,0.6300,22.9700,0.188805
real-struct,17,1.00,200,124.4800,143.4800,0.8700,81.1800,0.565793
real-struct,18,0.10,1,4.0300,7.3600,0.5500,4.0100,0.544837
real-struct,18,0.10,2,4.7400,10.1700,0.4700,4.7300,0.465093
real-struct,18,0.10,4,5.8800,13.4000,0.4400,5.8700,0.438060
real-struct,18,0.10,8,14.6700,51.7900,0.2800,14.8400,0.286542
real-struct,18,0.10,16,40.3100,81.7000,0.4900,44.9400,0.550061
real-struct,18,0.10,32,54.8300,92.9000,0.5900,59.7700,0.643380
real-struct,18,0.10,64,60.4300,71.5700,0.8400,28.3800,0.396535
real-struct,18,0.10,128,80.0300,94.6800,0.8500,40.4100,0.426806
real-struct,18,0.10,200,116.6700,122.7900,0.9500,52.1800,0.424953
real-struct,18,0.50,1,4.0600,16.4500,0.2500,4.0100,0.243769
real-struct,18,0.50,2,4.7800,22.7100,0.2100,4.7300,0.208278
real-struct,18,0.50,4,5.9200,29.9000,0.2000,5.8700,0.196321
real-struct,18,0.50,8,17.9900,78.6900,0.2300,14.8400,0.188588
real-struct,18,0.50,16,40.1500,93.8700,0.4300,44.9400,0.478747
real-struct,18,0.50,32,57.8500,101.7900,0.5700,59.7700,0.587189
real-struct,18,0.50,64,67.3200,84.8600,0.7900,28.3800,0.334433
real-struct,18,0.50,128,102.4600,112.3400,0.9100,40.4100,0.359712
real-struct,18,0.50,200,121.2800,136.6700,0.8900,52.1800,0.381796
real-struct,18,1.00,1,4.1100,23.2700,0.1800,4.0100,0.172325
real-struct,18,1.00,2,4.8400,32.1000,0.1500,4.7300,0.147352
real-struct,18,1.00,4,5.9800,42.2300,0.1400,5.8700,0.139001
real-struct,18,1.00,8,15.1600,89.1700,0.1700,14.8400,0.166424
real-struct,18,1.00,16,36.2700,101.7000,0.3600,44.9400,0.441888
real-struct,18,1.00,32,55.9100,105.6800,0.5300,59.7700,0.565575
real-struct,18,1.00,64,72.9300,88.9400,0.8200,28.3800,0.319092
real-struct,18,1.00,128,90.4300,122.1400,0.7400,40.4100,0.330850
real-struct,18,1.00,200,127.8500,148.9200,0.8600,52.1800,0.350389
real-struct,19,0.10,1,3.6900,6.3400,0.5800,3.6800,0.580442
real-struct,19,0.10,2,3.8000,8.7000,0.4400,3.7900,0.435632
real-struct,19,0.10,4,5.7300,11.8600,0.4800,5.7300,0.483137
real-struct,19,0.10,8,10.6900,39.5200,0.2700,10.7000,0.270749
real-struct,19,0.10,16,17.8800,54.0900,0.3300,9.5500,0.176558
real-struct,19,0.10,32,26.4200,65.8200,0.4000,12.6400,0.192039
real-struct,19,0.10,64,27.7400,53.4600,0.5200,11.7000,0.218855
real-struct,19,0.10,128,54.6900,87.0200,0.6300,22.4700,0.258217
real-struct,19,0.10,200,88.8200,106.1200,0.8400,47.0900,0.443743
real-struct,19,0.50,1,3.7100,14.1800,0.2600,3.6800,0.259520
real-struct,19,0.50,2,3.8300,19.4300,0.2000,3.7900,0.195059
real-struct,19,0.50,4,5.7500,26.4000,0.2200,5.7300,0.217045
real-struct,19,0.50,8,14.6000,61.1600,0.2400,10.7000,0.174951
real-struct,19,0.50,16,19.6300,79.2500,0.2500,9.5500,0.120505
real-struct,19,0.50,32,31.6900,89.9900,0.3500,12.6400,0.140460
real-struct,19,0.50,64,38.8700,75.7700,0.5100,11.7000,0.154415
real-struct,19,0.50,128,64.9800,99.2700,0.6500,22.4700,0.226352
real-struct,19,0.50,200,98.6300,115.4300,0.8500,47.0900,0.407953
real-struct,19,1.00,1,3.7400,20.0500,0.1900,3.6800,0.183541
real-struct,19,1.00,2,3.8700,27.4700,0.1400,3.7900,0.137969
real-struct,19,1.00,4,5.7700,37.2100,0.1600,5.7300,0.153991
real-struct,19,1.00,8,11.7400,77.5400,0.1500,10.7000,0.137993
real-struct,19,1.00,16,20.5100,89.6200,0.2300,9.5500,0.106561
real-struct,19,1.00,32,35.5500,97.9900,0.3600,12.6400,0.128993
real-struct,19,1.00,64,44.2800,82.6200,0.5400,11.7000,0.141612
real-struct,19,1.00,128,80.2200,98.7700,0.8100,22.4700,0.227498
real-struct,19,1.00,200,105.5800,112.7800,0.9400,47.0900,0.417539
s3p10,0,0.10,1,2.6600,7.2400,0.3700,1.7300,0.238950
s3p10,0,0.10,2,3.7100,9.9500,0.3700,2.8800,0.289447
s3p10,0,0.10,4,5.4800,13.5300,0.4000,4.2500,0.314117
s3p10,0,0.10,8,7.6000,16.6100,0.4600,5.4400,0.327514
s3p10,0,0.10,16,14.1500,25.7000,0.5500,10.9200,0.424903
s3p10,0,0.10,32,27.1400,48.6700,0.5600,20.1200,0.413396
s3p10,0,0.10,64,38.2800,70.6200,0.5400,26.5800,0.376381
s3p10,0,0.10,128,29.0200,49.6700,0.5800,15.3100,0.308234
s3p10,0,0.10,200,24.9500,44.8900,0.5600,11.6100,0.258632
s3p10,0,0.50,1,2.6600,9.8500,0.2700,1.7300,0.175635
s3p10,0,0.50,2,3.7100,13.1300,0.2800,2.8800,0.219345
s3p10,0,0.50,4,5.4800,17.8000,0.3100,4.2500,0.238764
s3p10,0,0.50,8,7.5900,24.3900,0.3100,5.4400,0.223042
s3p10,0,0.50,16,14.0700,41.9700,0.3400,10.9200,0.260186
s3p10,0,0.50,32,27.7200,78.0300,0.3600,20.1200,0.257850
s3p10,0,0.50,64,40.4700,102.3600,0.4000,26.5800,0.259672
s3p10,0,0.50,128,35.4100,78.5800,0.4500,15.3100,0.194833
s3p10,0,0.50,200,38.8600,68.9400,0.5600,11.6100,0.168407
s3p10,0,1.00,1,2.6700,12.0000,0.2200,1.7300,0.144167
s3p10,0,1.00,2,3.7100,16.0500,0.2300,2.8800,0.179439
s3p10,0,1.00,4,5.4900,21.8300,0.2500,4.2500,0.194686
s3p10,0,1.00,8,7.6000,31.2500,0.2400,5.4400,0.174080
s3p10,0,1.00,16,14.1100,55.7600,0.2500,10.9200,0.195839
s3p10,0,1.00,32,28.6500,101.7900,0.2800,20.1200,0.197662
s3p10,0,1.00,64,41.4300,127.0300,0.3300,26.5800,0.209242
s3p10,0,1.00,128,44.8900,107.2200,0.4200,15.3100,0.142791
s3p10,0,1.00,200,47.4600,92.6600,0.5100,11.6100,0.125297
s3p10,1,0.10,1,1.6700,6.7100,0.2500,1.4500,0.216095
s3p10,1,0.10,2,3.0800,8.3800,0.3700,2.6300,0.313842
s3p10,1,0.10,4,3.9700,10.6000,0.3700,2.9600,0.279245
s3p10,1,0.10,8,5.4900,13.9100,0.3900,4.2000,0.301941
s3p10,1,0.10,16,7.5600,19.5900,0.3900,5.9800,0.305258
s3p10,1,0.10,32,15.1600,45.3300,0.3300,22.6900,0.500552
s3p10,1,0.10,64,17.5700,59.6000,0.2900,28.1500,0.472315
s3p10,1,0.10,128,16.2200,62.5700,0.2600,33.6500,0.537798
s3p10,1,0.10,200,18.2100,56.6800,0.3200,44.4100,0.783522
s3p10,1,0.50,1,1.6700,10.3300,0.1600,1.4500,0.140368
s3p10,1,0.50,2,2.9800,13.6500,0.2200,2.6300,0.192674
s3p10,1,0.50,4,3.8300,17.3000,0.2200,2.9600,0.171098
s3p10,1,0.50,8,5.3700,21.9600,0.2400,4.2000,0.191257
s3p10,1,0.50,16,7.5900,33.2400,0.2300,5.9800,0.179904
s3p10,1,0.50,32,11.5300,61.7700,0.1900,22.6900,0.367330
s3p10,1,0.50,64,12.2300,75.3300,0.1600,28.1500,0.373689
s3p10,1,0.50,128,12.7300,73.6200,0.1700,33.6500,0.457077
s3p10,1,0.50,200,13.8500,64.6500,0.2100,44.4100,0.686930
s3p10,1,1.00,1,1.6800,13.3700,0.1300,1.4500,0.108452
s3p10,1,1.00,2,3.0000,17.9700,0.1700,2.6300,0.146355
s3p10,1,1.00,4,3.7700,22.8800,0.1600,2.9600,0.129371
s3p10,1,1.00,8,5.3200,28.5400,0.1900,4.2000,0.147162
s3p10,1,1.00,16,7.8200,44.0200,0.1800,5.9800,0.135847
s3p10,1,1.00,32,10.5000,71.6100,0.1500,22.6900,0.316855
s3p10,1,1.00,64,11.1000,83.6800,0.1300,28.1500,0.336401
s3p10,1,1.00,128,11.3800,80.3100,0.1400,33.6500,0.419001
s3p10,1,1.00,200,12.4300,67.8400,0.1800,44.4100,0.654629
s3p10,2,0.10,1,2.6100,6.0500,0.4300,1.8800,0.310744
s3p10,2,0.10,2,3.7600,9.9200,0.3800,2.0700,0.208669
s3p10,2,0.10,4,4.8100,14.3800,0.3300,2.6700,0.185675
s3p10,2,0.10,8,7.0300,18.2600,0.3900,3.1600,0.173056
s3p10,2,0.10,16,9.0800,20.0200,0.4500,3.6800,0.183816
s3p10,2,0.10,32,11.0000,28.3600,0.3900,6.3100,0.222496
s3p10,2,0.10,64,11.6200,37.8700,0.3100,5.9900,0.158173
s3p10,2,0.10,128,10.6800,38.9300,0.2700,5.1900,0.133316
s3p10,2,0.10,200,9.7000,33.7900,0.2900,4.6300,0.137023
s3p10,2,0.50,1,2.6300,8.8000,0.3000,1.8800,0.213636
s3p10,2,0.50,2,3.7800,13.1500,0.2900,2.0700,0.157414
s3p10,2,0.50,4,4.9600,18.1500,0.2700,2.6700,0.147107
s3p10,2,0.50,8,7.0900,22.5500,0.3100,3.1600,0.140133
s3p10,2,0.50,16,9.3900,26.7800,0.3500,3.6800,0.137416
s3p10,2,0.50,32,11.2400,37.8500,0.3000,6.3100,0.166711
s3p10,2,0.50,64,11.7600,52.1300,0.2300,5.9900,0.114905
s3p10,2,0.50,128,10.1100,49.8100,0.2000,5.1900,0.104196
s3p10,2,0.50,200,9.6400,42.9600,0.2200,4.6300,0.107775
s3p10,2,1.00,1,2.6400,11.0200,0.2400,1.8800,0.170599
s3p10,2,1.00,2,3.8000,15.9800,0.2400,2.0700,0.129537
s3p10,2,1.00,4,4.9700,21.5700,0.2300,2.6700,0.123783
s3p10,2,1.00,8,7.1000,26.6600,0.2700,3.1600,0.118530
s3p10,2,1.00,16,9.5700,32.7400,0.2900,3.6800,0.112401
s3p10,2,1.00,32,11.4300,46.0200,0.2500,6.3100,0.137114
s3p10,2,1.00,64,11.8000,62.9100,0.1900,5.9900,0.095215
s3p10,2,1.00,128,9.5500,57.9100,0.1600,5.1900,0.089622
s3p10,2,1.00,200,8.9700,50.9900,0.1800,4.6300,0.090802
s3p10,3,0.10,1,2.1400,6.2300,0.3400,1.2900,0.207063
s3p10,3,0.10,2,2.8900,8.4700,0.3400,1.9600,0.231405
s3p10,3,0.10,4,4.4000,11.2900,0.3900,3.0500,0.270151
s3p10,3,0.10,8,5.6600,14.7500,0.3800,3.8600,0.261695
s3p10,3,0.10,16,7.4500,18.1100,0.4100,4.9600,0.273882
s3p10,3,0.10,32,8.7900,24.4100,0.3600,6.5300,0.267513
s3p10,3,0.10,64,8.7000,26.9100,0.3200,5.0200,0.186548
s3p10,3,0.10,128,8.0100,29.6600,0.2700,3.6500,0.123061
s3p10,3,0.10,200,8.5100,31.5800,0.2700,5.0100,0.158645
s3p10,3,0.50,1,2.1500,8.6800,0.2500,1.2900,0.148618
s3p10,3,0.50,2,2.8900,11.7300,0.2500,1.9600,0.167093
s3p10,3,0.50,4,4.3300,15.6300,0.2800,3.0500,0.195138
s3p10,3,0.50,8,5.6400,20.2000,0.2800,3.8600,0.191089
s3p10,3,0.50,16,7.5500,25.7300,0.2900,4.9600,0.192771
s3p10,3,0.50,32,9.0600,34.9800,0.2600,6.5300,0.186678
s3p10,3,0.50,64,9.3600,37.2300,0.2500,5.0200,0.134837
s3p10,3,0.50,128,8.5300,40.0200,0.2100,3.6500,0.091204
s3p10,3,0.50,200,8.3400,44.1000,0.1900,5.0100,0.113605
s3p10,3,1.00,1,2.1600,10.7600,0.2000,1.2900,0.119888
s3p10,3,1.00,2,2.9000,14.7000,0.2000,1.9600,0.133333
s3p10,3,1.00,4,4.3400,19.5700,0.2200,3.0500,0.155851
s3p10,3,1.00,8,5.6700,25.1200,0.2300,3.8600,0.153662
s3p10,3,1.00,16,7.4400,32.4100,0.2300,4.9600,0.153039
s3p10,3,1.00,32,8.8900,43.5900,0.2000,6.5300,0.149805
s3p10,3,1.00,64,9.4500,47.3600,0.2000,5.0200,0.105997
s3p10,3,1.00,128,9.0000,52.0100,0.1700,3.6500,0.070179
s3p10,3,1.00,200,8.6300,61.1600,0.1400,5.0100,0.081916
s3p10,4,0.10,1,1.8400,6.0000,0.3100,1.5300,0.255000
s3p10,4,0.10,2,3.8500,8.1800,0.4700,3.1800,0.388753
s3p10,4,0.10,4,5.2200,11.6100,0.4500,4.1000,0.353144
s3p10,4,0.10,8,7.4000,15.1800,0.4900,5.9400,0.391304
s3p10,4,0.10,16,11.0500,22.9200,0.4800,8.7300,0.380890
s3p10,4,0.10,32,26.6700,45.0300,0.5900,22.1400,0.491672
s3p10,4,0.10,64,34.3000,54.0200,0.6300,26.7300,0.494817
s3p10,4,0.10,128,31.2800,55.5700,0.5600,16.1700,0.290984
s3p10,4,0.10,200,58.0800,107.7700,0.5400,44.3400,0.411432
s3p10,4,0.50,1,1.8500,9.2600,0.2000,1.5300,0.165227
s3p10,4,0.50,2,3.8400,12.3200,0.3100,3.1800,0.258117
s3p10,4,0.50,4,5.2300,16.7200,0.3100,4.1000,0.245215
s3p10,4,0.50,8,7.5500,21.7400,0.3500,5.9400,0.273229
s3p10,4,0.50,16,11.0400,33.1700,0.3300,8.7300,0.263190
s3p10,4,0.50,32,25.0800,66.0100,0.3800,22.1400,0.335404
s3p10,4,0.50,64,30.2500,78.4200,0.3900,26.7300,0.340857
s3p10,4,0.50,128,31.1900,76.8300,0.4100,16.1700,0.210465
s3p10,4,0.50,200,58.8300,137.5400,0.4300,44.3400,0.322379
s3p10,4,1.00,1,1.8500,11.9200,0.1600,1.5300,0.128356
s3p10,4,1.00,2,3.8400,15.8700,0.2400,3.1800,0.200378
s3p10,4,1.00,4,5.0900,21.2400,0.2400,4.1000,0.193032
s3p10,4,1.00,8,7.6700,27.5100,0.2800,5.9400,0.215921
s3p10,4,1.00,16,11.1100,42.2600,0.2600,8.7300,0.206578
s3p10,4,1.00,32,23.3900,79.5800,0.2900,22.1400,0.278211
s3p10,4,1.00,64,30.9900,94.9000,0.3300,26.7300,0.281665
s3p10,4,1.00,128,37.5500,96.3900,0.3900,16.1700,0.167756
s3p10,4,1.00,200,56.2900,154.6100,0.3600,44.3400,0.286786
s3p10,5,0.10,1,2.6900,6.3600,0.4200,2.5100,0.394654
s3p10,5,0.10,2,2.4200,9.6200,0.2500,2.0500,0.213098
s3p10,5,0.10,4,3.8000,11.9200,0.3200,3.2400,0.271812
s3p10,5,0.10,8,5.0200,13.9700,0.3600,4.3100,0.308518
s3p10,5,0.10,16,7.1400,16.9800,0.4200,6.3000,0.371025
s3p10,5,0.10,32,8.7700,23.2900,0.3800,7.5900,0.325891
s3p10,5,0.10,64,8.8900,25.7800,0.3400,6.6100,0.256400
s3p10,5,0.10,128,7.7000,31.5800,0.2400,3.7300,0.118113
s3p10,5,0.10,200,7.7800,28.2400,0.2800,3.7300,0.132082
s3p10,5,0.50,1,2.7000,9.8800,0.2700,2.5100,0.254049
s3p10,5,0.50,2,2.4300,14.0300,0.1700,2.0500,0.146115
s3p10,5,0.50,4,3.8200,17.9900,0.2100,3.2400,0.180100
s3p10,5,0.50,8,5.0600,22.0400,0.2300,4.3100,0.195554
s3p10,5,0.50,16,7.1100,28.2600,0.2500,6.3000,0.222930
s3p10,5,0.50,32,8.5700,37.0800,0.2300,7.5900,0.204693
s3p10,5,0.50,64,9.5200,40.0100,0.2400,6.6100,0.165209
s3p10,5,0.50,128,8.4200,42.7400,0.2000,3.7300,0.087272
s3p10,5,0.50,200,8.9400,38.2300,0.2300,3.7300,0.097567
s3p10,5,1.00,1,2.7000,12.7500,0.2100,2.5100,0.196863
s3p10,5,1.00,2,2.5500,17.7900,0.1400,2.0500,0.115233
s3p10,5,1.00,4,3.8000,23.1800,0.1600,3.2400,0.139776
s3p10,5,1.00,8,5.0700,28.8500,0.1800,4.3100,0.149393
s3p10,5,1.00,16,7.1500,37.5000,0.1900,6.3000,0.168000
s3p10,5,1.00,32,8.7300,47.4300,0.1800,7.5900,0.160025
s3p10,5,1.00,64,9.1300,51.0100,0.1800,6.6100,0.129582
s3p10,5,1.00,128,8.1800,52.1100,0.1600,3.7300,0.071579
s3p10,5,1.00,200,8.5800,50.2000,0.1700,3.7300,0.074303
s3p10,6,0.10,1,2.6000,7.2400,0.3600,2.3300,0.321823
s3p10,6,0.10,2,3.3200,10.1000,0.3300,2.8600,0.283168
s3p10,6,0.10,4,5.4200,13.8000,0.3900,5.0800,0.368116
s3p10,6,0.10,8,5.4600,15.8500,0.3400,4.4100,0.278233
s3p10,6,0.10,16,8.7000,22.6500,0.3800,7.5400,0.332892
s3p10,6,0.10,32,14.3900,31.3000,0.4600,10.6800,0.341214
s3p10,6,0.10,64,15.6700,35.4800,0.4400,10.4200,0.293687
s3p10,6,0.10,128,30.3300,83.6700,0.3600,19.9400,0.238317
s3p10,6,0.10,200,50.9400,135.3800,0.3800,35.7800,0.264293
s3p10,6,0.50,1,2.6200,10.6300,0.2500,2.3300,0.219191
s3p10,6,0.50,2,3.3400,14.3000,0.2300,2.8600,0.200000
s3p10,6,0.50,4,5.4400,19.5700,0.2800,5.0800,0.259581
s3p10,6,0.50,8,5.5700,23.6400,0.2400,4.4100,0.186548
s3p10,6,0.50,16,8.8800,34.8800,0.2500,7.5400,0.216170
s3p10,6,0.50,32,13.9800,44.2300,0.3200,10.6800,0.241465
s3p10,6,0.50,64,17.6400,57.0300,0.3100,10.4200,0.182711
s3p10,6,0.50,128,28.3700,110.0100,0.2600,19.9400,0.181256
s3p10,6,0.50,200,41.2700,148.9100,0.2800,35.7800,0.240279
s3p10,6,1.00,1,2.6400,13.4200,0.2000,2.3300,0.173621
s3p10,6,1.00,2,3.3600,17.9500,0.1900,2.8600,0.159331
s3p10,6,1.00,4,5.4700,24.5400,0.2200,5.0800,0.207009
s3p10,6,1.00,8,5.6100,30.4600,0.1800,4.4100,0.144780
s3p10,6,1.00,16,8.7200,44.9300,0.1900,7.5400,0.167817
s3p10,6,1.00,32,14.1500,55.6500,0.2500,10.6800,0.191914
s3p10,6,1.00,64,20.2100,77.4700,0.2600,10.4200,0.134504
s3p10,6,1.00,128,39.0800,132.2000,0.3000,19.9400,0.150832
s3p10,6,1.00,200,46.8900,148.6700,0.3200,35.7800,0.240667
s3p10,7,0.10,1,1.8500,6.3000,0.2900,1.6500,0.261905
s3p10,7,0.10,2,2.7800,10.3800,0.2700,2.5100,0.241811
s3p10,7,0.10,4,4.4300,14.3500,0.3100,3.2200,0.224390
s3p10,7,0.10,8,5.6800,20.2000,0.2800,4.1200,0.203960
s3p10,7,0.10,16,9.6200,32.7800,0.2900,7.9000,0.241001
s3p10,7,0.10,32,16.7700,57.3700,0.2900,12.5100,0.218058
s3p10,7,0.10,64,18.9200,62.4600,0.3000,10.5100,0.168268
s3p10,7,0.10,128,13.3700,50.6600,0.2600,9.2400,0.182392
s3p10,7,0.10,200,8.9100,33.3300,0.2700,5.1100,0.153315
s3p10,7,0.50,1,1.8700,9.4800,0.2000,1.6500,0.174051
s3p10,7,0.50,2,2.8000,14.2300,0.2000,2.5100,0.176388
s3p10,7,0.50,4,4.4600,19.5200,0.2300,3.2200,0.164959
s3p10,7,0.50,8,5.6300,26.4800,0.2100,4.1200,0.155589
s3p10,7,0.50,16,9.7400,41.6600,0.2300,7.9000,0.189630
s3p10,7,0.50,32,16.7700,73.7700,0.2300,12.5100,0.169581
s3p10,7,0.50,64,18.0600,85.3200,0.2100,10.5100,0.123183
s3p10,7,0.50,128,12.3500,63.2200,0.2000,9.2400,0.146156
s3p10,7,0.50,200,9.4100,43.3400,0.2200,5.1100,0.117905
s3p10,7,1.00,1,1.8900,12.0600,0.1600,1.6500,0.136816
s3p10,7,1.00,2,2.8200,17.6200,0.1600,2.5100,0.142452
s3p10,7,1.00,4,4.3100,23.8700,0.1800,3.2200,0.134897
s3p10,7,1.00,8,5.6700,32.0900,0.1800,4.1200,0.128389
s3p10,7,1.00,16,9.4900,49.4600,0.1900,7.9000,0.159725
s3p10,7,1.00,32,18.2900,85.3500,0.2100,12.5100,0.146573
s3p10,7,1.00,64,18.0300,94.8800,0.1900,10.5100,0.110772
s3p10,7,1.00,128,12.5100,69.1400,0.1800,9.2400,0.133642
s3p10,7,1.00,200,8.9900,49.8500,0.1800,5.1100,0.102508
s3p10,8,0.10,1,1.6700,4.5600,0.3700,1.2900,0.282895
s3p10,8,0.10,2,3.0900,6.7200,0.4600,2.2700,0.337798
s3p10,8,0.10,4,4.1300,9.2800,0.4400,3.1100,0.335129
s3p10,8,0.10,8,5.7300,12.2500,0.4700,3.9900,0.325714
s3p10,8,0.10,16,7.0200,17.8600,0.3900,4.8200,0.269877
s3p10,8,0.10,32,10.9900,24.5300,0.4500,6.3000,0.256828
s3p10,8,0.10,64,14.8300,34.2300,0.4300,7.0000,0.204499
s3p10,8,0.10,128,10.2200,30.4300,0.3400,4.3000,0.141308
s3p10,8,0.10,200,8.7000,26.2000,0.3300,3.2700,0.124809
s3p10,8,0.50,1,1.6900,7.2700,0.2300,1.2900,0.177442
s3p10,8,0.50,2,3.1100,10.2600,0.3000,2.2700,0.221248
s3p10,8,0.50,4,4.0000,13.9100,0.2900,3.1100,0.223580
s3p10,8,0.50,8,5.8100,18.0500,0.3200,3.9900,0.221053
s3p10,8,0.50,16,7.1700,26.3100,0.2700,4.8200,0.183200
s3p10,8,0.50,32,11.0700,39.0100,0.2800,6.3000,0.161497
s3p10,8,0.50,64,13.8300,52.6200,0.2600,7.0000,0.133029
s3p10,8,0.50,128,9.6600,42.0200,0.2300,4.3000,0.102332
s3p10,8,0.50,200,8.1200,36.1000,0.2200,3.2700,0.090582
s3p10,8,1.00,1,1.7100,9.4800,0.1800,1.2900,0.136076
s3p10,8,1.00,2,3.1400,13.2500,0.2400,2.2700,0.171321
s3p10,8,1.00,4,4.0300,17.7700,0.2300,3.1100,0.175014
s3p10,8,1.00,8,5.8600,23.1000,0.2500,3.9900,0.172727
s3p10,8,1.00,16,7.2700,33.7600,0.2200,4.8200,0.142773
s3p10,8,1.00,32,11.1500,50.9400,0.2200,6.3000,0.123675
s3p10,8,1.00,64,13.3400,66.5300,0.2000,7.0000,0.105216
s3p10,8,1.00,128,10.4400,51.7500,0.2000,4.3000,0.083092
s3p10,8,1.00,200,8.3400,43.6900,0.1900,3.2700,0.074846
s3p10,9,0.10,1,1.8600,5.4500,0.3400,1.3700,0.251376
s3p10,9,0.10,2,3.2200,8.3400,0.3900,2.3200,0.278177
s3p10,9,0.10,4,5.6400,12.6200,0.4500,3.8400,0.304279
s3p10,9,0.10,8,7.4300,13.9600,0.5300,5.0400,0.361032
s3p10,9,0.10,16,9.0900,18.1100,0.5000,6.8500,0.378244
s3p10,9,0.10,32,12.2500,32.7900,0.3700,8.8400,0.269594
s3p10,9,0.10,64,19.9400,46.7300,0.4300,17.5700,0.375990
s3p10,9,0.10,128,29.8800,56.3800,0.5300,25.5500,0.453175
s3p10,9,0.10,200,19.5300,42.1500,0.4600,20.7200,0.491578
s3p10,9,0.50,1,1.8600,8.6100,0.2200,1.3700,0.159117
s3p10,9,0.50,2,3.3100,12.4200,0.2700,2.3200,0.186795
s3p10,9,0.50,4,5.7400,18.0100,0.3200,3.8400,0.213215
s3p10,9,0.50,8,7.4000,20.9500,0.3500,5.0400,0.240573
s3p10,9,0.50,16,9.0400,27.3200,0.3300,6.8500,0.250732
s3p10,9,0.50,32,12.4100,45.0000,0.2800,8.8400,0.196444
s3p10,9,0.50,64,19.3600,64.2600,0.3000,17.5700,0.273420
s3p10,9,0.50,128,29.2300,81.3700,0.3600,25.5500,0.313998
s3p10,9,0.50,200,24.6200,63.7700,0.3900,20.7200,0.324918
s3p10,9,1.00,1,1.8700,11.1800,0.1700,1.3700,0.122540
s3p10,9,1.00,2,3.3300,16.0200,0.2100,2.3200,0.144819
s3p10,9,1.00,4,5.8800,22.5800,0.2600,3.8400,0.170062
s3p10,9,1.00,8,7.4400,27.0500,0.2700,5.0400,0.186322
s3p10,9,1.00,16,9.1400,35.3400,0.2600,6.8500,0.193831
s3p10,9,1.00,32,13.0600,55.4500,0.2400,8.8400,0.159423
s3p10,9,1.00,64,20.6100,77.1100,0.2700,17.5700,0.227856
s3p10,9,1.00,128,29.0100,94.2100,0.3100,25.5500,0.271203
s3p10,9,1.00,200,25.2500,73.2000,0.3400,20.7200,0.283060
s3p10,10,0.10,1,1.5900,4.6800,0.3400,1.2800,0.273504
s3p10,10,0.10,2,2.4900,7.1900,0.3500,1.8500,0.257302
s3p10,10,0.10,4,4.2800,10.0600,0.4300,3.1500,0.313121
s3p10,10,0.10,8,9.6500,13.2700,0.7300,8.4400,0.636021
s3p10,10,0.10,16,11.7500,21.5600,0.5500,10.6400,0.493506
s3p10,10,0.10,32,15.1600,33.6700,0.4500,13.7000,0.406890
s3p10,10,0.10,64,19.6100,40.5300,0.4800,16.8500,0.415741
s3p10,10,0.10,128,17.4300,37.9400,0.4600,14.2200,0.374802
s3p10,10,0.10,200,11.6500,32.9500,0.3500,8.7200,0.264643
s3p10,10,0.50,1,1.6000,7.5600,0.2100,1.2800,0.169312
s3p10,10,0.50,2,2.5000,10.8100,0.2300,1.8500,0.171138
s3p10,10,0.50,4,4.2900,15.2500,0.2800,3.1500,0.206557
s3p10,10,0.50,8,9.6300,20.2400,0.4800,8.4400,0.416996
s3p10,10,0.50,16,11.6900,31.8300,0.3700,10.6400,0.334276
s3p10,10,0.50,32,15.1700,48.0700,0.3200,13.7000,0.285001
s3p10,10,0.50,64,20.2100,57.8700,0.3500,16.8500,0.291170
s3p10,10,0.50,128,18.1300,53.0900,0.3400,14.2200,0.267847
s3p10,10,0.50,200,12.4400,43.8300,0.2800,8.7200,0.198950
s3p10,10,1.00,1,1.6000,9.9100,0.1600,1.2800,0.129162
s3p10,10,1.00,2,2.5100,13.9500,0.1800,1.8500,0.132616
s3p10,10,1.00,4,4.2100,19.6000,0.2100,3.1500,0.160714
s3p10,10,1.00,8,9.5700,26.1900,0.3700,8.4400,0.322260
s3p10,10,1.00,16,11.5400,40.5600,0.2800,10.6400,0.262327
s3p10,10,1.00,32,15.1800,60.6500,0.2500,13.7000,0.225886
s3p10,10,1.00,64,20.2800,71.6600,0.2800,16.8500,0.235138
s3p10,10,1.00,128,17.9500,64.1600,0.2800,14.2200,0.221633
s3p10,10,1.00,200,12.3000,52.0900,0.2400,8.7200,0.167403
s3p10,11,0.10,1,2.7100,6.5500,0.4100,1.5900,0.242748
s3p10,11,0.10,2,3.2400,9.2100,0.3500,2.0500,0.222584
s3p10,11,0.10,4,4.7900,13.1000,0.3700,3.3600,0.256489
s3p10,11,0.10,8,6.7400,15.6300,0.4300,3.8200,0.244402
s3p10,11,0.10,16,10.4800,18.2200,0.5700,7.0300,0.385840
s3p10,11,0.10,32,16.1300,27.8700,0.5800,12.1800,0.437029
s3p10,11,0.10,64,25.4400,52.2700,0.4900,15.6400,0.299216
s3p10,11,0.10,128,35.1100,76.9800,0.4600,28.1100,0.365160
s3p10,11,0.10,200,33.1000,70.7000,0.4700,35.7600,0.505799
s3p10,11,0.50,1,2.7200,8.8700,0.3100,1.5900,0.179256
s3p10,11,0.50,2,3.2500,12.2400,0.2700,2.0500,0.167484
s3p10,11,0.50,4,4.8100,16.9500,0.2800,3.3600,0.198230
s3p10,11,0.50,8,6.6400,20.3800,0.3300,3.8200,0.187439
s3p10,11,0.50,16,10.3200,27.1800,0.3800,7.0300,0.258646
s3p10,11,0.50,32,16.1700,46.8700,0.3400,12.1800,0.259868
s3p10,11,0.50,64,24.3400,80.5400,0.3000,15.6400,0.194189
s3p10,11,0.50,128,33.1700,94.4700,0.3500,28.1100,0.297555
s3p10,11,0.50,200,34.9600,82.8900,0.4200,35.7600,0.431415
s3p10,11,1.00,1,2.7300,10.7600,0.2500,1.5900,0.147770
s3p10,11,1.00,2,3.2700,14.9400,0.2200,2.0500,0.137216
s3p10,11,1.00,4,4.6100,20.5300,0.2200,3.3600,0.163663
s3p10,11,1.00,8,6.5700,24.9600,0.2600,3.8200,0.153045
s3p10,11,1.00,16,10.2900,35.1000,0.2900,7.0300,0.200285
s3p10,11,1.00,32,15.9500,62.1300,0.2600,12.1800,0.196041
s3p10,11,1.00,64,22.7600,99.9900,0.2300,15.6400,0.156416
s3p10,11,1.00,128,26.0800,108.4800,0.2400,28.1100,0.259126
s3p10,11,1.00,200,24.2800,84.8100,0.2900,35.7600,0.421648
s3p10,12,0.10,1,1.6900,5.9900,0.2800,1.1800,0.196995
s3p10,12,0.10,2,3.0500,8.8300,0.3500,2.5500,0.288788
s3p10,12,0.10,4,5.8700,12.7100,0.4600,5.4400,0.428009
s3p10,12,0.10,8,7.0600,17.4300,0.4100,4.4300,0.254159
s3p10,12,0.10,16,9.6500,21.2200,0.4500,7.1900,0.338831
s3p10,12,0.10,32,13.0700,28.1700,0.4600,8.6300,0.306354
s3p10,12,0.10,64,11.0500,29.5000,0.3700,6.4400,0.218305
s3p10,12,0.10,128,12.8200,42.7300,0.3000,7.4100,0.173414
s3p10,12,0.10,200,17.6400,56.3700,0.3100,5.9900,0.106262
s3p10,12,0.50,1,1.6900,8.7400,0.1900,1.1800,0.135011
s3p10,12,0.50,2,3.0600,12.3900,0.2500,2.5500,0.205811
s3p10,12,0.50,4,5.7100,17.4900,0.3300,5.4400,0.311035
s3p10,12,0.50,8,6.9600,23.2100,0.3000,4.4300,0.190866
s3p10,12,0.50,16,9.4900,30.3100,0.3100,7.1900,0.237215
s3p10,12,0.50,32,12.6600,39.8800,0.3200,8.6300,0.216399
s3p10,12,0.50,64,11.5200,39.3200,0.2900,6.4400,0.163784
s3p10,12,0.50,128,12.0200,56.5400,0.2100,7.4100,0.131058
s3p10,12,0.50,200,13.8600,70.1800,0.2000,5.9900,0.085352
s3p10,12,1.00,1,1.7000,10.9800,0.1500,1.1800,0.107468
s3p10,12,1.00,2,3.0800,15.4800,0.2000,2.5500,0.164729
s3p10,12,1.00,4,5.7300,21.6100,0.2700,5.4400,0.251735
s3p10,12,1.00,8,6.9900,28.4900,0.2500,4.4300,0.155493
s3p10,12,1.00,16,9.4500,38.2900,0.2500,7.1900,0.187777
s3p10,12,1.00,32,12.9200,51.5000,0.2500,8.6300,0.167573
s3p10,12,1.00,64,13.1300,54.6400,0.2400,6.4400,0.117862
s3p10,12,1.00,128,14.0400,71.2100,0.2000,7.4100,0.104058
s3p10,12,1.00,200,17.4400,81.7500,0.2100,5.9900,0.073272
s3p10,13,0.10,1,3.4000,5.2400,0.6500,2.3000,0.438931
s3p10,13,0.10,2,4.2600,8.1600,0.5200,2.2100,0.270833
s3p10,13,0.10,4,5.8100,11.1700,0.5200,3.0300,0.271262
s3p10,13,0.10,8,7.4200,12.6100,0.5900,4.8700,0.386201
s3p10,13,0.10,16,9.0400,15.5300,0.5800,5.5100,0.354797
s3p10,13,0.10,32,10.5800,19.6100,0.5400,6.0400,0.308006
s3p10,13,0.10,64,10.7800,26.4200,0.4100,4.9300,0.186601
s3p10,13,0.10,128,13.2000,36.9600,0.3600,7.5600,0.204545
s3p10,13,0.10,200,9.3800,31.2600,0.3000,4.0000,0.127959
s3p10,13,0.50,1,3.4000,8.0200,0.4200,2.3000,0.286783
s3p10,13,0.50,2,4.2800,11.4700,0.3700,2.2100,0.192677
s3p10,13,0.50,4,5.8400,15.6400,0.3700,3.0300,0.193734
s3p10,13,0.50,8,7.4900,18.7700,0.4000,4.8700,0.259457
s3p10,13,0.50,16,8.9200,24.1000,0.3700,5.5100,0.228631
s3p10,13,0.50,32,10.7100,29.7700,0.3600,6.0400,0.202889
s3p10,13,0.50,64,10.4000,38.9700,0.2700,4.9300,0.126508
s3p10,13,0.50,128,13.5900,47.8400,0.2800,7.5600,0.158027
s3p10,13,0.50,200,8.4400,39.8700,0.2100,4.0000,0.100326
s3p10,13,1.00,1,3.4100,10.3200,0.3300,2.3000,0.222868
s3p10,13,1.00,2,4.3700,14.3800,0.3000,2.2100,0.153686
s3p10,13,1.00,4,5.9100,19.6000,0.3000,3.0300,0.154592
s3p10,13,1.00,8,7.6000,24.1900,0.3100,4.8700,0.201323
s3p10,13,1.00,16,9.0000,31.4900,0.2900,5.5100,0.174976
s3p10,13,1.00,32,11.0800,38.8200,0.2900,6.0400,0.155590
s3p10,13,1.00,64,10.3500,48.9900,0.2100,4.9300,0.100633
s3p10,13,1.00,128,13.6500,56.1300,0.2400,7.5600,0.134687
s3p10,13,1.00,200,8.6900,46.7500,0.1900,4.0000,0.085561
s3p10,14,0.10,1,2.0700,7.2300,0.2900,1.5200,0.210235
s3p10,14,0.10,2,2.9600,10.1200,0.2900,2.1000,0.207510
s3p10,14,0.10,4,4.0500,12.9700,0.3100,3.0200,0.232845
s3p10,14,0.10,8,6.3500,15.2200,0.4200,4.5100,0.296321
s3p10,14,0.10,16,9.1200,23.1200,0.3900,7.5900,0.328287
s3p10,14,0.10,32,17.3000,42.5100,0.4100,14.2800,0.335921
s3p10,14,0.10,64,100.6000,172.2000,0.5800,92.1800,0.535308
s3p10,14,0.10,128,226.0600,309.3800,0.7300,220.8600,0.713879
s3p10,14,0.10,200,235.4500,280.8200,0.8400,200.5700,0.714230
s3p10,14,0.50,1,2.0800,10.4000,0.2000,1.5200,0.146154
s3p10,14,0.50,2,2.9600,14.1100,0.2100,2.1000,0.148831
s3p10,14,0.50,4,4.0700,18.2300,0.2200,3.0200,0.165661
s3p10,14,0.50,8,6.3800,22.7600,0.2800,4.5100,0.198155
s3p10,14,0.50,16,8.9800,36.8400,0.2400,7.5900,0.206026
s3p10,14,0.50,32,16.8900,71.9200,0.2300,14.2800,0.198554
s3p10,14,0.50,64,80.6200,237.8800,0.3400,92.1800,0.387506
s3p10,14,0.50,128,151.7300,303.9400,0.5000,220.8600,0.726657
s3p10,14,0.50,200,153.6900,241.1300,0.6400,200.5700,0.831792
s3p10,14,1.00,1,2.0900,12.9700,0.1600,1.5200,0.117194
s3p10,14,1.00,2,2.9800,17.5500,0.1700,2.1000,0.119658
s3p10,14,1.00,4,4.1000,22.6700,0.1800,3.0200,0.133216
s3p10,14,1.00,8,6.4100,29.1200,0.2200,4.5100,0.154876
s3p10,14,1.00,16,8.9300,47.9400,0.1900,7.5900,0.158323
s3p10,14,1.00,32,16.6900,91.8400,0.1800,14.2800,0.155488
s3p10,14,1.00,64,77.9000,241.0500,0.3200,92.1800,0.382410
s3p10,14,1.00,128,141.7900,300.3900,0.4700,220.8600,0.735244
s3p10,14,1.00,200,110.6900,227.6600,0.4900,200.5700,0.881007
s3p10,15,0.10,1,1.9000,5.2500,0.3600,1.3800,0.262857
s3p10,15,0.10,2,3.4800,8.5200,0.4100,2.3300,0.273474
s3p10,15,0.10,4,4.8500,10.4500,0.4600,2.8200,0.269856
s3p10,15,0.10,8,6.5500,12.1300,0.5400,4.6200,0.380874
s3p10,15,0.10,16,9.0800,15.4600,0.5900,6.9200,0.447607
s3p10,15,0.10,32,12.2100,22.7600,0.5400,8.2700,0.363357
s3p10,15,0.10,64,23.1100,50.0500,0.4600,14.3300,0.286314
s3p10,15,0.10,128,40.6200,96.9600,0.4200,48.0500,0.495565
s3p10,15,0.10,200,64.0700,113.6200,0.5600,46.4800,0.409083
s3p10,15,0.50,1,1.9000,8.2000,0.2300,1.3800,0.168293
s3p10,15,0.50,2,3.4800,12.1800,0.2900,2.3300,0.191297
s3p10,15,0.50,4,4.8400,15.1500,0.3200,2.8200,0.186139
s3p10,15,0.50,8,6.5400,18.7100,0.3500,4.6200,0.246927
s3p10,15,0.50,16,9.1800,26.5300,0.3500,6.9200,0.260837
s3p10,15,0.50,32,12.0700,38.5900,0.3100,8.2700,0.214304
s3p10,15,0.50,64,22.1600,75.5800,0.2900,14.3300,0.189600
s3p10,15,0.50,128,35.4400,131.9300,0.2700,48.0500,0.364208
s3p10,15,0.50,200,57.1500,181.9300,0.3100,46.4800,0.255483
s3p10,15,1.00,1,1.9000,10.6100,0.1800,1.3800,0.130066
s3p10,15,1.00,2,3.4900,15.3100,0.2300,2.3300,0.152188
s3p10,15,1.00,4,4.8400,19.2900,0.2500,2.8200,0.146190
s3p10,15,1.00,8,6.5300,24.4500,0.2700,4.6200,0.188957
s3p10,15,1.00,16,9.1700,35.6800,0.2600,6.9200,0.193946
s3p10,15,1.00,32,12.4100,51.6900,0.2400,8.2700,0.159992
s3p10,15,1.00,64,21.1400,94.8000,0.2200,14.3300,0.151160
s3p10,15,1.00,128,39.6600,155.7000,0.2500,48.0500,0.308606
s3p10,15,1.00,200,56.0000,178.3500,0.3100,46.4800,0.260611
s3p10,16,0.10,1,2.3200,7.4100,0.3100,1.3400,0.180837
s3p10,16,0.10,2,3.4000,11.5900,0.2900,2.3300,0.201035
s3p10,16,0.10,4,3.9300,16.3700,0.2400,2.4300,0.148442
s3p10,16,0.10,8,5.9000,20.3100,0.2900,3.8100,0.187592
s3p10,16,0.10,16,9.1500,22.4700,0.4100,6.7100,0.298620
s3p10,16,0.10,32,11.7000,24.5700,0.4800,9.4700,0.385429
s3p10,16,0.10,64,9.4100,24.7400,0.3800,7.2900,0.294665
s3p10,16,0.10,128,6.9200,27.6600,0.2500,4.3500,0.157267
s3p10,16,0.10,200,7.4500,26.8900,0.2800,4.0100,0.149126
s3p10,16,0.50,1,2.3200,10.7100,0.2200,1.3400,0.125117
s3p10,16,0.50,2,3.4100,15.5800,0.2200,2.3300,0.149551
s3p10,16,0.50,4,4.1000,21.8900,0.1900,2.4300,0.111010
s3p10,16,0.50,8,5.8900,27.1800,0.2200,3.8100,0.140177
s3p10,16,0.50,16,9.0400,31.9900,0.2800,6.7100,0.209753
s3p10,16,0.50,32,11.8200,37.1200,0.3200,9.4700,0.255119
s3p10,16,0.50,64,9.7300,34.3800,0.2800,7.2900,0.212042
s3p10,16,0.50,128,7.6900,36.1200,0.2100,4.3500,0.120432
s3p10,16,0.50,200,7.6300,35.4700,0.2200,4.0100,0.113053
s3p10,16,1.00,1,2.3300,13.4100,0.1700,1.3400,0.099925
s3p10,16,1.00,2,3.4300,19.0600,0.1800,2.3300,0.122246
s3p10,16,1.00,4,4.1300,26.6300,0.1500,2.4300,0.091250
s3p10,16,1.00,8,6.0000,33.6800,0.1800,3.8100,0.113124
s3p10,16,1.00,16,9.0500,40.5800,0.2200,6.7100,0.165352
s3p10,16,1.00,32,12.2300,49.4200,0.2500,9.4700,0.191623
s3p10,16,1.00,64,9.7500,44.8100,0.2200,7.2900,0.162687
s3p10,16,1.00,128,8.0600,43.6800,0.1800,4.3500,0.099588
s3p10,16,1.00,200,7.3500,42.6400,0.1700,4.0100,0.094043
s3p10,17,0.10,1,2.6300,3.9200,0.6700,1.5700,0.400510
s3p10,17,0.10,2,4.1300,5.6400,0.7300,2.5600,0.453901
s3p10,17,0.10,4,6.4300,8.1700,0.7900,4.1400,0.506732
s3p10,17,0.10,8,10.6500,10.8200,0.9800,9.0700,0.838262
s3p10,17,0.10,16,16.2800,17.4500,0.9300,13.5200,0.774785
s3p10,17,0.10,32,19.9200,23.4200,0.8500,17.6300,0.752775
s3p10,17,0.10,64,18.8800,28.6100,0.6600,16.5900,0.579867
s3p10,17,0.10,128,21.0800,32.0400,0.6600,23.2900,0.726904
s3p10,17,0.10,200,20.9200,38.4500,0.5400,24.7900,0.644733
s3p10,17,0.50,1,2.6400,6.5500,0.4000,1.5700,0.239695
s3p10,17,0.50,2,4.1300,9.2000,0.4500,2.5600,0.278261
s3p10,17,0.50,4,6.4400,12.9200,0.5000,4.1400,0.320433
s3p10,17,0.50,8,10.6300,17.0800,0.6200,9.0700,0.531030
s3p10,17,0.50,16,16.2700,25.2300,0.6400,13.5200,0.535870
s3p10,17,0.50,32,20.0300,31.2000,0.6400,17.6300,0.565064
s3p10,17,0.50,64,19.0900,39.8300,0.4800,16.5900,0.416520
s3p10,17,0.50,128,18.9600,44.9500,0.4200,23.2900,0.518131
s3p10,17,0.50,200,19.3800,59.9000,0.3200,24.7900,0.413856
s3p10,17,1.00,1,2.6500,8.6900,0.3000,1.5700,0.180667
s3p10,17,1.00,2,4.1400,12.1900,0.3400,2.5600,0.210008
s3p10,17,1.00,4,6.4700,16.9100,0.3800,4.1400,0.244826
s3p10,17,1.00,8,10.6800,22.4000,0.4800,9.0700,0.404911
s3p10,17,1.00,16,16.4300,32.2900,0.5100,13.5200,0.418705
s3p10,17,1.00,32,20.5300,39.1500,0.5200,17.6300,0.450319
s3p10,17,1.00,64,19.5800,50.2600,0.3900,16.5900,0.330084
s3p10,17,1.00,128,17.5800,55.1500,0.3200,23.2900,0.422303
s3p10,17,1.00,200,18.0900,74.4900,0.2400,24.7900,0.332796
s3p10,18,0.10,1,1.3300,6.5500,0.2000,1.3500,0.206107
s3p10,18,0.10,2,2.8200,9.4000,0.3000,1.9700,0.209574
s3p10,18,0.10,4,4.6500,13.3200,0.3500,2.8800,0.216216
s3p10,18,0.10,8,6.2300,15.9900,0.3900,3.5400,0.221388
s3p10,18,0.10,16,8.0000,18.9500,0.4200,5.2100,0.274934
s3p10,18,0.10,32,8.5600,26.8800,0.3200,5.8200,0.216518
s3p10,18,0.10,64,15.4400,41.7400,0.3700,9.2100,0.220652
s3p10,18,0.10,128,26.0400,75.8900,0.3400,10.6900,0.140862
s3p10,18,0.10,200,22.9600,61.2800,0.3700,7.1400,0.116514
s3p10,18,0.50,1,1.3300,9.2400,0.1400,1.3500,0.146104
s3p10,18,0.50,2,2.8200,12.8000,0.2200,1.9700,0.153906
s3p10,18,0.50,4,4.6700,17.9600,0.2600,2.8800,0.160356
s3p10,18,0.50,8,6.2800,22.1400,0.2800,3.5400,0.159892
s3p10,18,0.50,16,8.4600,28.5500,0.3000,5.2100,0.182487
s3p10,18,0.50,32,9.3200,40.7800,0.2300,5.8200,0.142717
s3p10,18,0.50,64,15.8800,61.3900,0.2600,9.2100,0.150024
s3p10,18,0.50,128,29.3800,101.0400,0.2900,10.6900,0.105800
s3p10,18,0.50,200,32.3300,84.7800,0.3800,7.1400,0.084218
s3p10,18,1.00,1,1.3400,11.4400,0.1200,1.3500,0.118007
s3p10,18,1.00,2,2.6300,15.6500,0.1700,1.9700,0.125879
s3p10,18,1.00,4,4.5500,21.8700,0.2100,2.8800,0.131687
s3p10,18,1.00,8,6.2600,27.4300,0.2300,3.5400,0.129056
s3p10,18,1.00,16,8.6100,36.9300,0.2300,5.2100,0.141078
s3p10,18,1.00,32,9.8000,52.5900,0.1900,5.8200,0.110667
s3p10,18,1.00,64,16.7800,76.7900,0.2200,9.2100,0.119937
s3p10,18,1.00,128,29.2900,106.6000,0.2700,10.6900,0.100281
s3p10,18,1.00,200,28.0400,86.9900,0.3200,7.1400,0.082078
s3p10,19,0.10,1,2.4500,6.4400,0.3800,1.9400,0.301242
s3p10,19,0.10,2,3.5100,9.4200,0.3700,2.5600,0.271762
s3p10,19,0.10,4,5.7000,13.3700,0.4300,4.0800,0.305161
s3p10,19,0.10,8,7.4400,16.1200,0.4600,5.9400,0.368486
s3p10,19,0.10,16,12.5500,26.8200,0.4700,8.5900,0.320283
s3p10,19,0.10,32,33.1400,70.5500,0.4700,22.3400,0.316655
s3p10,19,0.10,64,44.8100,113.8900,0.3900,44.3800,0.389674
s3p10,19,0.10,128,17.5800,42.5200,0.4100,17.3900,0.408984
s3p10,19,0.10,200,7.7300,28.1600,0.2700,4.8800,0.173295
s3p10,19,0.50,1,2.4600,9.9100,0.2500,1.9400,0.195762
s3p10,19,0.50,2,3.5200,13.8200,0.2500,2.5600,0.185239
s3p10,19,0.50,4,5.5900,18.3400,0.3000,4.0800,0.222465
s3p10,19,0.50,8,7.2500,22.7900,0.3200,5.9400,0.260641
s3p10,19,0.50,16,12.4000,38.6500,0.3200,8.5900,0.222251
s3p10,19,0.50,32,31.5500,97.0500,0.3300,22.3400,0.230191
s3p10,19,0.50,64,41.3000,130.7800,0.3200,44.3800,0.339349
s3p10,19,0.50,128,18.0200,57.4700,0.3100,17.3900,0.302593
s3p10,19,0.50,200,8.2800,36.7600,0.2300,4.8800,0.132753
s3p10,19,1.00,1,2.4600,12.7500,0.1900,1.9400,0.152157
s3p10,19,1.00,2,3.5400,17.6200,0.2000,2.5600,0.145289
s3p10,19,1.00,4,5.6100,22.9800,0.2400,4.0800,0.177546
s3p10,19,1.00,8,7.1900,28.9300,0.2500,5.9400,0.205323
s3p10,19,1.00,16,12.3800,49.2000,0.2500,8.5900,0.174593
s3p10,19,1.00,32,30.6500,115.2200,0.2700,22.3400,0.193890
s3p10,19,1.00,64,38.3300,143.5600,0.2700,44.3800,0.309139
s3p10,19,1.00,128,19.0400,66.5500,0.2900,17.3900,0.261307
s3p10,19,1.00,200,12.2500,46.6400,0.2600,4.8800,0.104631
s3p15,0,0.10,1,3.6200,7.0000,0.5200,2.7000,0.385714
s3p15,0,0.10,2,4.8400,10.5900,0.4600,3.7200,0.351275
s3p15,0,0.10,4,7.2000,15.7500,0.4600,5.1700,0.328254
s3p15,0,0.10,8,8.7800,19.6100,0.4500,6.1000,0.311066
s3p15,0,0.10,16,15.1700,28.8000,0.5300,11.5800,0.402083
s3p15,0,0.10,32,22.2100,41.5100,0.5400,16.8900,0.406890
s3p15,0,0.10,64,23.6000,48.2400,0.4900,9.9200,0.205638
s3p15,0,0.10,128,29.2600,58.2600,0.5000,9.9500,0.170786
s3p15,0,0.10,200,33.8400,68.8600,0.4900,11.5500,0.167732
s3p15,0,0.50,1,3.6200,9.7400,0.3700,2.7000,0.277207
s3p15,0,0.50,2,4.8500,13.8400,0.3500,3.7200,0.268786
s3p15,0,0.50,4,7.2100,19.6500,0.3700,5.1700,0.263104
s3p15,0,0.50,8,8.8200,25.5400,0.3500,6.1000,0.238841
s3p15,0,0.50,16,15.0900,40.0400,0.3800,11.5800,0.289211
s3p15,0,0.50,32,21.3100,60.8200,0.3500,16.8900,0.277705
s3p15,0,0.50,64,25.1300,72.7800,0.3500,9.9200,0.136301
s3p15,0,0.50,128,28.3300,87.2100,0.3200,9.9500,0.114092
s3p15,0,0.50,200,35.5900,107.4700,0.3300,11.5500,0.107472
s3p15,0,1.00,1,3.6400,11.9700,0.3000,2.7000,0.225564
s3p15,0,1.00,2,4.8600,16.7600,0.2900,3.7200,0.221957
s3p15,0,1.00,4,7.3200,23.2800,0.3100,5.1700,0.222079
s3p15,0,1.00,8,9.0200,31.0600,0.2900,6.1000,0.196394
s3p15,0,1.00,16,14.9800,50.3100,0.3000,11.5800,0.230173
s3p15,0,1.00,32,20.5200,73.9300,0.2800,16.8900,0.228459
s3p15,0,1.00,64,22.4900,86.8400,0.2600,9.9200,0.114233
s3p15,0,1.00,128,27.4400,100.0600,0.2700,9.9500,0.099440
s3p15,0,1.00,200,31.1900,120.6800,0.2600,11.5500,0.095708
s3p15,1,0.10,1,1.4800,6.7000,0.2200,1.0900,0.162687
s3p15,1,0.10,2,2.7300,8.9800,0.3000,2.2400,0.249443
s3p15,1,0.10,4,3.8700,12.3800,0.3100,2.5700,0.207593
s3p15,1,0.10,8,5.2200,15.3700,0.3400,3.1800,0.206897
s3p15,1,0.10,16,5.1800,17.0600,0.3000,3.3600,0.196952
s3p15,1,0.10,32,6.8000,19.3400,0.3500,4.1800,0.216132
s3p15,1,0.10,64,9.9200,25.8500,0.3800,6.2700,0.242553
s3p15,1,0.10,128,12.4400,33.2100,0.3700,8.4100,0.253237
s3p15,1,0.10,200,9.4800,27.5000,0.3400,5.2400,0.190545
s3p15,1,0.50,1,1.4800,10.4200,0.1400,1.0900,0.104607
s3p15,1,0.50,2,2.7400,13.4300,0.2000,2.2400,0.166791
s3p15,1,0.50,4,3.8800,18.1300,0.2100,2.5700,0.141754
s3p15,1,0.50,8,5.1500,21.7100,0.2400,3.1800,0.146476
s3p15,1,0.50,16,5.2500,25.0800,0.2100,3.3600,0.133971
s3p15,1,0.50,32,6.8500,28.7900,0.2400,4.1800,0.145189
s3p15,1,0.50,64,9.9800,39.4700,0.2500,6.2700,0.158855
s3p15,1,0.50,128,11.7200,49.3800,0.2400,8.4100,0.170312
s3p15,1,0.50,200,9.7700,42.7500,0.2300,5.2400,0.122573
s3p15,1,1.00,1,1.4900,13.4400,0.1100,1.0900,0.081101
s3p15,1,1.00,2,2.7600,17.2600,0.1600,2.2400,0.129780
s3p15,1,1.00,4,4.0700,23.1200,0.1800,2.5700,0.111159
s3p15,1,1.00,8,5.3000,27.5400,0.1900,3.1800,0.115468
s3p15,1,1.00,16,5.0300,32.3200,0.1600,3.3600,0.103960
s3p15,1,1.00,32,6.8200,37.7000,0.1800,4.1800,0.110875
s3p15,1,1.00,64,10.3300,52.6500,0.2000,6.2700,0.119088
s3p15,1,1.00,128,12.6000,68.1800,0.1800,8.4100,0.123350
s3p15,1,1.00,200,11.3500,63.5700,0.1800,5.2400,0.082429
s3p15,2,0.10,1,1.7700,6.0000,0.3000,1.3200,0.220000
s3p15,2,0.10,2,2.6600,9.3000,0.2900,1.7700,0.190323
s3p15,2,0.10,4,2.9100,12.0300,0.2400,1.9400,0.161264
s3p15,2,0.10,8,3.6200,15.7800,0.2300,2.4400,0.154626
s3p15,2,0.10,16,6.0300,20.0900,0.3000,3.5600,0.177203
s3p15,2,0.10,32,9.8300,29.5900,0.3300,7.1300,0.240960
s3p15,2,0.10,64,17.8100,43.6100,0.4100,11.6400,0.266911
s3p15,2,0.10,128,42.0500,86.5800,0.4900,24.6200,0.284361
s3p15,2,0.10,200,49.2200,90.6800,0.5400,13.2700,0.146339
s3p15,2,0.50,1,1.7800,8.6900,0.2100,1.3200,0.151899
s3p15,2,0.50,2,2.6900,12.4900,0.2200,1.7700,0.141713
s3p15,2,0.50,4,2.9400,16.2500,0.1800,1.9400,0.119385
s3p15,2,0.50,8,3.6600,20.6000,0.1800,2.4400,0.118447
s3p15,2,0.50,16,6.0000,27.4300,0.2200,3.5600,0.129785
s3p15,2,0.50,32,9.6400,41.8000,0.2300,7.1300,0.170574
s3p15,2,0.50,64,16.6600,65.8100,0.2500,11.6400,0.176873
s3p15,2,0.50,128,35.2300,123.6400,0.2800,24.6200,0.199126
s3p15,2,0.50,200,47.0400,129.8000,0.3600,13.2700,0.102234
s3p15,2,1.00,1,1.8000,10.9500,0.1600,1.3200,0.120548
s3p15,2,1.00,2,2.7200,15.4500,0.1800,1.7700,0.114563
s3p15,2,1.00,4,2.9700,20.0600,0.1500,1.9400,0.096710
s3p15,2,1.00,8,3.7100,25.3100,0.1500,2.4400,0.096405
s3p15,2,1.00,16,5.8600,34.0800,0.1700,3.5600,0.104460
s3p15,2,1.00,32,9.5900,51.8200,0.1900,7.1300,0.137592
s3p15,2,1.00,64,15.9100,80.0700,0.2000,11.6400,0.145373
s3p15,2,1.00,128,32.3400,130.4400,0.2500,24.6200,0.188746
s3p15,2,1.00,200,45.9100,128.9000,0.3600,13.2700,0.102948
s3p15,3,0.10,1,2.0300,5.2500,0.3900,1.3400,0.255238
s3p15,3,0.10,2,3.2000,7.7600,0.4100,2.2600,0.291237
s3p15,3,0.10,4,4.6000,11.6200,0.4000,2.7500,0.236661
s3p15,3,0.10,8,5.8600,13.8600,0.4200,3.7600,0.271284
s3p15,3,0.10,16,8.3600,17.6100,0.4700,4.6600,0.264622
s3p15,3,0.10,32,10.5900,22.2300,0.4800,6.8500,0.308142
s3p15,3,0.10,64,13.2700,30.0400,0.4400,9.1000,0.302929
s3p15,3,0.10,128,17.0500,43.3200,0.3900,11.7200,0.270545
s3p15,3,0.10,200,24.6000,72.6800,0.3400,7.9800,0.109796
s3p15,3,0.50,1,2.0400,8.1500,0.2500,1.3400,0.164417
s3p15,3,0.50,2,3.2100,11.4700,0.2800,2.2600,0.197036
s3p15,3,0.50,4,4.6300,16.1500,0.2900,2.7500,0.170279
s3p15,3,0.50,8,5.9100,19.8700,0.3000,3.7600,0.189230
s3p15,3,0.50,16,8.5100,25.9400,0.3300,4.6600,0.179645
s3p15,3,0.50,32,10.8300,35.0300,0.3100,6.8500,0.195547
s3p15,3,0.50,64,13.8300,50.2100,0.2800,9.1000,0.181239
s3p15,3,0.50,128,17.6800,70.6100,0.2500,11.7200,0.165982
s3p15,3,0.50,200,20.6800,94.6400,0.2200,7.9800,0.084320
s3p15,3,1.00,1,2.0600,10.5500,0.1900,1.3400,0.127014
s3p15,3,1.00,2,3.2200,14.6900,0.2200,2.2600,0.153846
s3p15,3,1.00,4,4.6700,20.1900,0.2300,2.7500,0.136206
s3p15,3,1.00,8,5.9800,25.1800,0.2400,3.7600,0.149325
s3p15,3,1.00,16,8.6000,33.3200,0.2600,4.6600,0.139856
s3p15,3,1.00,32,10.8500,46.0500,0.2400,6.8500,0.148751
s3p15,3,1.00,64,14.5200,69.3300,0.2100,9.1000,0.131256
s3p15,3,1.00,128,19.1300,98.1400,0.1900,11.7200,0.119421
s3p15,3,1.00,200,25.4500,109.9600,0.2300,7.9800,0.072572
s3p15,4,0.10,1,2.4900,7.2500,0.3400,1.6600,0.228966
s3p15,4,0.10,2,4.0600,9.8900,0.4100,2.7600,0.279070
s3p15,4,0.10,4,5.0600,12.6800,0.4000,3.1700,0.250000
s3p15,4,0.10,8,7.4400,18.5400,0.4000,4.0000,0.215750
s3p15,4,0.10,16,8.2700,20.7900,0.4000,4.7300,0.227513
s3p15,4,0.10,32,9.0100,23.9500,0.3800,4.2600,0.177871
s3p15,4,0.10,64,9.4800,28.6300,0.3300,5.8100,0.202934
s3p15,4,0.10,128,10.3300,30.6300,0.3400,6.8600,0.223963
s3p15,4,0.10,200,11.2800,30.2500,0.3700,7.2400,0.239339
s3p15,4,0.50,1,2.5000,10.3900,0.2400,1.6600,0.159769
s3p15,4,0.50,2,4.0800,13.8500,0.2900,2.7600,0.199278
s3p15,4,0.50,4,5.1000,17.9100,0.2900,3.1700,0.176996
s3p15,4,0.50,8,7.4900,24.2300,0.3100,4.0000,0.165085
s3p15,4,0.50,16,8.3400,27.8200,0.3000,4.7300,0.170022
s3p15,4,0.50,32,9.2000,31.2900,0.2900,4.2600,0.136146
s3p15,4,0.50,64,9.5800,35.0500,0.2700,5.8100,0.165763
s3p15,4,0.50,128,10.5000,38.2900,0.2700,6.8600,0.179159
s3p15,4,0.50,200,11.9800,38.5900,0.3100,7.2400,0.187613
s3p15,4,1.00,1,2.5200,13.0500,0.1900,1.6600,0.127203
s3p15,4,1.00,2,4.1200,17.3300,0.2400,2.7600,0.159261
s3p15,4,1.00,4,5.1600,22.4700,0.2300,3.1700,0.141077
s3p15,4,1.00,8,7.5500,29.3900,0.2600,4.0000,0.136101
s3p15,4,1.00,16,8.3800,34.2500,0.2400,4.7300,0.138102
s3p15,4,1.00,32,9.2200,37.9500,0.2400,4.2600,0.112253
s3p15,4,1.00,64,9.5600,40.9500,0.2300,5.8100,0.141880
s3p15,4,1.00,128,10.3500,45.2500,0.2300,6.8600,0.151602
s3p15,4,1.00,200,11.9800,46.3400,0.2600,7.2400,0.156237
s3p15,5,0.10,1,2.6700,5.4500,0.4900,2.3100,0.423853
s3p15,5,0.10,2,3.2600,8.4500,0.3900,2.3200,0.274556
s3p15,5,0.10,4,4.0800,11.3200,0.3600,3.1300,0.276502
s3p15,5,0.10,8,5.4300,14.6600,0.3700,3.9100,0.266712
s3p15,5,0.10,16,8.9100,22.4200,0.4000,6.6800,0.297948
s3p15,5,0.10,32,21.7800,48.0400,0.4500,14.3400,0.298501
s3p15,5,0.10,64,56.8900,126.8400,0.4500,38.0400,0.299905
s3p15,5,0.10,128,92.4100,179.7000,0.5100,53.4900,0.297663
s3p15,5,0.10,200,136.8800,223.4700,0.6100,57.6500,0.257976
s3p15,5,0.50,1,2.6600,9.0900,0.2900,2.3100,0.254125
s3p15,5,0.50,2,3.2700,13.1800,0.2500,2.3200,0.176024
s3p15,5,0.50,4,4.0900,17.5900,0.2300,3.1300,0.177942
s3p15,5,0.50,8,5.4200,22.9300,0.2400,3.9100,0.170519
s3p15,5,0.50,16,8.7200,35.9100,0.2400,6.6800,0.186021
s3p15,5,0.50,32,20.4700,84.7200,0.2400,14.3400,0.169263
s3p15,5,0.50,64,70.3300,217.7400,0.3200,38.0400,0.174704
s3p15,5,0.50,128,93.3300,244.0600,0.3800,53.4900,0.219167
s3p15,5,0.50,200,160.1100,285.0400,0.5600,57.6500,0.202252
s3p15,5,1.00,1,2.6600,12.0600,0.2200,2.3100,0.191542
s3p15,5,1.00,2,3.2900,17.1700,0.1900,2.3200,0.135119
s3p15,5,1.00,4,4.1200,23.0200,0.1800,3.1300,0.135969
s3p15,5,1.00,8,5.5600,29.9900,0.1900,3.9100,0.130377
s3p15,5,1.00,16,8.7200,47.3900,0.1800,6.6800,0.140958
s3p15,5,1.00,32,19.5100,109.9500,0.1800,14.3400,0.130423
s3p15,5,1.00,64,67.9700,249.3000,0.2700,38.0400,0.152587
s3p15,5,1.00,128,92.4500,256.8300,0.3600,53.4900,0.208270
s3p15,5,1.00,200,134.4900,297.6900,0.4500,57.6500,0.193658
s3p15,6,0.10,1,2.6800,7.0600,0.3800,2.2800,0.322946
s3p15,6,0.10,2,3.5200,9.4000,0.3700,2.2900,0.243617
s3p15,6,0.10,4,5.3600,13.2700,0.4000,3.8000,0.286360
s3p15,6,0.10,8,7.0000,17.0700,0.4100,3.7600,0.220269
s3p15,6,0.10,16,7.6100,20.0400,0.3800,4.8200,0.240519
s3p15,6,0.10,32,9.5000,26.4700,0.3600,5.4900,0.207405
s3p15,6,0.10,64,11.5700,34.1100,0.3400,6.2900,0.184403
s3p15,6,0.10,128,12.1700,35.7400,0.3400,6.2200,0.174035
s3p15,6,0.10,200,11.2000,33.1200,0.3400,4.6600,0.140700
s3p15,6,0.50,1,2.6900,10.7100,0.2500,2.2800,0.212885
s3p15,6,0.50,2,3.3600,14.1300,0.2400,2.2900,0.162067
s3p15,6,0.50,4,5.7400,19.5700,0.2900,3.8000,0.194175
s3p15,6,0.50,8,7.0900,24.3900,0.2900,3.7600,0.154162
s3p15,6,0.50,16,7.6500,31.3700,0.2400,4.8200,0.153650
s3p15,6,0.50,32,9.6900,40.7600,0.2400,5.4900,0.134691
s3p15,6,0.50,64,11.3700,46.8900,0.2400,6.2900,0.134144
s3p15,6,0.50,128,12.2500,45.2900,0.2700,6.2200,0.137337
s3p15,6,0.50,200,11.3400,41.8700,0.2700,4.6600,0.111297
s3p15,6,1.00,1,2.7100,13.7100,0.2000,2.2800,0.166302
s3p15,6,1.00,2,3.2500,17.9800,0.1800,2.2900,0.127364
s3p15,6,1.00,4,5.7600,25.3300,0.2300,3.8000,0.150020
s3p15,6,1.00,8,7.1000,31.6200,0.2200,3.7600,0.118912
s3p15,6,1.00,16,7.6800,41.9700,0.1800,4.8200,0.114844
s3p15,6,1.00,32,9.9400,53.0100,0.1900,5.4900,0.103565
s3p15,6,1.00,64,11.1800,56.3700,0.2000,6.2900,0.111584
s3p15,6,1.00,128,12.2000,53.3100,0.2300,6.2200,0.116676
s3p15,6,1.00,200,11.8500,49.8200,0.2400,4.6600,0.093537
s3p15,7,0.10,1,1.8500,5.4700,0.3400,1.4600,0.266910
s3p15,7,0.10,2,3.5000,9.2800,0.3800,2.4500,0.264009
s3p15,7,0.10,4,5.2000,12.0500,0.4300,3.5800,0.297095
s3p15,7,0.10,8,5.9700,14.1000,0.4200,4.1900,0.297163
s3p15,7,0.10,16,7.6700,17.6600,0.4300,5.0900,0.288222
s3p15,7,0.10,32,11.4200,23.9800,0.4800,8.7700,0.365721
s3p15,7,0.10,64,12.3300,33.1500,0.3700,6.7300,0.203017
s3p15,7,0.10,128,15.6600,41.4800,0.3800,12.4500,0.300145
s3p15,7,0.10,200,18.9200,53.4700,0.3500,14.0700,0.263138
s3p15,7,0.50,1,1.8600,8.8000,0.2100,1.4600,0.165909
s3p15,7,0.50,2,3.5100,13.1900,0.2700,2.4500,0.185747
s3p15,7,0.50,4,5.3700,17.3600,0.3100,3.5800,0.206221
s3p15,7,0.50,8,6.0400,20.8400,0.2900,4.1900,0.201056
s3p15,7,0.50,16,7.6600,26.9900,0.2800,5.0900,0.188588
s3p15,7,0.50,32,11.5500,35.2000,0.3300,8.7700,0.249148
s3p15,7,0.50,64,12.0600,45.9400,0.2600,6.7300,0.146495
s3p15,7,0.50,128,13.9200,53.5200,0.2600,12.4500,0.232623
s3p15,7,0.50,200,17.3700,66.0400,0.2600,14.0700,0.213053
s3p15,7,1.00,1,1.8700,11.5000,0.1600,1.4600,0.126957
s3p15,7,1.00,2,3.5300,16.6700,0.2100,2.4500,0.146971
s3p15,7,1.00,4,5.4100,21.9300,0.2500,3.5800,0.163247
s3p15,7,1.00,8,6.0800,26.7800,0.2300,4.1900,0.156460
s3p15,7,1.00,16,7.5900,34.7000,0.2200,5.0900,0.146686
s3p15,7,1.00,32,11.3100,43.8700,0.2600,8.7700,0.199909
s3p15,7,1.00,64,11.9100,55.9700,0.2100,6.7300,0.120243
s3p15,7,1.00,128,13.8100,63.3300,0.2200,12.4500,0.196589
s3p15,7,1.00,200,16.4100,75.8000,0.2200,14.0700,0.185620
s3p15,8,0.10,1,2.1100,4.2800,0.4900,1.7600,0.411215
s3p15,8,0.10,2,3.1000,6.0800,0.5100,2.3600,0.388158
s3p15,8,0.10,4,4.1400,8.4300,0.4900,3.1100,0.368921
s3p15,8,0.10,8,5.5200,10.8600,0.5100,4.2400,0.390424
s3p15,8,0.10,16,8.3000,15.2600,0.5400,5.7400,0.376147
s3p15,8,0.10,32,12.3800,25.8400,0.4800,8.0200,0.310372
s3p15,8,0.10,64,10.6100,26.4100,0.4000,6.5500,0.248012
s3p15,8,0.10,128,14.2600,42.8600,0.3300,7.3000,0.170322
s3p15,8,0.10,200,23.8300,63.9200,0.3700,11.8100,0.184762
s3p15,8,0.50,1,2.1200,7.6000,0.2800,1.7600,0.231579
s3p15,8,0.50,2,3.0600,10.3900,0.2900,2.3600,0.227141
s3p15,8,0.50,4,4.1700,13.9900,0.3000,3.1100,0.222302
s3p15,8,0.50,8,5.5500,18.2000,0.3000,4.2400,0.232967
s3p15,8,0.50,16,8.2900,26.4400,0.3100,5.7400,0.217095
s3p15,8,0.50,32,12.4100,44.0400,0.2800,8.0200,0.182107
s3p15,8,0.50,64,11.6200,40.9900,0.2800,6.5500,0.159795
s3p15,8,0.50,128,13.6000,57.0000,0.2400,7.3000,0.128070
s3p15,8,0.50,200,22.6600,78.0500,0.2900,11.8100,0.151313
s3p15,8,1.00,1,2.1400,10.2900,0.2100,1.7600,0.171040
s3p15,8,1.00,2,3.0800,14.0100,0.2200,2.3600,0.168451
s3p15,8,1.00,4,4.1900,18.6700,0.2200,3.1100,0.166577
s3p15,8,1.00,8,5.6200,24.2400,0.2300,4.2400,0.174917
s3p15,8,1.00,16,8.2700,35.5000,0.2300,5.7400,0.161690
s3p15,8,1.00,32,12.5300,58.4300,0.2100,8.0200,0.137258
s3p15,8,1.00,64,12.9400,55.6300,0.2300,6.5500,0.117742
s3p15,8,1.00,128,15.1800,69.2300,0.2200,7.3000,0.105446
s3p15,8,1.00,200,23.6200,88.8000,0.2700,11.8100,0.132995
s3p15,9,0.10,1,1.6800,5.4300,0.3100,1.3900,0.255985
s3p15,9,0.10,2,3.1100,8.6600,0.3600,2.7200,0.314088
s3p15,9,0.10,4,4.3900,12.0300,0.3600,4.0500,0.336658
s3p15,9,0.10,8,5.5500,14.0300,0.4000,4.7900,0.341411
s3p15,9,0.10,16,8.3700,21.8900,0.3800,6.6200,0.302421
s3p15,9,0.10,32,21.1200,40.1000,0.5300,19.3500,0.482544
s3p15,9,0.10,64,26.5800,56.5500,0.4700,15.4900,0.273917
s3p15,9,0.10,128,45.8500,76.4800,0.6000,18.3500,0.239932
s3p15,9,0.10,200,38.7500,42.7900,0.9100,12.2300,0.285814
s3p15,9,0.50,1,1.6900,8.7900,0.1900,1.3900,0.158134
s3p15,9,0.50,2,3.0200,12.8900,0.2300,2.7200,0.211016
s3p15,9,0.50,4,4.3100,18.2700,0.2400,4.0500,0.221675
s3p15,9,0.50,8,5.4100,22.7200,0.2400,4.7900,0.210827
s3p15,9,0.50,16,8.0000,36.9200,0.2200,6.6200,0.179307
s3p15,9,0.50,32,19.8800,67.3700,0.2900,19.3500,0.287220
s3p15,9,0.50,64,28.3800,87.4800,0.3200,15.4900,0.177069
s3p15,9,0.50,128,60.0000,125.7700,0.4800,18.3500,0.145901
s3p15,9,0.50,200,71.7300,103.6600,0.6900,12.2300,0.117982
s3p15,9,1.00,1,1.7000,11.5600,0.1500,1.3900,0.120242
s3p15,9,1.00,2,3.0300,16.6000,0.1800,2.7200,0.163855
s3p15,9,1.00,4,4.4200,23.4000,0.1900,4.0500,0.173077
s3p15,9,1.00,8,5.5100,30.0400,0.1800,4.7900,0.159454
s3p15,9,1.00,16,8.0100,49.1200,0.1600,6.6200,0.134772
s3p15,9,1.00,32,19.5500,88.4200,0.2200,19.3500,0.218842
s3p15,9,1.00,64,31.3400,116.5200,0.2700,15.4900,0.132939
s3p15,9,1.00,128,57.4000,163.7200,0.3500,18.3500,0.112082
s3p15,9,1.00,200,65.6000,153.8400,0.4300,12.2300,0.079498
s3p15,10,0.10,1,1.9500,5.2500,0.3700,1.2600,0.240000
s3p15,10,0.10,2,3.6200,8.7300,0.4100,2.0200,0.231386
s3p15,10,0.10,4,5.4600,11.9200,0.4600,3.6500,0.306208
s3p15,10,0.10,8,10.8900,14.9100,0.7300,8.7500,0.586854
s3p15,10,0.10,16,11.5000,19.1100,0.6000,8.8900,0.465201
s3p15,10,0.10,32,17.5700,30.2000,0.5800,14.9500,0.495033
s3p15,10,0.10,64,23.7500,46.5600,0.5100,23.2900,0.500215
s3p15,10,0.10,128,16.1800,38.6700,0.4200,10.4000,0.268942
s3p15,10,0.10,200,12.0900,30.7000,0.3900,5.0600,0.164821
s3p15,10,0.50,1,1.9600,8.1400,0.2400,1.2600,0.154791
s3p15,10,0.50,2,3.6200,11.9500,0.3000,2.0200,0.169038
s3p15,10,0.50,4,5.4800,16.5300,0.3300,3.6500,0.220811
s3p15,10,0.50,8,10.8300,21.0700,0.5100,8.7500,0.415282
s3p15,10,0.50,16,11.6300,28.9800,0.4000,8.8900,0.306763
s3p15,10,0.50,32,16.9700,48.3100,0.3500,14.9500,0.309460
s3p15,10,0.50,64,22.4800,69.3500,0.3200,23.2900,0.335833
s3p15,10,0.50,128,18.4200,58.9400,0.3100,10.4000,0.176451
s3p15,10,0.50,200,15.3000,48.3300,0.3200,5.0600,0.104697
s3p15,10,1.00,1,1.9700,10.5000,0.1900,1.2600,0.120000
s3p15,10,1.00,2,3.6300,14.8200,0.2400,2.0200,0.136302
s3p15,10,1.00,4,5.4900,20.5200,0.2700,3.6500,0.177875
s3p15,10,1.00,8,10.8500,26.4100,0.4100,8.7500,0.331314
s3p15,10,1.00,16,11.8300,37.4100,0.3200,8.8900,0.237637
s3p15,10,1.00,32,16.8900,62.4200,0.2700,14.9500,0.239507
s3p15,10,1.00,64,21.7600,86.7800,0.2500,23.2900,0.268380
s3p15,10,1.00,128,18.8900,74.0600,0.2600,10.4000,0.140427
s3p15,10,1.00,200,20.3200,64.8800,0.3100,5.0600,0.077990
s3p15,11,0.10,1,2.4000,6.0600,0.4000,1.1200,0.184818
s3p15,11,0.10,2,3.0800,9.1800,0.3400,1.6100,0.175381
s3p15,11,0.10,4,4.3500,12.2000,0.3600,2.6400,0.216393
s3p15,11,0.10,8,5.8300,16.0200,0.3600,3.4500,0.215356
s3p15,11,0.10,16,9.4000,19.3100,0.4900,6.5300,0.338167
s3p15,11,0.10,32,12.4600,22.7700,0.5500,10.0700,0.442249
s3p15,11,0.10,64,9.0100,24.6700,0.3700,5.9500,0.241184
s3p15,11,0.10,128,8.9400,28.9900,0.3100,4.7500,0.163850
s3p15,11,0.10,200,10.9100,32.7500,0.3300,4.9500,0.151145
s3p15,11,0.50,1,2.4200,8.6800,0.2800,1.1200,0.129032
s3p15,11,0.50,2,3.1000,12.4000,0.2500,1.6100,0.129839
s3p15,11,0.50,4,4.3500,16.3200,0.2700,2.6400,0.161765
s3p15,11,0.50,8,5.7400,20.7900,0.2800,3.4500,0.165945
s3p15,11,0.50,16,9.4300,26.6100,0.3500,6.5300,0.245396
s3p15,11,0.50,32,12.6600,32.1100,0.3900,10.0700,0.313609
s3p15,11,0.50,64,9.4800,34.4500,0.2800,5.9500,0.172714
s3p15,11,0.50,128,9.4200,39.3800,0.2400,4.7500,0.120620
s3p15,11,0.50,200,11.4300,44.1900,0.2600,4.9500,0.112016
s3p15,11,1.00,1,2.4400,10.8300,0.2300,1.1200,0.103416
s3p15,11,1.00,2,3.1300,15.2400,0.2100,1.6100,0.105643
s3p15,11,1.00,4,4.3800,19.9600,0.2200,2.6400,0.132265
s3p15,11,1.00,8,5.7700,25.3400,0.2300,3.4500,0.136148
s3p15,11,1.00,16,9.3800,33.1900,0.2800,6.5300,0.196746
s3p15,11,1.00,32,12.8000,40.6500,0.3100,10.0700,0.247724
s3p15,11,1.00,64,9.8600,43.5600,0.2300,5.9500,0.136593
s3p15,11,1.00,128,9.8800,48.9700,0.2000,4.7500,0.096998
s3p15,11,1.00,200,12.6100,54.9800,0.2300,4.9500,0.090033
s3p15,12,0.10,1,2.0400,5.7500,0.3500,1.8700,0.325217
s3p15,12,0.10,2,3.9000,9.4600,0.4100,3.5400,0.374207
s3p15,12,0.10,4,5.4800,12.9400,0.4200,4.7400,0.366306
s3p15,12,0.10,8,5.8800,15.7600,0.3700,5.3200,0.337563
s3p15,12,0.10,16,7.3900,20.3800,0.3600,5.6900,0.279195
s3p15,12,0.10,32,13.6200,37.4800,0.3600,9.3400,0.249200
s3p15,12,0.10,64,59.6700,139.7700,0.4300,49.8900,0.356944
s3p15,12,0.10,128,122.7700,233.7000,0.5300,42.2600,0.180830
s3p15,12,0.10,200,181.8200,280.9400,0.6500,48.5100,0.172670
s3p15,12,0.50,1,2.0300,8.7100,0.2300,1.8700,0.214696
s3p15,12,0.50,2,4.0600,13.0000,0.3100,3.5400,0.272308
s3p15,12,0.50,4,5.6100,17.7100,0.3200,4.7400,0.267645
s3p15,12,0.50,8,6.4200,21.8900,0.2900,5.3200,0.243033
s3p15,12,0.50,16,7.8500,31.9500,0.2500,5.6900,0.178091
s3p15,12,0.50,32,14.5000,60.1000,0.2400,9.3400,0.155408
s3p15,12,0.50,64,50.8700,179.5600,0.2800,49.8900,0.277846
s3p15,12,0.50,128,121.2000,250.1800,0.4800,42.2600,0.168918
s3p15,12,0.50,200,180.0700,293.5000,0.6100,48.5100,0.165281
s3p15,12,1.00,1,2.0300,11.1300,0.1800,1.8700,0.168014
s3p15,12,1.00,2,4.0700,16.0800,0.2500,3.5400,0.220149
s3p15,12,1.00,4,5.6200,21.8500,0.2600,4.7400,0.216934
s3p15,12,1.00,8,6.6100,27.5000,0.2400,5.3200,0.193455
s3p15,12,1.00,16,8.0500,41.4600,0.1900,5.6900,0.137241
s3p15,12,1.00,32,14.8600,79.8000,0.1900,9.3400,0.117043
s3p15,12,1.00,64,44.7300,197.5300,0.2300,49.8900,0.252569
s3p15,12,1.00,128,119.5400,256.1000,0.4700,42.2600,0.165014
s3p15,12,1.00,200,164.9500,283.4800,0.5800,48.5100,0.171123
s3p15,13,0.10,1,3.2600,5.1600,0.6300,2.9600,0.573643
s3p15,13,0.10,2,3.7200,8.4000,0.4400,2.4100,0.286905
s3p15,13,0.10,4,4.9000,11.0900,0.4400,3.2400,0.292155
s3p15,13,0.10,8,7.3100,13.5900,0.5400,5.4900,0.403974
s3p15,13,0.10,16,9.5200,16.7300,0.5700,6.7200,0.401674
s3p15,13,0.10,32,8.7200,20.7300,0.4200,4.5800,0.220936
s3p15,13,0.10,64,9.6000,26.6900,0.3600,4.7300,0.177220
s3p15,13,0.10,128,12.2800,33.0600,0.3700,8.3600,0.252874
s3p15,13,0.10,200,9.9500,29.4800,0.3400,4.4700,0.151628
s3p15,13,0.50,1,3.2500,8.0800,0.4000,2.9600,0.366337
s3p15,13,0.50,2,3.7300,11.7500,0.3200,2.4100,0.205106
s3p15,13,0.50,4,4.9500,15.2600,0.3200,3.2400,0.212320
s3p15,13,0.50,8,7.4900,18.9200,0.4000,5.4900,0.290169
s3p15,13,0.50,16,9.8600,24.1400,0.4100,6.7200,0.278376
s3p15,13,0.50,32,9.0000,28.9500,0.3100,4.5800,0.158204
s3p15,13,0.50,64,9.8100,35.6000,0.2800,4.7300,0.132865
s3p15,13,0.50,128,12.2900,40.6900,0.3000,8.3600,0.205456
s3p15,13,0.50,200,9.9900,37.2500,0.2700,4.4700,0.120000
s3p15,13,1.00,1,3.2500,10.4400,0.3100,2.9600,0.283525
s3p15,13,1.00,2,3.7500,14.6900,0.2600,2.4100,0.164057
s3p15,13,1.00,4,4.9600,19.0300,0.2600,3.2400,0.170257
s3p15,13,1.00,8,7.5500,23.8200,0.3200,5.4900,0.230479
s3p15,13,1.00,16,9.9100,30.5400,0.3200,6.7200,0.220039
s3p15,13,1.00,32,9.1800,36.3400,0.2500,4.5800,0.126032
s3p15,13,1.00,64,9.9000,43.0600,0.2300,4.7300,0.109847
s3p15,13,1.00,128,12.6500,47.8900,0.2600,8.3600,0.174567
s3p15,13,1.00,200,10.3400,44.8300,0.2300,4.4700,0.099710
s3p15,14,0.10,1,1.7100,6.4200,0.2700,1.4500,0.225857
s3p15,14,0.10,2,2.5100,9.5400,0.2600,2.1000,0.220126
s3p15,14,0.10,4,4.2000,13.9400,0.3000,2.9100,0.208752
s3p15,14,0.10,8,6.9900,19.4100,0.3600,4.7900,0.246780
s3p15,14,0.10,16,15.5200,42.3900,0.3700,12.0600,0.284501
s3p15,14,0.10,32,62.1300,164.1000,0.3800,31.5100,0.192017
s3p15,14,0.10,64,88.4500,224.3100,0.3900,67.3800,0.300388
s3p15,14,0.10,128,106.6800,248.1600,0.4300,99.4500,0.400750
s3p15,14,0.10,200,118.8400,236.5300,0.5000,99.2500,0.419609
s3p15,14,0.50,1,1.7100,10.3700,0.1700,1.4500,0.139826
s3p15,14,0.50,2,2.5300,14.4300,0.1800,2.1000,0.145530
s3p15,14,0.50,4,4.2200,20.3500,0.2100,2.9100,0.142998
s3p15,14,0.50,8,7.0300,28.8700,0.2400,4.7900,0.165916
s3p15,14,0.50,16,15.5400,63.8800,0.2400,12.0600,0.188791
s3p15,14,0.50,32,52.2800,213.4700,0.2400,31.5100,0.147609
s3p15,14,0.50,64,88.3600,266.1500,0.3300,67.3800,0.253166
s3p15,14,0.50,128,109.8500,265.6400,0.4100,99.4500,0.374379
s3p15,14,0.50,200,110.9700,247.6700,0.4500,99.2500,0.400735
s3p15,14,1.00,1,1.7200,13.5800,0.1300,1.4500,0.106775
s3p15,14,1.00,2,2.5500,18.6800,0.1400,2.1000,0.112420
s3p15,14,1.00,4,4.4800,25.8400,0.1700,2.9100,0.112616
s3p15,14,1.00,8,7.4300,37.1900,0.2000,4.7900,0.128798
s3p15,14,1.00,16,16.7400,81.8900,0.2000,12.0600,0.147271
s3p15,14,1.00,32,47.3800,242.7700,0.2000,31.5100,0.129794
s3p15,14,1.00,64,89.5800,294.6200,0.3000,67.3800,0.228701
s3p15,14,1.00,128,118.9100,278.4900,0.4300,99.4500,0.357104
s3p15,14,1.00,200,142.9600,236.6700,0.6000,99.2500,0.419360
s3p15,15,0.10,1,1.8000,5.2800,0.3400,1.5800,0.299242
s3p15,15,0.10,2,3.6100,8.0500,0.4500,2.4500,0.304348
s3p15,15,0.10,4,4.9700,10.1500,0.4900,2.7600,0.271921
s3p15,15,0.10,8,6.6400,13.5200,0.4900,4.2200,0.312130
s3p15,15,0.10,16,11.2400,22.8700,0.4900,6.1200,0.267599
s3p15,15,0.10,32,28.0100,50.1600,0.5600,10.7700,0.214713
s3p15,15,0.10,64,105.4100,162.7400,0.6500,58.4100,0.358916
s3p15,15,0.10,128,242.7200,271.9400,0.8900,237.8600,0.874678
s3p15,15,0.10,200,183.9200,198.0300,0.9300,198.4500,1.002121
s3p15,15,0.50,1,1.8000,9.0700,0.2000,1.5800,0.174201
s3p15,15,0.50,2,3.6200,12.4800,0.2900,2.4500,0.196314
s3p15,15,0.50,4,4.9200,15.8000,0.3100,2.7600,0.174684
s3p15,15,0.50,8,6.8000,20.6800,0.3300,4.2200,0.204062
s3p15,15,0.50,16,11.4300,32.5200,0.3500,6.1200,0.188192
s3p15,15,0.50,32,27.6800,67.0000,0.4100,10.7700,0.160746
s3p15,15,0.50,64,100.0700,205.5200,0.4900,58.4100,0.284206
s3p15,15,0.50,128,240.1800,288.5100,0.8300,237.8600,0.824443
s3p15,15,0.50,200,184.4100,215.6400,0.8600,198.4500,0.920284
s3p15,15,1.00,1,1.8000,12.1000,0.1500,1.5800,0.130579
s3p15,15,1.00,2,3.6300,16.2000,0.2200,2.4500,0.151235
s3p15,15,1.00,4,4.9400,20.6600,0.2400,2.7600,0.133591
s3p15,15,1.00,8,6.7800,26.9000,0.2500,4.2200,0.156877
s3p15,15,1.00,16,11.6100,41.3600,0.2800,6.1200,0.147969
s3p15,15,1.00,32,27.7500,81.0500,0.3400,10.7700,0.132881
s3p15,15,1.00,64,100.2800,231.8100,0.4300,58.4100,0.251974
s3p15,15,1.00,128,206.1900,266.8300,0.7700,237.8600,0.891429
s3p15,15,1.00,200,170.8700,226.0800,0.7600,198.4500,0.877787
s3p15,16,0.10,1,2.3100,7.8500,0.2900,1.5800,0.201274
s3p15,16,0.10,2,4.1300,12.2100,0.3400,2.5100,0.205569
s3p15,16,0.10,4,4.9700,15.3000,0.3200,2.3500,0.153595
s3p15,16,0.10,8,6.3900,20.3100,0.3100,3.5200,0.173314
s3p15,16,0.10,16,10.6000,30.8700,0.3400,6.2600,0.202786
s3p15,16,0.10,32,18.8300,40.7400,0.4600,10.2400,0.251350
s3p15,16,0.10,64,41.8100,57.6000,0.7300,19.7600,0.343056
s3p15,16,0.10,128,100.8700,132.1500,0.7600,33.2400,0.251532
s3p15,16,0.10,200,84.5900,101.1300,0.8400,23.5200,0.232572
s3p15,16,0.50,1,2.3100,10.6800,0.2200,1.5800,0.147940
s3p15,16,0.50,2,4.3200,15.6500,0.2800,2.5100,0.160383
s3p15,16,0.50,4,5.1300,20.2100,0.2500,2.3500,0.116279
s3p15,16,0.50,8,6.7300,26.4900,0.2500,3.5200,0.132880
s3p15,16,0.50,16,10.9600,39.7600,0.2800,6.2600,0.157445
s3p15,16,0.50,32,19.0000,52.9900,0.3600,10.2400,0.193244
s3p15,16,0.50,64,44.7400,80.4800,0.5600,19.7600,0.245527
s3p15,16,0.50,128,88.2500,166.9000,0.5300,33.2400,0.199161
s3p15,16,0.50,200,115.2400,165.1300,0.7000,23.5200,0.142433
s3p15,16,1.00,1,2.3200,13.0700,0.1800,1.5800,0.120888
s3p15,16,1.00,2,4.3400,18.7400,0.2300,2.5100,0.133938
s3p15,16,1.00,4,5.1600,24.6200,0.2100,2.3500,0.095451
s3p15,16,1.00,8,6.3500,32.3600,0.2000,3.5200,0.108776
s3p15,16,1.00,16,10.8100,48.7900,0.2200,6.2600,0.128305
s3p15,16,1.00,32,19.2100,68.0300,0.2800,10.2400,0.150522
s3p15,16,1.00,64,43.2200,109.5100,0.3900,19.7600,0.180440
s3p15,16,1.00,128,87.1400,193.0600,0.4500,33.2400,0.172174
s3p15,16,1.00,200,111.3200,240.1900,0.4600,23.5200,0.097922
s3p15,17,0.10,1,1.6400,4.6800,0.3500,1.3700,0.292735
s3p15,17,0.10,2,3.0500,7.3700,0.4100,2.0800,0.282225
s3p15,17,0.10,4,5.2700,10.4800,0.5000,3.6800,0.351145
s3p15,17,0.10,8,6.9500,14.0400,0.4900,5.0400,0.358974
s3p15,17,0.10,16,9.5100,17.6400,0.5400,6.3000,0.357143
s3p15,17,0.10,32,11.4800,23.5100,0.4900,8.0800,0.343684
s3p15,17,0.10,64,9.4600,26.9900,0.3500,4.8800,0.180808
s3p15,17,0.10,128,8.4900,28.5200,0.3000,4.1300,0.144811
s3p15,17,0.10,200,12.8300,29.2600,0.4400,7.9600,0.272044
s3p15,17,0.50,1,1.6500,7.3600,0.2200,1.3700,0.186141
s3p15,17,0.50,2,3.0500,10.8800,0.2800,2.0800,0.191176
s3p15,17,0.50,4,5.3400,15.2700,0.3500,3.6800,0.240995
s3p15,17,0.50,8,7.1000,19.9500,0.3600,5.0400,0.252632
s3p15,17,0.50,16,9.8000,26.8300,0.3700,6.3000,0.234812
s3p15,17,0.50,32,11.6800,34.3000,0.3400,8.0800,0.235569
s3p15,17,0.50,64,9.8600,36.2500,0.2700,4.8800,0.134621
s3p15,17,0.50,128,8.4600,36.7100,0.2300,4.1300,0.112503
s3p15,17,0.50,200,13.0000,38.5100,0.3400,7.9600,0.206700
s3p15,17,1.00,1,1.6600,9.5800,0.1700,1.3700,0.143006
s3p15,17,1.00,2,3.0600,13.9000,0.2200,2.0800,0.149640
s3p15,17,1.00,4,5.3800,19.2500,0.2800,3.6800,0.191169
s3p15,17,1.00,8,7.1500,25.3000,0.2800,5.0400,0.199209
s3p15,17,1.00,16,10.1400,34.5500,0.2900,6.3000,0.182344
s3p15,17,1.00,32,11.8400,43.4200,0.2700,8.0800,0.186089
s3p15,17,1.00,64,10.1100,43.9100,0.2300,4.8800,0.111136
s3p15,17,1.00,128,8.4300,44.2400,0.1900,4.1300,0.093354
s3p15,17,1.00,200,12.9400,46.4600,0.2800,7.9600,0.171330
s3p15,18,0.10,1,1.5600,6.0000,0.2600,1.2600,0.210000
s3p15,18,0.10,2,2.4700,8.6500,0.2900,1.8000,0.208092
s3p15,18,0.10,4,3.4000,12.2800,0.2800,2.3800,0.193811
s3p15,18,0.10,8,5.4900,15.5400,0.3500,3.4500,0.222008
s3p15,18,0.10,16,7.5800,20.1900,0.3800,4.8200,0.238732
s3p15,18,0.10,32,12.2200,36.8500,0.3300,6.7100,0.182090
s3p15,18,0.10,64,15.2600,35.2700,0.4300,5.2400,0.148568
s3p15,18,0.10,128,43.1000,114.9800,0.3700,15.2700,0.132806
s3p15,18,0.10,200,94.3800,210.3100,0.4500,26.6500,0.126718
s3p15,18,0.50,1,1.5800,9.1100,0.1700,1.2600,0.138310
s3p15,18,0.50,2,2.4900,12.4400,0.2000,1.8000,0.144695
s3p15,18,0.50,4,3.4700,17.6400,0.2000,2.3800,0.134921
s3p15,18,0.50,8,5.5200,22.6400,0.2400,3.4500,0.152385
s3p15,18,0.50,16,7.6200,33.1700,0.2300,4.8200,0.145312
s3p15,18,0.50,32,11.9100,58.9300,0.2000,6.7100,0.113864
s3p15,18,0.50,64,14.6400,68.9200,0.2100,5.2400,0.076030
s3p15,18,0.50,128,38.3600,151.9800,0.2500,15.2700,0.100474
s3p15,18,0.50,200,72.1100,198.5100,0.3600,26.6500,0.134250
s3p15,18,1.00,1,1.6100,11.6700,0.1400,1.2600,0.107969
s3p15,18,1.00,2,2.5200,15.7400,0.1600,1.8000,0.114358
s3p15,18,1.00,4,3.5000,22.2800,0.1600,2.3800,0.106822
s3p15,18,1.00,8,5.5800,28.9800,0.1900,3.4500,0.119048
s3p15,18,1.00,16,7.8200,44.0700,0.1800,4.8200,0.109371
s3p15,18,1.00,32,11.8100,74.9800,0.1600,6.7100,0.089491
s3p15,18,1.00,64,20.3800,93.7400,0.2200,5.2400,0.055899
s3p15,18,1.00,128,41.2300,166.3100,0.2500,15.2700,0.091816
s3p15,18,1.00,200,56.9800,195.1900,0.2900,26.6500,0.136534
s3p15,19,0.10,1,2.4800,6.6200,0.3800,2.0700,0.312689
s3p15,19,0.10,2,3.2200,9.8800,0.3300,2.8400,0.287449
s3p15,19,0.10,4,8.2700,13.9900,0.5900,7.2500,0.518227
s3p15,19,0.10,8,10.2500,16.8900,0.6100,9.1000,0.538780
s3p15,19,0.10,16,10.6500,28.6200,0.3700,7.4200,0.259259
s3p15,19,0.10,32,27.2400,84.9400,0.3200,11.8100,0.139039
s3p15,19,0.10,64,31.4700,99.0000,0.3200,12.1000,0.122222
s3p15,19,0.10,128,44.7200,88.8200,0.5000,7.2000,0.081063
s3p15,19,0.10,200,55.6800,100.3600,0.5500,5.7800,0.057593
s3p15,19,0.50,1,2.4900,10.1700,0.2500,2.0700,0.203540
s3p15,19,0.50,2,3.2400,14.2300,0.2300,2.8400,0.199578
s3p15,19,0.50,4,8.0400,19.4800,0.4100,7.2500,0.372177
s3p15,19,0.50,8,9.9100,24.5500,0.4000,9.1000,0.370672
s3p15,19,0.50,16,10.5200,43.0000,0.2400,7.4200,0.172558
s3p15,19,0.50,32,25.2200,98.1100,0.2600,11.8100,0.120375
s3p15,19,0.50,64,33.8200,108.8200,0.3100,12.1000,0.111193
s3p15,19,0.50,128,59.5700,123.3700,0.4800,7.2000,0.058361
s3p15,19,0.50,200,62.1000,109.5400,0.5700,5.7800,0.052766
s3p15,19,1.00,1,2.5000,13.0700,0.1900,2.0700,0.158378
s3p15,19,1.00,2,3.2500,17.9700,0.1800,2.8400,0.158041
s3p15,19,1.00,4,8.0500,24.4600,0.3300,7.2500,0.296402
s3p15,19,1.00,8,9.8800,31.3200,0.3200,9.1000,0.290549
s3p15,19,1.00,16,10.3800,54.7300,0.1900,7.4200,0.135575
s3p15,19,1.00,32,21.1500,114.9200,0.1800,11.8100,0.102767
s3p15,19,1.00,64,21.9600,121.4900,0.1800,12.1000,0.099597
s3p15,19,1.00,128,49.0100,164.8800,0.3000,7.2000,0.043668
s3p15,19,1.00,200,39.8100,169.1900,0.2400,5.7800,0.034163
s3p20,0,0.10,1,2.6500,6.1500,0.4300,2.0700,0.336585
s3p20,0,0.10,2,3.7600,8.6000,0.4400,3.1800,0.369767
s3p20,0,0.10,4,4.8600,11.8300,0.4100,3.5200,0.297549
s3p20,0,0.10,8,6.2800,15.0800,0.4200,4.0900,0.271220
s3p20,0,0.10,16,8.5900,17.7700,0.4800,5.5300,0.311199
s3p20,0,0.10,32,9.5700,24.0000,0.4000,7.3600,0.306667
s3p20,0,0.10,64,12.0300,27.4900,0.4400,7.5500,0.274645
s3p20,0,0.10,128,13.3800,29.6500,0.4500,8.4500,0.284992
s3p20,0,0.10,200,12.9200,30.0000,0.4300,6.4800,0.216000
s3p20,0,0.50,1,2.6500,9.4900,0.2800,2.0700,0.218124
s3p20,0,0.50,2,3.7600,12.8100,0.2900,3.1800,0.248244
s3p20,0,0.50,4,4.7100,17.6100,0.2700,3.5200,0.199886
s3p20,0,0.50,8,6.2300,22.5600,0.2800,4.0900,0.181294
s3p20,0,0.50,16,8.6300,28.0100,0.3100,5.5300,0.197429
s3p20,0,0.50,32,9.6900,36.2200,0.2700,7.3600,0.203203
s3p20,0,0.50,64,12.1500,38.5000,0.3200,7.5500,0.196104
s3p20,0,0.50,128,12.7800,36.9200,0.3500,8.4500,0.228873
s3p20,0,0.50,200,13.5400,37.2200,0.3600,6.4800,0.174100
s3p20,0,1.00,1,2.6500,12.2300,0.2200,2.0700,0.169256
s3p20,0,1.00,2,3.7800,16.5300,0.2300,3.1800,0.192377
s3p20,0,1.00,4,4.7500,22.3500,0.2100,3.5200,0.157494
s3p20,0,1.00,8,6.3500,28.9500,0.2200,4.0900,0.141278
s3p20,0,1.00,16,8.7800,36.7900,0.2400,5.5300,0.150313
s3p20,0,1.00,32,9.7300,45.7400,0.2100,7.3600,0.160909
s3p20,0,1.00,64,12.2800,47.1200,0.2600,7.5500,0.160229
s3p20,0,1.00,128,12.8200,42.5200,0.3000,8.4500,0.198730
s3p20,0,1.00,200,13.4200,43.8400,0.3100,6.4800,0.147810
s3p20,1,0.10,1,2.5200,7.3000,0.3500,1.8100,0.247945
s3p20,1,0.10,2,4.3200,10.7500,0.4000,3.1500,0.293023
s3p20,1,0.10,4,5.7600,15.1600,0.3800,3.9500,0.260554
s3p20,1,0.10,8,8.2100,20.3700,0.4000,5.4700,0.268532
s3p20,1,0.10,16,11.1000,28.9500,0.3800,7.0000,0.241796
s3p20,1,0.10,32,14.4900,47.3500,0.3100,8.3100,0.175502
s3p20,1,0.10,64,35.0500,81.0900,0.4300,23.8700,0.294364
s3p20,1,0.10,128,82.7700,198.6700,0.4200,85.7000,0.431369
s3p20,1,0.10,200,98.6100,209.1800,0.4700,63.7700,0.304857
s3p20,1,0.50,1,2.5400,11.4800,0.2200,1.8100,0.157666
s3p20,1,0.50,2,4.3700,15.5100,0.2800,3.1500,0.203095
s3p20,1,0.50,4,5.8300,21.7400,0.2700,3.9500,0.181693
s3p20,1,0.50,8,8.3300,28.8100,0.2900,5.4700,0.189865
s3p20,1,0.50,16,11.4100,42.4600,0.2700,7.0000,0.164861
s3p20,1,0.50,32,15.5000,65.6400,0.2400,8.3100,0.126600
s3p20,1,0.50,64,32.4700,115.5100,0.2800,23.8700,0.206649
s3p20,1,0.50,128,64.6200,198.3000,0.3300,85.7000,0.432173
s3p20,1,0.50,200,91.1700,189.9400,0.4800,63.7700,0.335738
s3p20,1,1.00,1,2.5700,14.9100,0.1700,1.8100,0.121395
s3p20,1,1.00,2,4.2300,19.5900,0.2200,3.1500,0.160796
s3p20,1,1.00,4,6.0800,27.2000,0.2200,3.9500,0.145221
s3p20,1,1.00,8,8.5500,36.0100,0.2400,5.4700,0.151902
s3p20,1,1.00,16,12.2400,54.3700,0.2300,7.0000,0.128747
s3p20,1,1.00,32,16.5700,82.7000,0.2000,8.3100,0.100484
s3p20,1,1.00,64,31.5700,141.6200,0.2200,23.8700,0.168550
s3p20,1,1.00,128,61.9700,221.5600,0.2800,85.7000,0.386803
s3p20,1,1.00,200,78.1700,212.2600,0.3700,63.7700,0.300433
s3p20,2,0.10,1,2.7800,5.7400,0.4800,1.6800,0.292683
s3p20,2,0.10,2,4.4400,7.8300,0.5700,2.3200,0.296296
s3p20,2,0.10,4,7.1600,9.1700,0.7800,3.9300,0.428571
s3p20,2,0.10,8,8.6800,15.0000,0.5800,3.7300,0.248667
s3p20,2,0.10,16,11.4800,17.8400,0.6400,4.6700,0.261771
s3p20,2,0.10,32,15.1600,24.2900,0.6200,9.5300,0.392343
s3p20,2,0.10,64,14.9100,30.5000,0.4900,7.1000,0.232787
s3p20,2,0.10,128,13.8900,32.5100,0.4300,7.6500,0.235312
s3p20,2,0.10,200,15.1000,29.7200,0.5100,6.2600,0.210633
s3p20,2,0.50,1,2.8200,8.8500,0.3200,1.6800,0.189831
s3p20,2,0.50,2,4.4700,12.0500,0.3700,2.3200,0.192531
s3p20,2,0.50,4,7.2100,14.8000,0.4900,3.9300,0.265541
s3p20,2,0.50,8,8.8300,20.3900,0.4300,3.7300,0.182933
s3p20,2,0.50,16,11.5700,25.4800,0.4500,4.6700,0.183281
s3p20,2,0.50,32,15.1700,34.2100,0.4400,9.5300,0.278574
s3p20,2,0.50,64,14.5700,40.8000,0.3600,7.1000,0.174020
s3p20,2,0.50,128,14.7300,38.0800,0.3900,7.6500,0.200893
s3p20,2,0.50,200,15.0400,35.9700,0.4200,6.2600,0.174034
s3p20,2,1.00,1,2.8700,11.4500,0.2500,1.6800,0.146725
s3p20,2,1.00,2,4.5300,15.6900,0.2900,2.3200,0.147865
s3p20,2,1.00,4,7.2900,19.5400,0.3700,3.9300,0.201126
s3p20,2,1.00,8,8.9500,25.3800,0.3500,3.7300,0.146966
s3p20,2,1.00,16,11.5700,32.4100,0.3600,4.6700,0.144091
s3p20,2,1.00,32,15.6400,43.3000,0.3600,9.5300,0.220092
s3p20,2,1.00,64,14.5600,49.2000,0.3000,7.1000,0.144309
s3p20,2,1.00,128,15.2800,43.9400,0.3500,7.6500,0.174101
s3p20,2,1.00,200,15.0200,42.7100,0.3500,6.2600,0.146570
s3p20,3,0.10,1,2.4400,5.3800,0.4500,1.7100,0.317844
s3p20,3,0.10,2,3.1200,7.5600,0.4100,2.3200,0.306878
s3p20,3,0.10,4,4.1700,10.0100,0.4200,2.9800,0.297702
s3p20,3,0.10,8,5.6700,12.8900,0.4400,3.6700,0.284717
s3p20,3,0.10,16,6.7600,14.4000,0.4700,4.1300,0.286806
s3p20,3,0.10,32,8.7700,18.0400,0.4900,6.4400,0.356984
s3p20,3,0.10,64,12.4100,24.4300,0.5100,8.8900,0.363897
s3p20,3,0.10,128,11.8800,30.3600,0.3900,5.9800,0.196970
s3p20,3,0.10,200,12.5300,31.0000,0.4000,7.7800,0.250968
s3p20,3,0.50,1,2.4700,8.1700,0.3000,1.7100,0.209302
s3p20,3,0.50,2,3.1500,11.0200,0.2900,2.3200,0.210526
s3p20,3,0.50,4,4.3700,14.2700,0.3100,2.9800,0.208830
s3p20,3,0.50,8,5.9300,18.0700,0.3300,3.6700,0.203099
s3p20,3,0.50,16,7.0600,21.6000,0.3300,4.1300,0.191204
s3p20,3,0.50,32,9.0300,27.2200,0.3300,6.4400,0.236591
s3p20,3,0.50,64,13.0800,34.8600,0.3800,8.8900,0.255020
s3p20,3,0.50,128,11.9200,37.2500,0.3200,5.9800,0.160537
s3p20,3,0.50,200,13.5300,39.2100,0.3400,7.7800,0.198419
s3p20,3,1.00,1,2.5100,10.5000,0.2400,1.7100,0.162857
s3p20,3,1.00,2,3.2000,14.0500,0.2300,2.3200,0.165125
s3p20,3,1.00,4,4.4500,18.1700,0.2400,2.9800,0.164007
s3p20,3,1.00,8,6.0800,22.9400,0.2600,3.6700,0.159983
s3p20,3,1.00,16,7.3500,27.8600,0.2600,4.1300,0.148241
s3p20,3,1.00,32,9.2800,34.8300,0.2700,6.4400,0.184898
s3p20,3,1.00,64,13.6100,43.7300,0.3100,8.8900,0.203293
s3p20,3,1.00,128,12.4600,44.3800,0.2800,5.9800,0.134745
s3p20,3,1.00,200,13.7500,46.2500,0.3000,7.7800,0.168216
s3p20,4,0.10,1,3.7700,7.4000,0.5100,2.7600,0.372973
s3p20,4,0.10,2,4.4400,10.6500,0.4200,3.0000,0.281690
s3p20,4,0.10,4,5.5400,14.4100,0.3800,3.6300,0.251908
s3p20,4,0.10,8,8.0000,18.5800,0.4300,5.3000,0.285253
s3p20,4,0.10,16,9.9800,20.8100,0.4800,7.0000,0.336377
s3p20,4,0.10,32,11.2400,29.2600,0.3800,7.5800,0.259057
s3p20,4,0.10,64,13.2000,29.9900,0.4400,7.4400,0.248083
s3p20,4,0.10,128,11.3500,24.4500,0.4600,5.1400,0.210225
s3p20,4,0.10,200,13.3300,25.8300,0.5200,5.8000,0.224545
s3p20,4,0.50,1,3.7600,10.9300,0.3400,2.7600,0.252516
s3p20,4,0.50,2,4.3600,14.9700,0.2900,3.0000,0.200401
s3p20,4,0.50,4,5.4900,19.6500,0.2800,3.6300,0.184733
s3p20,4,0.50,8,8.1800,24.3700,0.3400,5.3000,0.217481
s3p20,4,0.50,16,10.4600,29.3600,0.3600,7.0000,0.238420
s3p20,4,0.50,32,11.8700,39.1400,0.3000,7.5800,0.193664
s3p20,4,0.50,64,14.0400,41.9900,0.3300,7.4400,0.177185
s3p20,4,0.50,128,12.2300,34.1500,0.3600,5.1400,0.150512
s3p20,4,0.50,200,13.7400,35.2500,0.3900,5.8000,0.164539
s3p20,4,1.00,1,3.7800,13.8100,0.2700,2.7600,0.199855
s3p20,4,1.00,2,4.4700,18.7200,0.2400,3.0000,0.160256
s3p20,4,1.00,4,5.6100,24.3600,0.2300,3.6300,0.149015
s3p20,4,1.00,8,8.3700,30.0100,0.2800,5.3000,0.176608
s3p20,4,1.00,16,10.5300,36.9700,0.2800,7.0000,0.189343
s3p20,4,1.00,32,12.0800,47.7900,0.2500,7.5800,0.158611
s3p20,4,1.00,64,14.2800,52.9500,0.2700,7.4400,0.140510
s3p20,4,1.00,128,12.6200,42.3100,0.3000,5.1400,0.121484
s3p20,4,1.00,200,14.3000,42.8100,0.3300,5.8000,0.135482
s3p20,5,0.10,1,3.5200,6.6600,0.5300,3.2000,0.480480
s3p20,5,0.10,2,4.6200,11.0700,0.4200,3.5900,0.324300
s3p20,5,0.10,4,6.4000,13.6300,0.4700,4.5000,0.330154
s3p20,5,0.10,8,6.1000,15.6500,0.3900,4.4500,0.284345
s3p20,5,0.10,16,7.9000,19.7100,0.4000,5.6200,0.285134
s3p20,5,0.10,32,11.7300,28.2500,0.4200,7.8900,0.279292
s3p20,5,0.10,64,13.3200,29.5100,0.4500,10.1600,0.344290
s3p20,5,0.10,128,17.5700,39.2200,0.4500,10.2500,0.261346
s3p20,5,0.10,200,33.4100,62.4700,0.5300,18.4400,0.295182
s3p20,5,0.50,1,3.5300,10.1000,0.3500,3.2000,0.316832
s3p20,5,0.50,2,4.6600,15.1800,0.3100,3.5900,0.236495
s3p20,5,0.50,4,6.4200,19.2700,0.3300,4.5000,0.233524
s3p20,5,0.50,8,6.1200,23.1600,0.2600,4.4500,0.192142
s3p20,5,0.50,16,7.9900,30.3100,0.2600,5.6200,0.185417
s3p20,5,0.50,32,11.9400,43.0100,0.2800,7.8900,0.183446
s3p20,5,0.50,64,13.3100,46.5400,0.2900,10.1600,0.218307
s3p20,5,0.50,128,19.7200,62.8700,0.3100,10.2500,0.163035
s3p20,5,0.50,200,41.1400,111.9000,0.3700,18.4400,0.164790
s3p20,5,1.00,1,3.5500,12.9200,0.2800,3.2000,0.247678
s3p20,5,1.00,2,4.8100,18.7900,0.2600,3.5900,0.191059
s3p20,5,1.00,4,6.7000,24.3600,0.2800,4.5000,0.184729
s3p20,5,1.00,8,6.4700,29.7500,0.2200,4.4500,0.149580
s3p20,5,1.00,16,8.7100,39.4300,0.2200,5.6200,0.142531
s3p20,5,1.00,32,12.4100,55.6900,0.2200,7.8900,0.141677
s3p20,5,1.00,64,14.4800,61.7600,0.2300,10.1600,0.164508
s3p20,5,1.00,128,23.9400,82.3500,0.2900,10.2500,0.124469
s3p20,5,1.00,200,38.4900,120.7400,0.3200,18.4400,0.152725
s3p20,6,0.10,1,3.7500,5.9600,0.6300,2.8900,0.484899
s3p20,6,0.10,2,4.3400,8.7900,0.4900,2.7900,0.317406
s3p20,6,0.10,4,6.6000,12.9000,0.5100,4.9600,0.384496
s3p20,6,0.10,8,7.7000,18.0600,0.4300,5.6700,0.313953
s3p20,6,0.10,16,11.2800,25.5200,0.4400,8.6000,0.336991
s3p20,6,0.10,32,21.0600,46.4700,0.4500,15.5500,0.334624
s3p20,6,0.10,64,62.0800,116.3500,0.5300,49.5600,0.425956
s3p20,6,0.10,128,113.3200,133.8600,0.8500,73.5800,0.549679
s3p20,6,0.10,200,113.3300,115.6700,0.9800,72.4000,0.625919
s3p20,6,0.50,1,3.7800,10.8200,0.3500,2.8900,0.267098
s3p20,6,0.50,2,4.4000,14.9900,0.2900,2.7900,0.186124
s3p20,6,0.50,4,6.7000,21.0000,0.3200,4.9600,0.236190
s3p20,6,0.50,8,7.8500,28.4100,0.2800,5.6700,0.199578
s3p20,6,0.50,16,11.5200,39.9600,0.2900,8.6000,0.215215
s3p20,6,0.50,32,21.3000,66.5500,0.3200,15.5500,0.233659
s3p20,6,0.50,64,62.8000,152.4200,0.4100,49.5600,0.325154
s3p20,6,0.50,128,146.8900,185.5200,0.7900,73.5800,0.396615
s3p20,6,0.50,200,156.8100,175.1700,0.9000,72.4000,0.413313
s3p20,6,1.00,1,3.8200,14.6600,0.2600,2.8900,0.197135
s3p20,6,1.00,2,4.4800,20.1100,0.2200,2.7900,0.138737
s3p20,6,1.00,4,6.6900,27.6900,0.2400,4.9600,0.179126
s3p20,6,1.00,8,7.8600,37.2400,0.2100,5.6700,0.152256
s3p20,6,1.00,16,11.1700,53.2400,0.2100,8.6000,0.161533
s3p20,6,1.00,32,21.3600,84.9200,0.2500,15.5500,0.183114
s3p20,6,1.00,64,55.1400,182.5400,0.3000,49.5600,0.271502
s3p20,6,1.00,128,114.9600,217.6600,0.5300,73.5800,0.338050
s3p20,6,1.00,200,113.6200,192.0500,0.5900,72.4000,0.376985
s3p20,7,0.10,1,3.1900,5.1400,0.6200,2.8800,0.560311
s3p20,7,0.10,2,4.3300,7.8100,0.5600,3.7800,0.483995
s3p20,7,0.10,4,7.0800,10.9000,0.6500,5.9600,0.546789
s3p20,7,0.10,8,9.8800,15.4000,0.6400,8.1300,0.527922
s3p20,7,0.10,16,14.0100,23.4200,0.6000,12.4600,0.532024
s3p20,7,0.10,32,19.8700,39.9300,0.5000,16.0500,0.401953
s3p20,7,0.10,64,19.8800,36.2700,0.5500,10.9500,0.301902
s3p20,7,0.10,128,20.0100,31.9500,0.6300,9.8800,0.309233
s3p20,7,0.10,200,15.5300,30.4300,0.5100,7.4000,0.243181
s3p20,7,0.50,1,3.2000,9.2800,0.3500,2.8800,0.310345
s3p20,7,0.50,2,4.3500,12.9400,0.3400,3.7800,0.292117
s3p20,7,0.50,4,7.1000,17.1800,0.4100,5.9600,0.346915
s3p20,7,0.50,8,9.7400,22.8300,0.4300,8.1300,0.356110
s3p20,7,0.50,16,14.2400,33.4300,0.4300,12.4600,0.372719
s3p20,7,0.50,32,20.0500,52.7200,0.3800,16.0500,0.304439
s3p20,7,0.50,64,21.0900,54.1100,0.3900,10.9500,0.202366
s3p20,7,0.50,128,22.1500,48.2300,0.4600,9.8800,0.204852
s3p20,7,0.50,200,17.8000,43.4200,0.4100,7.4000,0.170428
s3p20,7,1.00,1,3.2200,12.5500,0.2600,2.8800,0.229482
s3p20,7,1.00,2,4.3800,17.1900,0.2500,3.7800,0.219895
s3p20,7,1.00,4,7.0500,22.4300,0.3100,5.9600,0.265716
s3p20,7,1.00,8,9.7700,29.2800,0.3300,8.1300,0.277664
s3p20,7,1.00,16,14.4600,41.9400,0.3400,12.4600,0.297091
s3p20,7,1.00,32,20.4200,63.0300,0.3200,16.0500,0.254641
s3p20,7,1.00,64,21.0700,69.2800,0.3000,10.9500,0.158054
s3p20,7,1.00,128,22.0000,67.1700,0.3300,9.8800,0.147089
s3p20,7,1.00,200,19.0300,62.8200,0.3000,7.4000,0.117797
s3p20,8,0.10,1,2.4700,3.7800,0.6500,1.7700,0.468254
s3p20,8,0.10,2,3.4600,5.2800,0.6600,2.5700,0.486742
s3p20,8,0.10,4,5.2700,7.2300,0.7300,3.9600,0.547718
s3p20,8,0.10,8,6.4900,10.2300,0.6300,4.1600,0.406647
s3p20,8,0.10,16,7.9000,14.4200,0.5500,4.9400,0.342580
s3p20,8,0.10,32,10.6900,19.0500,0.5600,5.4300,0.285039
s3p20,8,0.10,64,13.5000,25.0200,0.5400,7.8700,0.314548
s3p20,8,0.10,128,11.8800,30.0600,0.4000,6.1000,0.202927
s3p20,8,0.10,200,14.6000,31.8800,0.4600,7.5300,0.236198
s3p20,8,0.50,1,2.5400,6.9200,0.3700,1.7700,0.255780
s3p20,8,0.50,2,3.5900,9.4200,0.3800,2.5700,0.272824
s3p20,8,0.50,4,5.3800,12.5100,0.4300,3.9600,0.316547
s3p20,8,0.50,8,6.8200,16.3000,0.4200,4.1600,0.255215
s3p20,8,0.50,16,8.3500,22.1700,0.3800,4.9400,0.222824
s3p20,8,0.50,32,11.0800,29.4400,0.3800,5.4300,0.184443
s3p20,8,0.50,64,14.3900,36.1500,0.4000,7.8700,0.217704
s3p20,8,0.50,128,12.9600,39.1100,0.3300,6.1000,0.155970
s3p20,8,0.50,200,15.4900,41.5800,0.3700,7.5300,0.181097
s3p20,8,1.00,1,2.6300,9.4200,0.2800,1.7700,0.187898
s3p20,8,1.00,2,3.7400,12.7800,0.2900,2.5700,0.201095
s3p20,8,1.00,4,5.4600,16.8200,0.3200,3.9600,0.235434
s3p20,8,1.00,8,6.9600,21.4300,0.3200,4.1600,0.194120
s3p20,8,1.00,16,8.5800,28.7200,0.3000,4.9400,0.172006
s3p20,8,1.00,32,11.3800,37.9300,0.3000,5.4300,0.143158
s3p20,8,1.00,64,14.9800,45.3100,0.3300,7.8700,0.173692
s3p20,8,1.00,128,13.3300,46.6400,0.2900,6.1000,0.130789
s3p20,8,1.00,200,15.7800,49.8600,0.3200,7.5300,0.151023
s3p20,9,0.10,1,3.0400,5.9100,0.5200,1.8700,0.316413
s3p20,9,0.10,2,5.7600,8.3300,0.6900,4.7600,0.571429
s3p20,9,0.10,4,8.2800,12.1500,0.6800,6.6600,0.548148
s3p20,9,0.10,8,10.3800,15.3400,0.6800,7.9100,0.515645
s3p20,9,0.10,16,13.4700,23.7500,0.5700,9.2000,0.387368
s3p20,9,0.10,32,17.7000,38.5000,0.4600,12.3500,0.320779
s3p20,9,0.10,64,27.7400,44.4600,0.6200,19.2900,0.433873
s3p20,9,0.10,128,57.3600,69.7700,0.8200,35.1100,0.503225
s3p20,9,0.10,200,48.9800,48.7600,1.0000,24.9000,0.510664
s3p20,9,0.50,1,3.0800,10.5000,0.2900,1.8700,0.178095
s3p20,9,0.50,2,5.8200,14.3600,0.4100,4.7600,0.331476
s3p20,9,0.50,4,8.3800,20.1000,0.4200,6.6600,0.331343
s3p20,9,0.50,8,10.4900,25.7100,0.4100,7.9100,0.307662
s3p20,9,0.50,16,13.5300,41.3000,0.3300,9.2000,0.222760
s3p20,9,0.50,32,17.7600,70.2800,0.2500,12.3500,0.175726
s3p20,9,0.50,64,27.4500,86.0600,0.3200,19.2900,0.224146
s3p20,9,0.50,128,41.6800,127.4200,0.3300,35.1100,0.275545
s3p20,9,0.50,200,40.6900,107.5800,0.3800,24.9000,0.231456
s3p20,9,1.00,1,3.1200,14.2100,0.2200,1.8700,0.131597
s3p20,9,1.00,2,5.7700,19.3400,0.3000,4.7600,0.246122
s3p20,9,1.00,4,8.4500,26.7600,0.3200,6.6600,0.248879
s3p20,9,1.00,8,10.5900,34.4100,0.3100,7.9100,0.229875
s3p20,9,1.00,16,13.4400,54.9900,0.2400,9.2000,0.167303
s3p20,9,1.00,32,17.6800,92.4200,0.1900,12.3500,0.133629
s3p20,9,1.00,64,26.9800,111.7300,0.2400,19.2900,0.172648
s3p20,9,1.00,128,40.8200,152.1500,0.2700,35.1100,0.230759
s3p20,9,1.00,200,40.1400,129.7300,0.3100,24.9000,0.191937
s3p20,10,0.10,1,2.6400,5.6900,0.4600,2.2000,0.386643
s3p20,10,0.10,2,4.2700,10.0500,0.4300,3.2900,0.327363
s3p20,10,0.10,4,6.2400,14.4700,0.4300,5.2200,0.360746
s3p20,10,0.10,8,12.1500,17.6600,0.6900,10.4300,0.590600
s3p20,10,0.10,16,12.4500,22.1700,0.5600,9.6200,0.433920
s3p20,10,0.10,32,16.1100,32.7400,0.4900,11.0200,0.336591
s3p20,10,0.10,64,15.5800,34.7200,0.4500,8.7200,0.251152
s3p20,10,0.10,128,16.7100,31.4700,0.5300,10.4900,0.333333
s3p20,10,0.10,200,13.7000,31.1900,0.4400,6.4300,0.206156
s3p20,10,0.50,1,2.6500,8.8600,0.3000,2.2000,0.248307
s3p20,10,0.50,2,4.3700,13.5400,0.3200,3.2900,0.242984
s3p20,10,0.50,4,6.2400,18.7300,0.3300,5.2200,0.278697
s3p20,10,0.50,8,11.7700,23.0600,0.5100,10.4300,0.452298
s3p20,10,0.50,16,12.0800,29.8100,0.4100,9.6200,0.322710
s3p20,10,0.50,32,16.2900,40.7900,0.4000,11.0200,0.270164
s3p20,10,0.50,64,15.9000,43.2000,0.3700,8.7200,0.201852
s3p20,10,0.50,128,17.2900,39.2400,0.4400,10.4900,0.267329
s3p20,10,0.50,200,14.3600,39.5900,0.3600,6.4300,0.162415
s3p20,10,1.00,1,2.6800,11.4600,0.2300,2.2000,0.191972
s3p20,10,1.00,2,4.4200,16.6200,0.2700,3.2900,0.197954
s3p20,10,1.00,4,6.3300,22.6400,0.2800,5.2200,0.230565
s3p20,10,1.00,8,11.8500,28.1800,0.4200,10.4300,0.370121
s3p20,10,1.00,16,12.3200,36.7500,0.3400,9.6200,0.261769
s3p20,10,1.00,32,16.3000,47.9800,0.3400,11.0200,0.229679
s3p20,10,1.00,64,16.0900,50.6000,0.3200,8.7200,0.172332
s3p20,10,1.00,128,17.4200,45.8700,0.3800,10.4900,0.228690
s3p20,10,1.00,200,14.7400,47.4500,0.3100,6.4300,0.135511
s3p20,11,0.10,1,3.1200,6.3200,0.4900,1.7700,0.280063
s3p20,11,0.10,2,4.4400,9.9800,0.4400,2.2700,0.227455
s3p20,11,0.10,4,5.6500,12.1600,0.4600,3.3000,0.271382
s3p20,11,0.10,8,9.2100,15.7700,0.5800,5.8000,0.367787
s3p20,11,0.10,16,8.1000,16.9100,0.4800,4.5700,0.270254
s3p20,11,0.10,32,8.7400,19.7100,0.4400,4.6700,0.236936
s3p20,11,0.10,64,15.8500,25.3100,0.6300,11.0500,0.436586
s3p20,11,0.10,128,11.8500,31.0000,0.3800,7.6100,0.245484
s3p20,11,0.10,200,13.4700,29.3200,0.4600,7.9100,0.269782
s3p20,11,0.50,1,3.1400,9.1200,0.3400,1.7700,0.194079
s3p20,11,0.50,2,4.4900,13.4400,0.3300,2.2700,0.168899
s3p20,11,0.50,4,5.7400,16.6600,0.3400,3.3000,0.198079
s3p20,11,0.50,8,9.3500,20.9300,0.4500,5.8000,0.277114
s3p20,11,0.50,16,8.2500,24.3100,0.3400,4.5700,0.187988
s3p20,11,0.50,32,8.8600,29.1200,0.3000,4.6700,0.160371
s3p20,11,0.50,64,16.0800,33.1400,0.4900,11.0500,0.333434
s3p20,11,0.50,128,12.3500,38.3100,0.3200,7.6100,0.198643
s3p20,11,0.50,200,14.2000,39.5300,0.3600,7.9100,0.200101
s3p20,11,1.00,1,3.1900,11.4000,0.2800,1.7700,0.155263
s3p20,11,1.00,2,4.5600,16.4800,0.2800,2.2700,0.137743
s3p20,11,1.00,4,5.8400,20.5900,0.2800,3.3000,0.160272
s3p20,11,1.00,8,9.5100,25.6800,0.3700,5.8000,0.225857
s3p20,11,1.00,16,8.4200,30.8400,0.2700,4.5700,0.148184
s3p20,11,1.00,32,9.3300,37.0100,0.2500,4.6700,0.126182
s3p20,11,1.00,64,16.2800,40.6400,0.4000,11.0500,0.271900
s3p20,11,1.00,128,12.4900,45.3800,0.2800,7.6100,0.167695
s3p20,11,1.00,200,14.8000,48.2000,0.3100,7.9100,0.164108
s3p20,12,0.10,1,2.4100,5.5600,0.4300,1.6500,0.296763
s3p20,12,0.10,2,4.9800,8.7000,0.5700,3.4600,0.397701
s3p20,12,0.10,4,8.6800,12.9400,0.6700,6.7400,0.520866
s3p20,12,0.10,8,10.0800,16.9500,0.5900,7.4700,0.440708
s3p20,12,0.10,16,12.9900,22.8700,0.5700,8.5800,0.375164
s3p20,12,0.10,32,22.7700,40.1700,0.5700,14.9900,0.373164
s3p20,12,0.10,64,47.9800,92.6700,0.5200,35.7800,0.386101
s3p20,12,0.10,128,40.3200,79.0100,0.5100,25.9600,0.328566
s3p20,12,0.10,200,27.8500,57.6500,0.4800,19.1100,0.331483
s3p20,12,0.50,1,2.4400,9.0400,0.2700,1.6500,0.182522
s3p20,12,0.50,2,5.0900,13.1100,0.3900,3.4600,0.263921
s3p20,12,0.50,4,8.6300,18.3500,0.4700,6.7400,0.367302
s3p20,12,0.50,8,10.2400,24.0900,0.4300,7.4700,0.310087
s3p20,12,0.50,16,13.6500,34.7700,0.3900,8.5800,0.246764
s3p20,12,0.50,32,23.6700,59.3700,0.4000,14.9900,0.252484
s3p20,12,0.50,64,47.4200,130.0200,0.3600,35.7800,0.275188
s3p20,12,0.50,128,53.7200,114.6500,0.4700,25.9600,0.226428
s3p20,12,0.50,200,46.4700,77.8800,0.6000,19.1100,0.245378
s3p20,12,1.00,1,2.4800,11.8700,0.2100,1.6500,0.139006
s3p20,12,1.00,2,5.2200,16.8800,0.3100,3.4600,0.204976
s3p20,12,1.00,4,8.7700,23.1600,0.3800,6.7400,0.291019
s3p20,12,1.00,8,10.5700,30.7600,0.3400,7.4700,0.242848
s3p20,12,1.00,16,13.8600,45.4700,0.3000,8.5800,0.188696
s3p20,12,1.00,32,24.0000,76.1900,0.3100,14.9900,0.196745
s3p20,12,1.00,64,45.5800,159.2900,0.2900,35.7800,0.224622
s3p20,12,1.00,128,49.1700,131.4200,0.3700,25.9600,0.197535
s3p20,12,1.00,200,32.3100,84.3200,0.3800,19.1100,0.226637
s3p20,13,0.10,1,3.8800,6.6200,0.5900,3.2600,0.492447
s3p20,13,0.10,2,4.1700,9.9400,0.4200,2.8200,0.283702
s3p20,13,0.10,4,5.9700,14.5000,0.4100,3.7800,0.260690
s3p20,13,0.10,8,8.0800,17.3900,0.4600,4.9100,0.282346
s3p20,13,0.10,16,10.4300,20.4100,0.5100,6.8200,0.334150
s3p20,13,0.10,32,13.1100,25.2400,0.5200,8.5900,0.340333
s3p20,13,0.10,64,13.6500,27.0700,0.5000,8.1200,0.299963
s3p20,13,0.10,128,13.2700,32.9800,0.4000,8.7800,0.266222
s3p20,13,0.10,200,12.9800,29.4700,0.4400,6.7000,0.227350
s3p20,13,0.50,1,3.8700,9.9000,0.3900,3.2600,0.329293
s3p20,13,0.50,2,4.1900,13.7000,0.3100,2.8200,0.205839
s3p20,13,0.50,4,6.0200,19.1200,0.3100,3.7800,0.197699
s3p20,13,0.50,8,8.0000,23.0000,0.3500,4.9100,0.213478
s3p20,13,0.50,16,10.4100,27.9100,0.3700,6.8200,0.244357
s3p20,13,0.50,32,13.2500,34.2700,0.3900,8.5900,0.250657
s3p20,13,0.50,64,14.4500,36.6700,0.3900,8.1200,0.221434
s3p20,13,0.50,128,13.3500,40.4000,0.3300,8.7800,0.217327
s3p20,13,0.50,200,13.2200,38.2700,0.3500,6.7000,0.175072
s3p20,13,1.00,1,3.8800,12.5800,0.3100,3.2600,0.259141
s3p20,13,1.00,2,4.2300,17.0200,0.2500,2.8200,0.165687
s3p20,13,1.00,4,6.2600,23.3600,0.2700,3.7800,0.161815
s3p20,13,1.00,8,8.1300,28.5200,0.2800,4.9100,0.172160
s3p20,13,1.00,16,10.8600,34.7800,0.3100,6.8200,0.196090
s3p20,13,1.00,32,13.3800,42.5400,0.3100,8.5900,0.201928
s3p20,13,1.00,64,14.2200,44.5600,0.3200,8.1200,0.182226
s3p20,13,1.00,128,14.0900,47.4900,0.3000,8.7800,0.184881
s3p20,13,1.00,200,13.8600,46.0700,0.3000,6.7000,0.145431
s3p20,14,0.10,1,2.4600,6.5600,0.3800,1.7800,0.271341
s3p20,14,0.10,2,3.3500,8.7800,0.3800,2.4900,0.283599
s3p20,14,0.10,4,5.8400,12.8500,0.4500,3.4900,0.271595
s3p20,14,0.10,8,7.9500,15.0500,0.5300,4.4800,0.297674
s3p20,14,0.10,16,7.8600,17.4100,0.4500,5.2200,0.299828
s3p20,14,0.10,32,13.8400,23.5500,0.5900,12.6000,0.535032
s3p20,14,0.10,64,10.8500,26.7800,0.4100,7.7700,0.290142
s3p20,14,0.10,128,12.0300,28.7300,0.4200,7.2100,0.250957
s3p20,14,0.10,200,14.7400,29.7000,0.5000,10.1800,0.342761
s3p20,14,0.50,1,2.4700,9.9200,0.2500,1.7800,0.179435
s3p20,14,0.50,2,3.5100,12.9000,0.2700,2.4900,0.193023
s3p20,14,0.50,4,5.7600,17.5700,0.3300,3.4900,0.198634
s3p20,14,0.50,8,7.6200,20.9400,0.3600,4.4800,0.213945
s3p20,14,0.50,16,7.7100,26.4300,0.2900,5.2200,0.197503
s3p20,14,0.50,32,14.0700,37.2200,0.3800,12.6000,0.338528
s3p20,14,0.50,64,11.7200,36.6100,0.3200,7.7700,0.212237
s3p20,14,0.50,128,12.9300,35.1000,0.3700,7.2100,0.205413
s3p20,14,0.50,200,15.2000,36.2900,0.4200,10.1800,0.280518
s3p20,14,1.00,1,2.4800,12.6600,0.2000,1.7800,0.140600
s3p20,14,1.00,2,3.5400,16.4800,0.2100,2.4900,0.151092
s3p20,14,1.00,4,5.9100,21.8300,0.2700,3.4900,0.159872
s3p20,14,1.00,8,7.8000,26.2400,0.3000,4.4800,0.170732
s3p20,14,1.00,16,7.8800,34.1300,0.2300,5.2200,0.152945
s3p20,14,1.00,32,13.9300,47.3200,0.2900,12.6000,0.266272
s3p20,14,1.00,64,12.2000,44.7900,0.2700,7.7700,0.173476
s3p20,14,1.00,128,12.9300,41.1100,0.3100,7.2100,0.175383
s3p20,14,1.00,200,15.3300,42.9300,0.3600,10.1800,0.237130
s3p20,15,0.10,1,2.4600,5.7600,0.4300,1.9800,0.343750
s3p20,15,0.10,2,3.7400,7.0600,0.5300,3.1300,0.443343
s3p20,15,0.10,4,5.0800,10.6100,0.4800,3.7300,0.351555
s3p20,15,0.10,8,7.2600,11.4700,0.6300,5.3000,0.462075
s3p20,15,0.10,16,10.1800,14.0600,0.7200,8.9300,0.635135
s3p20,15,0.10,32,8.6200,14.6700,0.5900,6.0600,0.413088
s3p20,15,0.10,64,11.6200,21.9500,0.5300,8.2100,0.374032
s3p20,15,0.10,128,12.4200,29.3300,0.4200,6.5000,0.221616
s3p20,15,0.10,200,15.5200,32.9600,0.4700,8.8000,0.266990
s3p20,15,0.50,1,2.4800,9.7200,0.2500,1.9800,0.203704
s3p20,15,0.50,2,3.7800,12.0800,0.3100,3.1300,0.259106
s3p20,15,0.50,4,5.1300,16.3500,0.3100,3.7300,0.228135
s3p20,15,0.50,8,7.3300,18.4300,0.4000,5.3000,0.287575
s3p20,15,0.50,16,10.2300,21.4400,0.4800,8.9300,0.416511
s3p20,15,0.50,32,8.7200,22.3600,0.3900,6.0600,0.271020
s3p20,15,0.50,64,11.5900,28.9800,0.4000,8.2100,0.283299
s3p20,15,0.50,128,12.3600,37.4100,0.3300,6.5000,0.173750
s3p20,15,0.50,200,15.9600,39.2300,0.4100,8.8000,0.224318
s3p20,15,1.00,1,2.5000,12.9000,0.1900,1.9800,0.153488
s3p20,15,1.00,2,3.8200,16.1900,0.2400,3.1300,0.193329
s3p20,15,1.00,4,5.2100,21.1900,0.2500,3.7300,0.176026
s3p20,15,1.00,8,7.4200,24.3000,0.3100,5.3000,0.218107
s3p20,15,1.00,16,10.3000,28.0000,0.3700,8.9300,0.318929
s3p20,15,1.00,32,8.9200,29.1600,0.3100,6.0600,0.207819
s3p20,15,1.00,64,12.0300,36.3000,0.3300,8.2100,0.226171
s3p20,15,1.00,128,12.7100,44.4200,0.2900,6.5000,0.146330
s3p20,15,1.00,200,16.0500,45.9100,0.3500,8.8000,0.191679
s3p20,16,0.10,1,3.5600,6.5400,0.5400,3.1100,0.475535
s3p20,16,0.10,2,5.0400,9.5700,0.5300,3.7500,0.391850
s3p20,16,0.10,4,7.0500,12.3900,0.5700,5.1500,0.415658
s3p20,16,0.10,8,9.2100,14.8900,0.6200,6.7500,0.453324
s3p20,16,0.10,16,11.3300,20.5000,0.5500,7.4100,0.361463
s3p20,16,0.10,32,18.0500,36.3900,0.5000,12.9400,0.355592
s3p20,16,0.10,64,20.3100,44.8500,0.4500,12.1300,0.270457
s3p20,16,0.10,128,24.7700,61.7100,0.4000,12.9900,0.210501
s3p20,16,0.10,200,22.5900,51.8100,0.4400,14.1300,0.272727
s3p20,16,0.50,1,3.5700,9.4100,0.3800,3.1100,0.330499
s3p20,16,0.50,2,5.0900,13.2000,0.3900,3.7500,0.284091
s3p20,16,0.50,4,7.0800,17.7100,0.4000,5.1500,0.290796
s3p20,16,0.50,8,9.5200,21.8400,0.4400,6.7500,0.309066
s3p20,16,0.50,16,11.9400,30.6100,0.3900,7.4100,0.242078
s3p20,16,0.50,32,17.8800,51.0200,0.3500,12.9400,0.253626
s3p20,16,0.50,64,20.4800,57.3600,0.3600,12.1300,0.211471
s3p20,16,0.50,128,27.0300,70.7000,0.3800,12.9900,0.183734
s3p20,16,0.50,200,21.5600,56.6400,0.3800,14.1300,0.249470
s3p20,16,1.00,1,3.6000,11.7600,0.3100,3.1100,0.264456
s3p20,16,1.00,2,5.1600,16.4900,0.3100,3.7500,0.227411
s3p20,16,1.00,4,7.1800,22.3300,0.3200,5.1500,0.230631
s3p20,16,1.00,8,9.6500,27.8800,0.3500,6.7500,0.242109
s3p20,16,1.00,16,11.8600,39.2800,0.3000,7.4100,0.188646
s3p20,16,1.00,32,17.2100,62.2100,0.2800,12.9400,0.208005
s3p20,16,1.00,64,20.5200,68.0700,0.3000,12.1300,0.178199
s3p20,16,1.00,128,28.3400,80.6800,0.3500,12.9900,0.161006
s3p20,16,1.00,200,22.9800,61.4100,0.3700,14.1300,0.230093
s3p20,17,0.10,1,3.2300,4.5600,0.7100,2.6200,0.574561
s3p20,17,0.10,2,3.9400,6.9000,0.5700,2.8700,0.415942
s3p20,17,0.10,4,6.2500,10.4200,0.6000,3.9000,0.374280
s3p20,17,0.10,8,7.6700,13.2600,0.5800,5.0300,0.379336
s3p20,17,0.10,16,11.3200,18.9600,0.6000,7.9600,0.419831
s3p20,17,0.10,32,13.6200,29.5700,0.4600,7.1800,0.242814
s3p20,17,0.10,64,16.5900,38.0700,0.4400,6.9800,0.183346
s3p20,17,0.10,128,14.3000,34.6600,0.4100,5.6700,0.163589
s3p20,17,0.10,200,12.9500,32.0000,0.4000,6.9400,0.216875
s3p20,17,0.50,1,3.2300,7.9700,0.4100,2.6200,0.328733
s3p20,17,0.50,2,3.9700,11.1000,0.3600,2.8700,0.258559
s3p20,17,0.50,4,6.2900,15.6200,0.4000,3.9000,0.249680
s3p20,17,0.50,8,7.7300,19.9800,0.3900,5.0300,0.251752
s3p20,17,0.50,16,11.7200,28.7200,0.4100,7.9600,0.277159
s3p20,17,0.50,32,14.7100,42.6200,0.3500,7.1800,0.168466
s3p20,17,0.50,64,19.8600,55.2600,0.3600,6.9800,0.126312
s3p20,17,0.50,128,16.0400,44.7300,0.3600,5.6700,0.126761
s3p20,17,0.50,200,13.2700,39.9400,0.3300,6.9400,0.173761
s3p20,17,1.00,1,3.2600,10.7100,0.3000,2.6200,0.244631
s3p20,17,1.00,2,4.1200,14.6700,0.2800,2.8700,0.195637
s3p20,17,1.00,4,6.2800,20.1100,0.3100,3.9000,0.193933
s3p20,17,1.00,8,7.8600,25.9300,0.3000,5.0300,0.193984
s3p20,17,1.00,16,11.7700,37.0600,0.3200,7.9600,0.214787
s3p20,17,1.00,32,14.9500,53.2900,0.2800,7.1800,0.134734
s3p20,17,1.00,64,20.2000,68.0700,0.3000,6.9800,0.102542
s3p20,17,1.00,128,16.7200,53.1600,0.3100,5.6700,0.106659
s3p20,17,1.00,200,13.2800,47.0300,0.2800,6.9400,0.147565
s3p20,18,0.10,1,2.7200,5.7700,0.4700,2.2800,0.395147
s3p20,18,0.10,2,4.1900,9.3300,0.4500,3.2500,0.348339
s3p20,18,0.10,4,5.8300,12.7200,0.4600,4.5000,0.353774
s3p20,18,0.10,8,7.6900,14.9200,0.5200,5.4600,0.365952
s3p20,18,0.10,16,11.6400,21.1300,0.5500,7.9300,0.375296
s3p20,18,0.10,32,16.8100,33.8900,0.5000,10.3200,0.304515
s3p20,18,0.10,64,16.9700,35.0600,0.4800,9.6200,0.274387
s3p20,18,0.10,128,15.4200,37.9800,0.4100,9.4300,0.248289
s3p20,18,0.10,200,14.9100,31.9100,0.4700,9.1800,0.287684
s3p20,18,0.50,1,2.7600,9.0800,0.3000,2.2800,0.251101
s3p20,18,0.50,2,4.2400,13.1700,0.3200,3.2500,0.246773
s3p20,18,0.50,4,5.9100,18.1500,0.3300,4.5000,0.247934
s3p20,18,0.50,8,7.7800,22.7300,0.3400,5.4600,0.240211
s3p20,18,0.50,16,11.6200,35.2900,0.3300,7.9300,0.224710
s3p20,18,0.50,32,16.8600,56.6700,0.3000,10.3200,0.182107
s3p20,18,0.50,64,16.9900,53.9100,0.3200,9.6200,0.178446
s3p20,18,0.50,128,15.3700,47.1500,0.3300,9.4300,0.200000
s3p20,18,0.50,200,15.2100,40.8100,0.3700,9.1800,0.224945
s3p20,18,1.00,1,2.8200,11.7800,0.2400,2.2800,0.193548
s3p20,18,1.00,2,4.3000,16.5500,0.2600,3.2500,0.196375
s3p20,18,1.00,4,6.1100,22.8700,0.2700,4.5000,0.196764
s3p20,18,1.00,8,7.9000,29.3600,0.2700,5.4600,0.185967
s3p20,18,1.00,16,11.8600,46.4500,0.2600,7.9300,0.170721
s3p20,18,1.00,32,16.9600,69.7100,0.2400,10.3200,0.148042
s3p20,18,1.00,64,17.3200,64.1400,0.2700,9.6200,0.149984
s3p20,18,1.00,128,16.1800,53.0500,0.3000,9.4300,0.177757
s3p20,18,1.00,200,15.4300,47.4500,0.3300,9.1800,0.193467
s3p20,19,0.10,1,2.5100,7.0600,0.3600,2.4100,0.341360
s3p20,19,0.10,2,4.0400,11.6400,0.3500,3.6300,0.311856
s3p20,19,0.10,4,4.5200,15.3100,0.3000,3.5600,0.232528
s3p20,19,0.10,8,6.0600,18.7200,0.3200,4.8400,0.258547
s3p20,19,0.10,16,8.3900,21.5100,0.3900,6.2400,0.290098
s3p20,19,0.10,32,10.7700,25.2100,0.4300,4.9100,0.194764
s3p20,19,0.10,64,12.7400,29.1900,0.4400,5.8900,0.201781
s3p20,19,0.10,128,12.3800,30.2800,0.4100,6.5500,0.216314
s3p20,19,0.10,200,12.5500,28.1700,0.4500,6.0700,0.215477
s3p20,19,0.50,1,2.5600,11.3200,0.2300,2.4100,0.212898
s3p20,19,0.50,2,4.0900,16.5500,0.2500,3.6300,0.219335
s3p20,19,0.50,4,4.5800,21.6900,0.2100,3.5600,0.164131
s3p20,19,0.50,8,6.2000,26.3400,0.2400,4.8400,0.183751
s3p20,19,0.50,16,8.6000,32.1700,0.2700,6.2400,0.193970
s3p20,19,0.50,32,11.2900,40.2100,0.2800,4.9100,0.122109
s3p20,19,0.50,64,13.0500,45.1800,0.2900,5.8900,0.130367
s3p20,19,0.50,128,13.1800,39.7500,0.3300,6.5500,0.164780
s3p20,19,0.50,200,12.6700,35.4700,0.3600,6.0700,0.171131
s3p20,19,1.00,1,2.6300,14.8100,0.1800,2.4100,0.162728
s3p20,19,1.00,2,4.1500,20.8700,0.2000,3.6300,0.173934
s3p20,19,1.00,4,4.6800,27.2700,0.1700,3.5600,0.130546
s3p20,19,1.00,8,6.3600,32.9300,0.1900,4.8400,0.146978
s3p20,19,1.00,16,8.8900,41.0100,0.2200,6.2400,0.152158
s3p20,19,1.00,32,11.9700,52.3000,0.2300,4.9100,0.093881
s3p20,19,1.00,64,13.1100,57.4200,0.2300,5.8900,0.102577
s3p20,19,1.00,128,13.7600,47.0600,0.2900,6.5500,0.139184
s3p20,19,1.00,200,12.8200,42.6700,0.3000,6.0700,0.142255
s3p25,0,0.10,1,4.0100,8.9000,0.4500,2.6900,0.302247
s3p25,0,0.10,2,5.2600,11.5100,0.4600,3.8100,0.331017
s3p25,0,0.10,4,8.0300,16.1600,0.5000,5.0700,0.313738
s3p25,0,0.10,8,10.5500,21.6600,0.4900,5.3600,0.247461
s3p25,0,0.10,16,17.3500,27.1700,0.6400,9.9700,0.366949
s3p25,0,0.10,32,26.3900,44.2500,0.6000,11.1600,0.252203
s3p25,0,0.10,64,50.5900,82.9200,0.6100,29.4600,0.355282
s3p25,0,0.10,128,72.2600,117.9900,0.6100,35.4500,0.300449
s3p25,0,0.10,200,80.1300,119.7800,0.6700,37.7400,0.315078
s3p25,0,0.50,1,4.0100,11.0200,0.3600,2.6900,0.244102
s3p25,0,0.50,2,5.2600,14.5600,0.3600,3.8100,0.261676
s3p25,0,0.50,4,8.0500,19.7900,0.4100,5.0700,0.256190
s3p25,0,0.50,8,10.6800,27.7000,0.3900,5.3600,0.193502
s3p25,0,0.50,16,17.7000,38.1800,0.4600,9.9700,0.261131
s3p25,0,0.50,32,25.7000,59.7300,0.4300,11.1600,0.186841
s3p25,0,0.50,64,50.3500,106.2400,0.4700,29.4600,0.277297
s3p25,0,0.50,128,74.5100,144.4600,0.5200,35.4500,0.245397
s3p25,0,0.50,200,78.8400,137.9100,0.5700,37.7400,0.273657
s3p25,0,1.00,1,4.0200,12.8700,0.3100,2.6900,0.209013
s3p25,0,1.00,2,5.2600,17.3700,0.3000,3.8100,0.219344
s3p25,0,1.00,4,7.9700,23.4000,0.3400,5.0700,0.216667
s3p25,0,1.00,8,10.5500,33.5000,0.3100,5.3600,0.160000
s3p25,0,1.00,16,17.8400,47.9500,0.3700,9.9700,0.207925
s3p25,0,1.00,32,25.3600,72.9100,0.3500,11.1600,0.153065
s3p25,0,1.00,64,49.4000,120.6300,0.4100,29.4600,0.244218
s3p25,0,1.00,128,73.0400,158.7700,0.4600,35.4500,0.223279
s3p25,0,1.00,200,72.1700,145.8100,0.4900,37.7400,0.258830
s3p25,1,0.10,1,2.5600,7.4700,0.3400,1.8400,0.246319
s3p25,1,0.10,2,4.3800,10.1700,0.4300,3.6000,0.353982
s3p25,1,0.10,4,6.5200,13.9100,0.4700,4.4300,0.318476
s3p25,1,0.10,8,8.5200,17.3900,0.4900,4.7600,0.273721
s3p25,1,0.10,16,11.4900,18.2700,0.6300,5.9800,0.327313
s3p25,1,0.10,32,14.9800,21.1200,0.7100,6.3300,0.299716
s3p25,1,0.10,64,19.0500,25.8800,0.7400,5.7200,0.221020
s3p25,1,0.10,128,26.1600,37.0100,0.7100,10.3900,0.280735
s3p25,1,0.10,200,19.0600,27.8900,0.6800,8.9900,0.322338
s3p25,1,0.50,1,2.5700,11.7100,0.2200,1.8400,0.157131
s3p25,1,0.50,2,4.3900,15.4300,0.2800,3.6000,0.233312
s3p25,1,0.50,4,6.4900,19.7900,0.3300,4.4300,0.223850
s3p25,1,0.50,8,8.4300,24.7700,0.3400,4.7600,0.192168
s3p25,1,0.50,16,11.6900,26.5100,0.4400,5.9800,0.225575
s3p25,1,0.50,32,14.9600,28.4400,0.5300,6.3300,0.222574
s3p25,1,0.50,64,19.1400,33.8300,0.5700,5.7200,0.169081
s3p25,1,0.50,128,25.5900,42.1700,0.6100,10.3900,0.246384
s3p25,1,0.50,200,19.1400,33.2800,0.5800,8.9900,0.270132
s3p25,1,1.00,1,2.5800,15.3100,0.1700,1.8400,0.120183
s3p25,1,1.00,2,4.4000,20.0200,0.2200,3.6000,0.179820
s3p25,1,1.00,4,6.5100,25.1400,0.2600,4.4300,0.176213
s3p25,1,1.00,8,8.3400,31.1300,0.2700,4.7600,0.152907
s3p25,1,1.00,16,11.9100,33.9400,0.3500,5.9800,0.176193
s3p25,1,1.00,32,15.1200,36.1000,0.4200,6.3300,0.175346
s3p25,1,1.00,64,19.2200,41.8500,0.4600,5.7200,0.136679
s3p25,1,1.00,128,25.1500,48.1600,0.5200,10.3900,0.215739
s3p25,1,1.00,200,18.9900,38.8300,0.4900,8.9900,0.231522
s3p25,2,0.10,1,3.5600,8.3100,0.4300,3.5000,0.421179
s3p25,2,0.10,2,5.5500,12.4600,0.4500,4.2800,0.343499
s3p25,2,0.10,4,7.5900,17.1500,0.4400,4.7100,0.274636
s3p25,2,0.10,8,10.5100,25.2600,0.4200,6.0600,0.239905
s3p25,2,0.10,16,16.6900,30.4400,0.5500,10.6000,0.348226
s3p25,2,0.10,32,23.0600,31.9500,0.7200,11.7300,0.367136
s3p25,2,0.10,64,27.4400,42.8900,0.6400,11.1200,0.259268
s3p25,2,0.10,128,47.9300,73.2900,0.6500,27.9700,0.381635
s3p25,2,0.10,200,68.0200,102.7100,0.6600,50.5600,0.492260
s3p25,2,0.50,1,3.5600,10.2200,0.3500,3.5000,0.342466
s3p25,2,0.50,2,5.5500,14.8400,0.3700,4.2800,0.288410
s3p25,2,0.50,4,7.5800,19.7100,0.3800,4.7100,0.238965
s3p25,2,0.50,8,10.5400,27.8200,0.3800,6.0600,0.217829
s3p25,2,0.50,16,16.7700,33.8900,0.4900,10.6000,0.312777
s3p25,2,0.50,32,22.4600,36.8200,0.6100,11.7300,0.318577
s3p25,2,0.50,64,27.3500,53.2800,0.5100,11.1200,0.208709
s3p25,2,0.50,128,46.5000,94.5600,0.4900,27.9700,0.295791
s3p25,2,0.50,200,59.4500,120.6600,0.4900,50.5600,0.419029
s3p25,2,1.00,1,3.5700,11.9100,0.3000,3.5000,0.293871
s3p25,2,1.00,2,5.5600,17.1100,0.3200,4.2800,0.250146
s3p25,2,1.00,4,7.4700,22.3100,0.3400,4.7100,0.211116
s3p25,2,1.00,8,10.6200,30.6000,0.3500,6.0600,0.198039
s3p25,2,1.00,16,16.7900,37.7000,0.4500,10.6000,0.281167
s3p25,2,1.00,32,22.5200,42.0500,0.5400,11.7300,0.278954
s3p25,2,1.00,64,27.1600,61.6000,0.4400,11.1200,0.180519
s3p25,2,1.00,128,46.3800,105.3900,0.4400,27.9700,0.265395
s3p25,2,1.00,200,57.0000,127.0100,0.4500,50.5600,0.398079
s3p25,3,0.10,1,3.6400,5.6400,0.6500,2.5100,0.445035
s3p25,3,0.10,2,5.6600,8.1800,0.6900,3.9500,0.482885
s3p25,3,0.10,4,8.0500,11.9400,0.6700,4.1900,0.350921
s3p25,3,0.10,8,11.9300,14.7000,0.8100,5.8400,0.397279
s3p25,3,0.10,16,13.0400,17.4800,0.7500,6.6900,0.382723
s3p25,3,0.10,32,17.0300,20.7700,0.8200,8.3100,0.400096
s3p25,3,0.10,64,20.4600,26.6600,0.7700,10.5000,0.393848
s3p25,3,0.10,128,18.2000,28.5300,0.6400,7.9100,0.277252
s3p25,3,0.10,200,20.3900,27.1100,0.7500,9.0200,0.332719
s3p25,3,0.50,1,3.6400,7.7400,0.4700,2.5100,0.324289
s3p25,3,0.50,2,5.5300,10.8000,0.5100,3.9500,0.365741
s3p25,3,0.50,4,7.9600,15.2100,0.5200,4.1900,0.275477
s3p25,3,0.50,8,11.7500,19.2100,0.6100,5.8400,0.304008
s3p25,3,0.50,16,12.9300,23.5400,0.5500,6.6900,0.284197
s3p25,3,0.50,32,16.8500,28.9000,0.5800,8.3100,0.287543
s3p25,3,0.50,64,20.1700,36.7800,0.5500,10.5000,0.285481
s3p25,3,0.50,128,18.0900,34.2100,0.5300,7.9100,0.231219
s3p25,3,0.50,200,20.4900,33.1700,0.6200,9.0200,0.271932
s3p25,3,1.00,1,3.6400,9.5800,0.3800,2.5100,0.262004
s3p25,3,1.00,2,5.4300,13.1300,0.4100,3.9500,0.300838
s3p25,3,1.00,4,7.8900,18.3300,0.4300,4.1900,0.228587
s3p25,3,1.00,8,11.7100,23.3600,0.5000,5.8400,0.250000
s3p25,3,1.00,16,12.8800,29.2400,0.4400,6.6900,0.228796
s3p25,3,1.00,32,16.9800,36.2700,0.4700,8.3100,0.229115
s3p25,3,1.00,64,19.8200,44.9300,0.4400,10.5000,0.233697
s3p25,3,1.00,128,18.1600,39.7600,0.4600,7.9100,0.198944
s3p25,3,1.00,200,20.6900,39.0900,0.5300,9.0200,0.230750
s3p25,4,0.10,1,4.1800,6.8500,0.6100,3.4600,0.505109
s3p25,4,0.10,2,5.9800,9.6300,0.6200,4.4500,0.462098
s3p25,4,0.10,4,8.3000,13.6300,0.6100,6.2700,0.460015
s3p25,4,0.10,8,12.7800,20.9300,0.6100,9.2200,0.440516
s3p25,4,0.10,16,18.9600,28.5100,0.6600,13.5700,0.475973
s3p25,4,0.10,32,36.2000,42.7900,0.8500,25.6100,0.598504
s3p25,4,0.10,64,42.6800,49.5400,0.8600,26.8400,0.541784
s3p25,4,0.10,128,30.4600,45.2600,0.6700,17.1200,0.378259
s3p25,4,0.10,200,27.7200,38.1400,0.7300,16.5300,0.433403
s3p25,4,0.50,1,4.1700,10.1700,0.4100,3.4600,0.340216
s3p25,4,0.50,2,5.9800,13.4900,0.4400,4.4500,0.329874
s3p25,4,0.50,4,8.2300,18.0400,0.4600,6.2700,0.347561
s3p25,4,0.50,8,12.6900,26.9000,0.4700,9.2200,0.342751
s3p25,4,0.50,16,18.9500,37.3400,0.5100,13.5700,0.363417
s3p25,4,0.50,32,36.4500,58.1400,0.6300,25.6100,0.440488
s3p25,4,0.50,64,45.1800,69.4800,0.6500,26.8400,0.386298
s3p25,4,0.50,128,30.6300,53.9000,0.5700,17.1200,0.317625
s3p25,4,0.50,200,28.5000,48.8600,0.5800,16.5300,0.338314
s3p25,4,1.00,1,4.1700,12.9700,0.3200,3.4600,0.266769
s3p25,4,1.00,2,5.9900,16.9700,0.3500,4.4500,0.262227
s3p25,4,1.00,4,8.3400,22.2400,0.3800,6.2700,0.281924
s3p25,4,1.00,8,12.6800,31.9800,0.4000,9.2200,0.288305
s3p25,4,1.00,16,18.9200,44.6700,0.4200,13.5700,0.303783
s3p25,4,1.00,32,35.7300,70.2400,0.5100,25.6100,0.364607
s3p25,4,1.00,64,48.7800,91.6300,0.5300,26.8400,0.292917
s3p25,4,1.00,128,43.9700,70.1500,0.6300,17.1200,0.244048
s3p25,4,1.00,200,39.7900,61.3500,0.6500,16.5300,0.269438
s3p25,5,0.10,1,4.3600,7.8000,0.5600,3.8700,0.496154
s3p25,5,0.10,2,6.8400,12.3200,0.5600,5.6400,0.457792
s3p25,5,0.10,4,8.6600,18.9600,0.4600,5.7000,0.300633
s3p25,5,0.10,8,11.7800,23.3400,0.5000,8.4900,0.363753
s3p25,5,0.10,16,16.3600,29.5800,0.5500,11.6300,0.393171
s3p25,5,0.10,32,24.5700,44.9000,0.5500,16.1900,0.360579
s3p25,5,0.10,64,38.8800,82.1400,0.4700,25.8400,0.314585
s3p25,5,0.10,128,48.3500,107.0000,0.4500,15.0200,0.140374
s3p25,5,0.10,200,41.7200,100.9800,0.4100,14.6200,0.144781
s3p25,5,0.50,1,4.3600,10.9500,0.4000,3.8700,0.353425
s3p25,5,0.50,2,6.8200,16.1100,0.4200,5.6400,0.350093
s3p25,5,0.50,4,8.5800,23.0100,0.3700,5.7000,0.247718
s3p25,5,0.50,8,11.8100,28.4300,0.4200,8.4900,0.298628
s3p25,5,0.50,16,16.2700,36.4500,0.4500,11.6300,0.319067
s3p25,5,0.50,32,24.4900,54.8300,0.4500,16.1900,0.295276
s3p25,5,0.50,64,36.9300,94.3600,0.3900,25.8400,0.273845
s3p25,5,0.50,128,51.1000,115.9700,0.4400,15.0200,0.129516
s3p25,5,0.50,200,48.1400,110.8100,0.4300,14.6200,0.131938
s3p25,5,1.00,1,4.3600,13.6100,0.3200,3.8700,0.284350
s3p25,5,1.00,2,6.8300,19.6200,0.3500,5.6400,0.287462
s3p25,5,1.00,4,8.8300,27.3700,0.3200,5.7000,0.208257
s3p25,5,1.00,8,11.9300,33.8400,0.3500,8.4900,0.250887
s3p25,5,1.00,16,16.3200,43.8800,0.3700,11.6300,0.265041
s3p25,5,1.00,32,24.4200,65.1400,0.3700,16.1900,0.248542
s3p25,5,1.00,64,35.3700,105.9200,0.3300,25.8400,0.243958
s3p25,5,1.00,128,47.5900,125.7800,0.3800,15.0200,0.119415
s3p25,5,1.00,200,49.1400,121.1400,0.4100,14.6200,0.120687
s3p25,6,0.10,1,3.6700,8.2100,0.4500,3.1000,0.377588
s3p25,6,0.10,2,5.2900,12.3900,0.4300,3.1200,0.251816
s3p25,6,0.10,4,7.0900,16.6300,0.4300,4.4200,0.265785
s3p25,6,0.10,8,11.8400,22.2900,0.5300,8.4100,0.377299
s3p25,6,0.10,16,15.3100,25.4700,0.6000,8.6000,0.337652
s3p25,6,0.10,32,17.2700,28.5400,0.6100,7.1500,0.250526
s3p25,6,0.10,64,20.2000,32.1500,0.6300,9.4900,0.295179
s3p25,6,0.10,128,25.8800,35.8200,0.7200,10.4200,0.290899
s3p25,6,0.10,200,26.4400,32.9800,0.8000,11.4500,0.347180
s3p25,6,0.50,1,3.6900,11.4200,0.3200,3.1000,0.271454
s3p25,6,0.50,2,5.3100,16.0700,0.3300,3.1200,0.194151
s3p25,6,0.50,4,7.1200,21.1600,0.3400,4.4200,0.208885
s3p25,6,0.50,8,11.7200,27.9400,0.4200,8.4100,0.301002
s3p25,6,0.50,16,15.4700,33.9900,0.4600,8.6000,0.253016
s3p25,6,0.50,32,17.2300,39.4500,0.4400,7.1500,0.181242
s3p25,6,0.50,64,20.5300,45.8600,0.4500,9.4900,0.206934
s3p25,6,0.50,128,26.3100,46.6000,0.5600,10.4200,0.223605
s3p25,6,0.50,200,27.8100,42.1200,0.6600,11.4500,0.271842
s3p25,6,1.00,1,3.7100,14.2200,0.2600,3.1000,0.218003
s3p25,6,1.00,2,5.3400,19.4500,0.2700,3.1200,0.160411
s3p25,6,1.00,4,7.1600,25.5700,0.2800,4.4200,0.172859
s3p25,6,1.00,8,12.0000,33.3200,0.3600,8.4100,0.252401
s3p25,6,1.00,16,15.8400,41.3700,0.3800,8.6000,0.207880
s3p25,6,1.00,32,17.6600,49.0700,0.3600,7.1500,0.145710
s3p25,6,1.00,64,20.9700,58.0400,0.3600,9.4900,0.163508
s3p25,6,1.00,128,27.1800,57.3200,0.4700,10.4200,0.181786
s3p25,6,1.00,200,27.3500,53.7100,0.5100,11.4500,0.213182
s3p25,7,0.10,1,4.0300,7.5300,0.5400,2.8400,0.377158
s3p25,7,0.10,2,5.5500,10.3300,0.5400,4.4300,0.428848
s3p25,7,0.10,4,8.2200,15.1000,0.5400,5.6900,0.376821
s3p25,7,0.10,8,11.7200,21.1700,0.5500,6.5000,0.307038
s3p25,7,0.10,16,16.0900,29.9800,0.5400,9.0800,0.302869
s3p25,7,0.10,32,22.9000,39.6100,0.5800,12.7500,0.321888
s3p25,7,0.10,64,25.8500,40.0100,0.6500,11.7200,0.292927
s3p25,7,0.10,128,23.5500,40.4800,0.5800,11.1300,0.274951
s3p25,7,0.10,200,20.2400,30.8200,0.6600,7.4000,0.240104
s3p25,7,0.50,1,4.0300,10.5300,0.3800,2.8400,0.269706
s3p25,7,0.50,2,5.5500,14.2300,0.3900,4.4300,0.311314
s3p25,7,0.50,4,8.3700,19.3000,0.4300,5.6900,0.294819
s3p25,7,0.50,8,11.6800,26.9300,0.4300,6.5000,0.241367
s3p25,7,0.50,16,16.0800,37.4500,0.4300,9.0800,0.242457
s3p25,7,0.50,32,22.5700,48.1700,0.4700,12.7500,0.264688
s3p25,7,0.50,64,24.4700,48.1000,0.5100,11.7200,0.243659
s3p25,7,0.50,128,23.0600,46.0300,0.5000,11.1300,0.241799
s3p25,7,0.50,200,20.4700,38.9100,0.5300,7.4000,0.190182
s3p25,7,1.00,1,4.0300,13.1800,0.3100,2.8400,0.215478
s3p25,7,1.00,2,5.5600,17.7500,0.3100,4.4300,0.249577
s3p25,7,1.00,4,8.2000,23.4700,0.3500,5.6900,0.242437
s3p25,7,1.00,8,11.8000,32.3600,0.3600,6.5000,0.200865
s3p25,7,1.00,16,16.2600,44.4300,0.3700,9.0800,0.204366
s3p25,7,1.00,32,22.0600,55.5200,0.4000,12.7500,0.229647
s3p25,7,1.00,64,23.4600,53.4200,0.4400,11.7200,0.219393
s3p25,7,1.00,128,22.7900,50.6100,0.4500,11.1300,0.219917
s3p25,7,1.00,200,20.2200,46.2800,0.4400,7.4000,0.159896
s3p25,8,0.10,1,3.1900,6.0200,0.5300,3.1300,0.519934
s3p25,8,0.10,2,5.7000,9.5200,0.6000,5.0400,0.529412
s3p25,8,0.10,4,7.6400,12.9700,0.5900,6.8400,0.527371
s3p25,8,0.10,8,9.2400,17.6700,0.5200,7.1000,0.401811
s3p25,8,0.10,16,12.0400,18.4900,0.6500,8.7200,0.471606
s3p25,8,0.10,32,16.4000,24.2500,0.6800,8.8700,0.365773
s3p25,8,0.10,64,15.9900,25.1400,0.6400,7.0900,0.282021
s3p25,8,0.10,128,18.3400,28.7000,0.6400,6.0500,0.210801
s3p25,8,0.10,200,21.7100,29.5900,0.7300,6.9000,0.233187
s3p25,8,0.50,1,3.2100,8.5700,0.3700,3.1300,0.365228
s3p25,8,0.50,2,5.7000,12.6100,0.4500,5.0400,0.399683
s3p25,8,0.50,4,7.6400,16.7100,0.4600,6.8400,0.409336
s3p25,8,0.50,8,9.4500,22.3400,0.4200,7.1000,0.317816
s3p25,8,0.50,16,12.1800,24.8000,0.4900,8.7200,0.351613
s3p25,8,0.50,32,16.6000,32.3600,0.5100,8.8700,0.274104
s3p25,8,0.50,64,16.1600,35.1300,0.4600,7.0900,0.201822
s3p25,8,0.50,128,18.7500,37.0700,0.5100,6.0500,0.163205
s3p25,8,0.50,200,20.5100,36.8500,0.5600,6.9000,0.187246
s3p25,8,1.00,1,3.2300,10.8300,0.3000,3.1300,0.289012
s3p25,8,1.00,2,5.7200,15.4700,0.3700,5.0400,0.325792
s3p25,8,1.00,4,7.6500,20.2800,0.3800,6.8400,0.337278
s3p25,8,1.00,8,9.5200,26.6900,0.3600,7.1000,0.266017
s3p25,8,1.00,16,12.1700,30.5600,0.4000,8.7200,0.285340
s3p25,8,1.00,32,16.6400,39.7100,0.4200,8.8700,0.223369
s3p25,8,1.00,64,17.0400,44.2900,0.3800,7.0900,0.160081
s3p25,8,1.00,128,19.7200,46.1100,0.4300,6.0500,0.131208
s3p25,8,1.00,200,21.3500,44.3600,0.4800,6.9000,0.155546
s3p25,9,0.10,1,2.7600,5.2700,0.5200,2.4300,0.461101
s3p25,9,0.10,2,5.0100,7.6200,0.6600,4.2400,0.556430
s3p25,9,0.10,4,9.3800,12.5900,0.7400,8.3400,0.662431
s3p25,9,0.10,8,16.7900,18.8000,0.8900,14.7300,0.783511
s3p25,9,0.10,16,26.4200,23.6600,1.1200,21.5400,0.910397
s3p25,9,0.10,32,37.2500,37.7300,0.9900,25.9600,0.688047
s3p25,9,0.10,64,153.1000,137.5300,1.1100,134.6500,0.979059
s3p25,9,0.10,128,203.7300,235.0900,0.8700,56.4100,0.239951
s3p25,9,0.10,200,284.4900,248.9100,1.1400,210.1200,0.844161
s3p25,9,0.50,1,2.7700,8.4300,0.3300,2.4300,0.288256
s3p25,9,0.50,2,5.0200,11.7900,0.4300,4.2400,0.359627
s3p25,9,0.50,4,9.3900,17.6300,0.5300,8.3400,0.473057
s3p25,9,0.50,8,16.7700,24.4400,0.6900,14.7300,0.602700
s3p25,9,0.50,16,26.1700,32.2700,0.8100,21.5400,0.667493
s3p25,9,0.50,32,35.8900,52.9400,0.6800,25.9600,0.490366
s3p25,9,0.50,64,126.5600,175.1100,0.7200,134.6500,0.768945
s3p25,9,0.50,128,197.9300,228.5300,0.8700,56.4100,0.246838
s3p25,9,0.50,200,245.4200,239.1400,1.0300,210.1200,0.878648
s3p25,9,1.00,1,2.8000,11.0400,0.2500,2.4300,0.220109
s3p25,9,1.00,2,5.0500,15.3900,0.3300,4.2400,0.275504
s3p25,9,1.00,4,9.4600,22.1400,0.4300,8.3400,0.376694
s3p25,9,1.00,8,16.7000,29.8900,0.5600,14.7300,0.492807
s3p25,9,1.00,16,26.0600,40.0800,0.6500,21.5400,0.537425
s3p25,9,1.00,32,35.4800,65.4700,0.5400,25.9600,0.396517
s3p25,9,1.00,64,107.9300,199.6900,0.5400,134.6500,0.674295
s3p25,9,1.00,128,162.8800,223.8700,0.7300,56.4100,0.251977
s3p25,9,1.00,200,187.0900,207.5100,0.9000,210.1200,1.012578
s3p25,10,0.10,1,3.2200,5.1400,0.6300,2.3700,0.461089
s3p25,10,0.10,2,5.6600,8.6700,0.6500,3.0400,0.350634
s3p25,10,0.10,4,8.1000,11.5200,0.7000,4.9800,0.432292
s3p25,10,0.10,8,13.2300,18.0800,0.7300,8.5300,0.471792
s3p25,10,0.10,16,17.6600,22.6000,0.7800,8.6000,0.380531
s3p25,10,0.10,32,24.7600,33.3600,0.7400,12.2600,0.367506
s3p25,10,0.10,64,27.0000,33.7000,0.8000,13.8500,0.410979
s3p25,10,0.10,128,25.9600,39.3200,0.6600,14.9700,0.380722
s3p25,10,0.10,200,29.5200,43.5600,0.6800,9.2600,0.212580
s3p25,10,0.50,1,3.2200,7.5700,0.4300,2.3700,0.313078
s3p25,10,0.50,2,5.6700,11.5900,0.4900,3.0400,0.262295
s3p25,10,0.50,4,8.1200,15.6100,0.5200,4.9800,0.319026
s3p25,10,0.50,8,13.4500,23.0400,0.5800,8.5300,0.370226
s3p25,10,0.50,16,18.0200,30.6400,0.5900,8.6000,0.280679
s3p25,10,0.50,32,25.0900,46.2500,0.5400,12.2600,0.265081
s3p25,10,0.50,64,29.4100,50.7500,0.5800,13.8500,0.272906
s3p25,10,0.50,128,28.1500,52.9500,0.5300,14.9700,0.282720
s3p25,10,0.50,200,32.6800,63.2800,0.5200,9.2600,0.146334
s3p25,10,1.00,1,3.2300,9.6400,0.3400,2.3700,0.245851
s3p25,10,1.00,2,5.8000,14.2800,0.4100,3.0400,0.212885
s3p25,10,1.00,4,8.2800,19.3500,0.4300,4.9800,0.257364
s3p25,10,1.00,8,13.6400,27.7600,0.4900,8.5300,0.307277
s3p25,10,1.00,16,18.1400,38.1600,0.4800,8.6000,0.225367
s3p25,10,1.00,32,25.2600,57.0400,0.4400,12.2600,0.214937
s3p25,10,1.00,64,32.5700,66.3100,0.4900,13.8500,0.208867
s3p25,10,1.00,128,30.1900,64.3000,0.4700,14.9700,0.232815
s3p25,10,1.00,200,34.8200,75.6800,0.4600,9.2600,0.122357
s3p25,11,0.10,1,3.4500,6.5700,0.5300,2.7400,0.417047
s3p25,11,0.10,2,4.4300,8.3500,0.5300,2.9000,0.347305
s3p25,11,0.10,4,7.2700,13.8200,0.5300,4.9600,0.358900
s3p25,11,0.10,8,9.7400,17.4400,0.5600,5.1200,0.293578
s3p25,11,0.10,16,16.2600,21.8700,0.7400,8.3400,0.381344
s3p25,11,0.10,32,24.9600,30.7000,0.8100,13.6500,0.444625
s3p25,11,0.10,64,22.2600,33.5200,0.6600,10.2600,0.306086
s3p25,11,0.10,128,21.4900,33.5600,0.6400,7.4300,0.221395
s3p25,11,0.10,200,22.6700,34.2200,0.6600,9.6500,0.281999
s3p25,11,0.50,1,3.4600,8.5700,0.4000,2.7400,0.319720
s3p25,11,0.50,2,4.4600,11.2800,0.4000,2.9000,0.257092
s3p25,11,0.50,4,7.2800,16.8300,0.4300,4.9600,0.294712
s3p25,11,0.50,8,9.5500,21.3600,0.4500,5.1200,0.239700
s3p25,11,0.50,16,16.0500,27.7100,0.5800,8.3400,0.300974
s3p25,11,0.50,32,24.7100,37.9500,0.6500,13.6500,0.359684
s3p25,11,0.50,64,21.8100,40.7200,0.5400,10.2600,0.251965
s3p25,11,0.50,128,21.2200,40.6800,0.5200,7.4300,0.182645
s3p25,11,0.50,200,22.3600,40.9700,0.5500,9.6500,0.235538
s3p25,11,1.00,1,3.4700,10.3000,0.3400,2.7400,0.266019
s3p25,11,1.00,2,4.4800,13.8700,0.3200,2.9000,0.209084
s3p25,11,1.00,4,7.2900,19.7000,0.3700,4.9600,0.251777
s3p25,11,1.00,8,9.2700,25.2000,0.3700,5.1200,0.203175
s3p25,11,1.00,16,16.0700,33.0600,0.4900,8.3400,0.252269
s3p25,11,1.00,32,24.9000,44.3200,0.5600,13.6500,0.307987
s3p25,11,1.00,64,21.5800,47.0500,0.4600,10.2600,0.218066
s3p25,11,1.00,128,21.0300,46.4400,0.4500,7.4300,0.159991
s3p25,11,1.00,200,22.4700,46.7700,0.4800,9.6500,0.206329
s3p25,12,0.10,1,3.2600,5.2800,0.6200,3.0400,0.575758
s3p25,12,0.10,2,7.2800,8.7600,0.8300,6.2700,0.715753
s3p25,12,0.10,4,11.2600,12.5300,0.9000,8.2700,0.660016
s3p25,12,0.10,8,15.4200,16.5300,0.9300,11.8000,0.713854
s3p25,12,0.10,16,17.2100,23.6100,0.7300,11.2900,0.478187
s3p25,12,0.10,32,25.4600,30.5200,0.8300,16.9500,0.555374
s3p25,12,0.10,64,28.1500,36.1400,0.7800,15.5000,0.428888
s3p25,12,0.10,128,25.2900,38.0500,0.6600,12.6900,0.333509
s3p25,12,0.10,200,25.1700,37.8000,0.6700,11.7700,0.311376
s3p25,12,0.50,1,3.2800,7.6700,0.4300,3.0400,0.396349
s3p25,12,0.50,2,7.2900,11.6100,0.6300,6.2700,0.540052
s3p25,12,0.50,4,11.2400,16.0000,0.7000,8.2700,0.516875
s3p25,12,0.50,8,15.5800,20.8600,0.7500,11.8000,0.565676
s3p25,12,0.50,16,17.1100,29.9000,0.5700,11.2900,0.377592
s3p25,12,0.50,32,24.5200,39.3700,0.6200,16.9500,0.430531
s3p25,12,0.50,64,28.2000,45.4600,0.6200,15.5000,0.340959
s3p25,12,0.50,128,25.3700,46.1000,0.5500,12.6900,0.275271
s3p25,12,0.50,200,25.8500,44.8500,0.5800,11.7700,0.262430
s3p25,12,1.00,1,3.2900,9.7300,0.3400,3.0400,0.312436
s3p25,12,1.00,2,7.1400,14.1900,0.5000,6.2700,0.441860
s3p25,12,1.00,4,11.1100,19.0800,0.5800,8.2700,0.433438
s3p25,12,1.00,8,15.5300,25.1700,0.6200,11.8000,0.468812
s3p25,12,1.00,16,17.2800,35.8200,0.4800,11.2900,0.315187
s3p25,12,1.00,32,24.8400,48.4400,0.5100,16.9500,0.349917
s3p25,12,1.00,64,28.7700,57.0700,0.5000,15.5000,0.271596
s3p25,12,1.00,128,25.4700,54.4300,0.4700,12.6900,0.233143
s3p25,12,1.00,200,24.3600,52.9800,0.4600,11.7700,0.222159
s3p25,13,0.10,1,5.7000,6.5300,0.8700,5.7600,0.882083
s3p25,13,0.10,2,6.6500,10.5400,0.6300,4.5400,0.430740
s3p25,13,0.10,4,9.6800,12.9400,0.7500,7.1700,0.554096
s3p25,13,0.10,8,13.1500,17.6100,0.7500,9.9100,0.562748
s3p25,13,0.10,16,16.5600,20.4800,0.8100,12.8000,0.625000
s3p25,13,0.10,32,20.2700,26.5600,0.7600,12.4200,0.467620
s3p25,13,0.10,64,19.9300,29.9600,0.6700,11.0700,0.369493
s3p25,13,0.10,128,23.4500,42.6900,0.5500,12.5800,0.294683
s3p25,13,0.10,200,25.7000,43.5500,0.5900,13.4600,0.309070
s3p25,13,0.50,1,5.7000,8.6600,0.6600,5.7600,0.665127
s3p25,13,0.50,2,6.6900,13.4300,0.5000,4.5400,0.338049
s3p25,13,0.50,4,9.7600,16.4500,0.5900,7.1700,0.435866
s3p25,13,0.50,8,13.0400,21.9700,0.5900,9.9100,0.451070
s3p25,13,0.50,16,16.6400,27.3100,0.6100,12.8000,0.468693
s3p25,13,0.50,32,20.5700,34.9200,0.5900,12.4200,0.355670
s3p25,13,0.50,64,19.9400,41.9800,0.4700,11.0700,0.263697
s3p25,13,0.50,128,25.3200,57.8600,0.4400,12.5800,0.217421
s3p25,13,0.50,200,32.0600,67.4600,0.4800,13.4600,0.199526
s3p25,13,1.00,1,5.7000,10.4900,0.5400,5.7600,0.549094
s3p25,13,1.00,2,6.7500,15.9100,0.4200,4.5400,0.285355
s3p25,13,1.00,4,9.8100,19.6800,0.5000,7.1700,0.364329
s3p25,13,1.00,8,13.1500,26.1800,0.5000,9.9100,0.378533
s3p25,13,1.00,16,16.8700,33.3500,0.5100,12.8000,0.383808
s3p25,13,1.00,32,20.3700,42.7400,0.4800,12.4200,0.290594
s3p25,13,1.00,64,20.2000,52.0200,0.3900,11.0700,0.212803
s3p25,13,1.00,128,26.2200,70.5400,0.3700,12.5800,0.178339
s3p25,13,1.00,200,35.0500,88.7600,0.3900,13.4600,0.151645
s3p25,14,0.10,1,4.1600,7.6900,0.5400,3.5700,0.464239
s3p25,14,0.10,2,6.2900,9.6100,0.6500,5.1100,0.531738
s3p25,14,0.10,4,8.3400,12.7600,0.6500,5.9000,0.462382
s3p25,14,0.10,8,13.5300,19.2000,0.7000,8.1600,0.425000
s3p25,14,0.10,16,17.4500,26.5800,0.6600,11.1000,0.417607
s3p25,14,0.10,32,29.6800,56.6400,0.5200,19.5400,0.344986
s3p25,14,0.10,64,68.6500,135.3700,0.5100,34.8800,0.257664
s3p25,14,0.10,128,62.9200,126.5900,0.5000,16.9700,0.134055
s3p25,14,0.10,200,68.7500,123.4100,0.5600,21.7200,0.175999
s3p25,14,0.50,1,4.1700,10.3600,0.4000,3.5700,0.344595
s3p25,14,0.50,2,6.3000,13.2500,0.4800,5.1100,0.385660
s3p25,14,0.50,4,8.4600,17.2100,0.4900,5.9000,0.342824
s3p25,14,0.50,8,13.8300,25.3600,0.5500,8.1600,0.321767
s3p25,14,0.50,16,17.7400,37.6400,0.4700,11.1000,0.294899
s3p25,14,0.50,32,30.5600,78.2800,0.3900,19.5400,0.249617
s3p25,14,0.50,64,58.8100,157.4600,0.3700,34.8800,0.221517
s3p25,14,0.50,128,68.0400,166.8100,0.4100,16.9700,0.101733
s3p25,14,0.50,200,50.4400,152.2900,0.3300,21.7200,0.142623
s3p25,14,1.00,1,4.1900,12.6800,0.3300,3.5700,0.281546
s3p25,14,1.00,2,6.3300,16.5100,0.3800,5.1100,0.309509
s3p25,14,1.00,4,8.3900,21.3200,0.3900,5.9000,0.276735
s3p25,14,1.00,8,13.5200,30.9700,0.4400,8.1600,0.263481
s3p25,14,1.00,16,17.9000,47.0700,0.3800,11.1000,0.235819
s3p25,14,1.00,32,30.4300,92.6400,0.3300,19.5400,0.210924
s3p25,14,1.00,64,56.6600,165.9700,0.3400,34.8800,0.210158
s3p25,14,1.00,128,56.4100,163.4100,0.3500,16.9700,0.103849
s3p25,14,1.00,200,48.6300,157.7700,0.3100,21.7200,0.137669
s3p25,15,0.10,1,4.0200,6.1500,0.6500,4.1200,0.669919
s3p25,15,0.10,2,6.2600,8.1500,0.7700,5.7400,0.704294
s3p25,15,0.10,4,8.9300,11.0100,0.8100,7.1000,0.644868
s3p25,15,0.10,8,13.9300,15.0300,0.9300,11.4000,0.758483
s3p25,15,0.10,16,17.0500,20.4000,0.8400,11.7400,0.575490
s3p25,15,0.10,32,22.2300,33.6300,0.6600,14.4600,0.429973
s3p25,15,0.10,64,28.8300,49.9900,0.5800,13.7600,0.275255
s3p25,15,0.10,128,25.7600,51.7400,0.5000,11.5400,0.223038
s3p25,15,0.10,200,23.4700,50.6400,0.4600,7.0600,0.139415
s3p25,15,0.50,1,4.0200,8.8400,0.4600,4.1200,0.466063
s3p25,15,0.50,2,6.2700,11.3700,0.5500,5.7400,0.504837
s3p25,15,0.50,4,8.9300,14.9000,0.6000,7.1000,0.476510
s3p25,15,0.50,8,14.0300,19.6100,0.7200,11.4000,0.581336
s3p25,15,0.50,16,16.9200,26.8600,0.6300,11.7400,0.437081
s3p25,15,0.50,32,22.4500,42.9300,0.5200,14.4600,0.336827
s3p25,15,0.50,64,29.8700,63.0900,0.4700,13.7600,0.218101
s3p25,15,0.50,128,34.3500,71.4800,0.4800,11.5400,0.161444
s3p25,15,0.50,200,37.8100,81.4200,0.4600,7.0600,0.086711
s3p25,15,1.00,1,4.0300,11.1500,0.3600,4.1200,0.369507
s3p25,15,1.00,2,6.2900,14.2900,0.4400,5.7400,0.401679
s3p25,15,1.00,4,8.9400,18.4900,0.4800,7.1000,0.383991
s3p25,15,1.00,8,14.1200,23.8900,0.5900,11.4000,0.477187
s3p25,15,1.00,16,17.0100,33.1100,0.5100,11.7400,0.354576
s3p25,15,1.00,32,22.6500,52.3700,0.4300,14.4600,0.276112
s3p25,15,1.00,64,30.5900,78.7900,0.3900,13.7600,0.174641
s3p25,15,1.00,128,39.5100,94.1000,0.4200,11.5400,0.122635
s3p25,15,1.00,200,55.0300,115.2100,0.4800,7.0600,0.061279
s3p25,16,0.10,1,3.1400,8.3200,0.3800,2.8600,0.343750
s3p25,16,0.10,2,5.4500,12.4900,0.4400,5.4300,0.434748
s3p25,16,0.10,4,7.2000,16.9100,0.4300,4.3900,0.259610
s3p25,16,0.10,8,9.3800,22.2700,0.4200,6.1300,0.275258
s3p25,16,0.10,16,14.6500,28.3200,0.5200,8.3300,0.294138
s3p25,16,0.10,32,25.3900,48.0300,0.5300,11.7600,0.244847
s3p25,16,0.10,64,33.3500,62.3200,0.5400,13.7300,0.220315
s3p25,16,0.10,128,34.0800,65.7300,0.5200,10.3400,0.157310
s3p25,16,0.10,200,30.5000,46.3400,0.6600,8.5600,0.184722
s3p25,16,0.50,1,3.1400,10.6300,0.3000,2.8600,0.269050
s3p25,16,0.50,2,5.4400,15.1300,0.3600,5.4300,0.358890
s3p25,16,0.50,4,7.4400,20.0300,0.3700,4.3900,0.219171
s3p25,16,0.50,8,9.1500,26.5900,0.3400,6.1300,0.230538
s3p25,16,0.50,16,14.5300,34.7400,0.4200,8.3300,0.239781
s3p25,16,0.50,32,25.5500,59.8000,0.4300,11.7600,0.196656
s3p25,16,0.50,64,28.6000,72.3900,0.4000,13.7300,0.189667
s3p25,16,0.50,128,29.7700,77.4300,0.3800,10.3400,0.133540
s3p25,16,0.50,200,30.2900,61.7600,0.4900,8.5600,0.138601
s3p25,16,1.00,1,3.1500,12.6100,0.2500,2.8600,0.226804
s3p25,16,1.00,2,5.4700,17.5900,0.3100,5.4300,0.308698
s3p25,16,1.00,4,7.4700,23.1800,0.3200,4.3900,0.189387
s3p25,16,1.00,8,9.0600,30.8200,0.2900,6.1300,0.198897
s3p25,16,1.00,16,14.6400,41.1700,0.3600,8.3300,0.202332
s3p25,16,1.00,32,24.4300,69.8100,0.3500,11.7600,0.168457
s3p25,16,1.00,64,29.3700,84.3700,0.3500,13.7300,0.162736
s3p25,16,1.00,128,36.2600,88.5900,0.4100,10.3400,0.116717
s3p25,16,1.00,200,37.5100,75.6700,0.5000,8.5600,0.113123
s3p25,17,0.10,1,3.5900,4.9300,0.7300,2.7600,0.559838
s3p25,17,0.10,2,5.8900,8.3000,0.7100,3.7100,0.446988
s3p25,17,0.10,4,9.2500,12.1800,0.7600,6.5700,0.539409
s3p25,17,0.10,8,13.5100,16.2200,0.8300,10.4500,0.644266
s3p25,17,0.10,16,18.8000,21.9200,0.8600,13.9200,0.635036
s3p25,17,0.10,32,21.1100,29.1800,0.7200,11.4100,0.391021
s3p25,17,0.10,64,23.9200,31.6000,0.7600,10.8500,0.343354
s3p25,17,0.10,128,18.6700,31.6800,0.5900,8.2500,0.260417
s3p25,17,0.10,200,23.0500,30.2900,0.7600,11.4900,0.379333
s3p25,17,0.50,1,3.6000,7.4600,0.4800,2.7600,0.369973
s3p25,17,0.50,2,5.9200,11.4400,0.5200,3.7100,0.324301
s3p25,17,0.50,4,9.3400,15.8900,0.5900,6.5700,0.413468
s3p25,17,0.50,8,13.6800,21.4600,0.6400,10.4500,0.486952
s3p25,17,0.50,16,18.9700,29.0200,0.6500,13.9200,0.479669
s3p25,17,0.50,32,21.3200,38.6200,0.5500,11.4100,0.295443
s3p25,17,0.50,64,25.0200,40.9000,0.6100,10.8500,0.265281
s3p25,17,0.50,128,18.9900,41.5700,0.4600,8.2500,0.198460
s3p25,17,0.50,200,24.6400,43.7600,0.5600,11.4900,0.262569
s3p25,17,1.00,1,3.6100,9.5700,0.3800,2.7600,0.288401
s3p25,17,1.00,2,5.7800,14.2200,0.4100,3.7100,0.260900
s3p25,17,1.00,4,9.3000,19.4100,0.4800,6.5700,0.338485
s3p25,17,1.00,8,13.7900,26.3300,0.5200,10.4500,0.396886
s3p25,17,1.00,16,18.9900,35.8200,0.5300,13.9200,0.388610
s3p25,17,1.00,32,21.7000,47.4300,0.4600,11.4100,0.240565
s3p25,17,1.00,64,25.8200,50.8400,0.5100,10.8500,0.213415
s3p25,17,1.00,128,20.0900,50.5400,0.4000,8.2500,0.163237
s3p25,17,1.00,200,25.6800,54.8900,0.4700,11.4900,0.209328
s3p25,18,0.10,1,3.6800,8.5700,0.4300,2.8200,0.329055
s3p25,18,0.10,2,5.0400,11.1900,0.4500,3.6700,0.327971
s3p25,18,0.10,4,7.5400,16.9100,0.4500,3.8200,0.225902
s3p25,18,0.10,8,12.9000,22.6700,0.5700,8.1800,0.360829
s3p25,18,0.10,16,16.5500,30.0100,0.5500,8.5700,0.285571
s3p25,18,0.10,32,21.4500,42.6000,0.5000,11.5300,0.270657
s3p25,18,0.10,64,35.2700,74.5200,0.4700,24.0000,0.322061
s3p25,18,0.10,128,43.7500,84.7300,0.5200,36.3500,0.429010
s3p25,18,0.10,200,43.8900,85.1700,0.5200,63.0800,0.740636
s3p25,18,0.50,1,3.6800,10.5700,0.3500,2.8200,0.266793
s3p25,18,0.50,2,5.0500,13.6700,0.3700,3.6700,0.268471
s3p25,18,0.50,4,7.5000,20.0800,0.3700,3.8200,0.190239
s3p25,18,0.50,8,13.0700,27.8700,0.4700,8.1800,0.293506
s3p25,18,0.50,16,17.1500,40.0100,0.4300,8.5700,0.214196
s3p25,18,0.50,32,21.5600,57.1600,0.3800,11.5300,0.201714
s3p25,18,0.50,64,33.7400,87.5400,0.3900,24.0000,0.274160
s3p25,18,0.50,128,43.8700,95.5700,0.4600,36.3500,0.380349
s3p25,18,0.50,200,49.0300,99.0600,0.4900,63.0800,0.636786
s3p25,18,1.00,1,3.6800,12.3100,0.3000,2.8200,0.229082
s3p25,18,1.00,2,5.0700,16.1500,0.3100,3.6700,0.227245
s3p25,18,1.00,4,7.5300,23.3800,0.3200,3.8200,0.163388
s3p25,18,1.00,8,13.1500,33.1100,0.4000,8.1800,0.247055
s3p25,18,1.00,16,17.2500,49.7700,0.3500,8.5700,0.172192
s3p25,18,1.00,32,22.9700,70.2400,0.3300,11.5300,0.164151
s3p25,18,1.00,64,32.5900,95.2900,0.3400,24.0000,0.251863
s3p25,18,1.00,128,42.3700,104.2400,0.4100,36.3500,0.348715
s3p25,18,1.00,200,49.3400,107.4200,0.4600,63.0800,0.587228
s3p25,19,0.10,1,3.8900,6.1200,0.6400,3.3000,0.539216
s3p25,19,0.10,2,5.5700,9.4100,0.5900,4.1700,0.443146
s3p25,19,0.10,4,8.4400,15.3000,0.5500,6.0900,0.398039
s3p25,19,0.10,8,14.1600,21.5600,0.6600,11.4500,0.531076
s3p25,19,0.10,16,16.5000,29.0500,0.5700,11.3500,0.390706
s3p25,19,0.10,32,22.5700,51.0200,0.4400,17.4800,0.342611
s3p25,19,0.10,64,38.7300,72.0700,0.5400,22.5700,0.313168
s3p25,19,0.10,128,38.0500,68.4700,0.5600,9.5100,0.138893
s3p25,19,0.10,200,39.3300,68.4900,0.5700,11.7500,0.171558
s3p25,19,0.50,1,3.8900,9.8800,0.3900,3.3000,0.334008
s3p25,19,0.50,2,5.5800,14.1300,0.3900,4.1700,0.295117
s3p25,19,0.50,4,8.4800,20.8500,0.4100,6.0900,0.292086
s3p25,19,0.50,8,14.1300,29.1100,0.4900,11.4500,0.393336
s3p25,19,0.50,16,16.9200,42.5500,0.4000,11.3500,0.266745
s3p25,19,0.50,32,24.7500,75.3200,0.3300,17.4800,0.232076
s3p25,19,0.50,64,45.0900,118.4200,0.3800,22.5700,0.190593
s3p25,19,0.50,128,55.2800,144.0200,0.3800,9.5100,0.066032
s3p25,19,0.50,200,58.3800,128.3700,0.4500,11.7500,0.091532
s3p25,19,1.00,1,3.9000,12.9700,0.3000,3.3000,0.254433
s3p25,19,1.00,2,5.6000,18.1500,0.3100,4.1700,0.229752
s3p25,19,1.00,4,8.5300,25.7900,0.3300,6.0900,0.236138
s3p25,19,1.00,8,14.3100,35.8600,0.4000,11.4500,0.319297
s3p25,19,1.00,16,17.3100,54.0700,0.3200,11.3500,0.209913
s3p25,19,1.00,32,25.5500,95.0000,0.2700,17.4800,0.184000
s3p25,19,1.00,64,44.0000,140.3200,0.3100,22.5700,0.160847
s3p25,19,1.00,128,65.0500,186.0100,0.3500,9.5100,0.051126
s3p25,19,1.00,200,77.1100,174.9300,0.4400,11.7500,0.067170
s3p50,0,0.10,1,6.6600,6.9400,0.9600,6.3100,0.909222
s3p50,0,0.10,2,10.9600,8.6300,1.2700,9.6400,1.117034
s3p50,0,0.10,4,12.6000,12.7100,0.9900,9.1900,0.723053
s3p50,0,0.10,8,20.9000,17.4100,1.2000,18.4300,1.058587
s3p50,0,0.10,16,24.2700,25.0500,0.9700,17.2100,0.687026
s3p50,0,0.10,32,28.0200,29.2700,0.9600,16.8900,0.577041
s3p50,0,0.10,64,28.2900,32.1100,0.8800,17.0000,0.529430
s3p50,0,0.10,128,28.6600,33.4100,0.8600,15.5300,0.464831
s3p50,0,0.10,200,27.1100,31.6800,0.8600,12.6700,0.399937
s3p50,0,0.50,1,6.6600,9.0900,0.7300,6.3100,0.694169
s3p50,0,0.50,2,10.9700,11.3900,0.9600,9.6400,0.846356
s3p50,0,0.50,4,12.6100,16.0600,0.7800,9.1900,0.572229
s3p50,0,0.50,8,20.9000,22.1900,0.9400,18.4300,0.830554
s3p50,0,0.50,16,24.2900,31.7900,0.7600,17.2100,0.541365
s3p50,0,0.50,32,28.1600,37.9100,0.7400,16.8900,0.445529
s3p50,0,0.50,64,28.4400,39.2300,0.7300,17.0000,0.433342
s3p50,0,0.50,128,28.4100,38.6900,0.7300,15.5300,0.401396
s3p50,0,0.50,200,26.5000,37.3100,0.7100,12.6700,0.339587
s3p50,0,1.00,1,6.6700,10.9400,0.6100,6.3100,0.576782
s3p50,0,1.00,2,10.9800,13.9100,0.7900,9.6400,0.693027
s3p50,0,1.00,4,12.5300,19.2600,0.6500,9.1900,0.477155
s3p50,0,1.00,8,20.8600,26.4700,0.7900,18.4300,0.696260
s3p50,0,1.00,16,24.3000,38.3900,0.6300,17.2100,0.448294
s3p50,0,1.00,32,28.0900,45.5500,0.6200,16.8900,0.370801
s3p50,0,1.00,64,28.2200,45.3600,0.6200,17.0000,0.374780
s3p50,0,1.00,128,28.4600,43.6900,0.6500,15.5300,0.355459
s3p50,0,1.00,200,26.7900,42.6800,0.6300,12.6700,0.296860
s3p50,1,0.10,1,4.1200,6.7100,0.6100,3.5400,0.527571
s3p50,1,0.10,2,5.8900,8.8300,0.6700,4.5100,0.510759
s3p50,1,0.10,4,8.2900,13.0500,0.6400,5.5300,0.423755
s3p50,1,0.10,8,11.9000,17.7800,0.6700,8.5800,0.482565
s3p50,1,0.10,16,14.6700,24.8300,0.5900,9.1000,0.366492
s3p50,1,0.10,32,30.6300,53.3200,0.5700,23.5800,0.442236
s3p50,1,0.10,64,50.1300,89.1400,0.5600,27.7900,0.311757
s3p50,1,0.10,128,93.4700,149.0500,0.6300,20.9400,0.140490
s3p50,1,0.10,200,96.6000,142.3600,0.6800,32.8700,0.230894
s3p50,1,0.50,1,4.1200,9.4100,0.4400,3.5400,0.376196
s3p50,1,0.50,2,5.8900,12.3100,0.4800,4.5100,0.366369
s3p50,1,0.50,4,8.3000,17.3000,0.4800,5.5300,0.319653
s3p50,1,0.50,8,11.8400,23.4100,0.5100,8.5800,0.366510
s3p50,1,0.50,16,15.0200,35.3400,0.4200,9.1000,0.257499
s3p50,1,0.50,32,30.5500,73.4700,0.4200,23.5800,0.320947
s3p50,1,0.50,64,44.6200,125.3300,0.3600,27.7900,0.221735
s3p50,1,0.50,128,100.1000,195.1500,0.5100,20.9400,0.107302
s3p50,1,0.50,200,117.1200,177.8800,0.6600,32.8700,0.184787
s3p50,1,1.00,1,4.1200,11.8000,0.3500,3.5400,0.300000
s3p50,1,1.00,2,5.8900,15.4800,0.3800,4.5100,0.291344
s3p50,1,1.00,4,8.2100,21.3600,0.3800,5.5300,0.258895
s3p50,1,1.00,8,11.9200,28.9000,0.4100,8.5800,0.296886
s3p50,1,1.00,16,14.6400,44.8000,0.3300,9.1000,0.203125
s3p50,1,1.00,32,30.1100,87.8800,0.3400,23.5800,0.268320
s3p50,1,1.00,64,53.6600,145.3400,0.3700,27.7900,0.191207
s3p50,1,1.00,128,99.7000,210.3200,0.4700,20.9400,0.099563
s3p50,1,1.00,200,117.8800,200.3100,0.5900,32.8700,0.164096
s3p50,2,0.10,1,6.0500,6.3500,0.9500,5.8800,0.925984
s3p50,2,0.10,2,8.4600,8.9700,0.9400,6.9600,0.775920
s3p50,2,0.10,4,11.7800,12.0700,0.9800,10.1600,0.841756
s3p50,2,0.10,8,14.7300,17.1700,0.8600,11.4800,0.668608
s3p50,2,0.10,16,25.7600,21.8000,1.1800,20.8500,0.956422
s3p50,2,0.10,32,33.1100,34.5700,0.9600,28.0700,0.811976
s3p50,2,0.10,64,34.5900,42.6500,0.8100,25.7400,0.603517
s3p50,2,0.10,128,29.3400,37.9200,0.7700,16.7800,0.442511
s3p50,2,0.10,200,30.0700,27.6400,1.0900,18.4300,0.666787
s3p50,2,0.50,1,6.0700,8.1500,0.7400,5.8800,0.721472
s3p50,2,0.50,2,8.4800,11.1800,0.7600,6.9600,0.622540
s3p50,2,0.50,4,11.7800,14.7400,0.8000,10.1600,0.689281
s3p50,2,0.50,8,14.8100,20.0800,0.7400,11.4800,0.571713
s3p50,2,0.50,16,25.9100,26.3200,0.9800,20.8500,0.792173
s3p50,2,0.50,32,33.0000,42.5700,0.7800,28.0700,0.659385
s3p50,2,0.50,64,34.0400,56.0300,0.6100,25.7400,0.459397
s3p50,2,0.50,128,31.0700,48.2800,0.6400,16.7800,0.347556
s3p50,2,0.50,200,30.4400,35.2900,0.8600,18.4300,0.522244
s3p50,2,1.00,1,6.0900,9.7700,0.6200,5.8800,0.601842
s3p50,2,1.00,2,8.5000,13.3700,0.6400,6.9600,0.520568
s3p50,2,1.00,4,11.7900,17.4100,0.6800,10.1600,0.583573
s3p50,2,1.00,8,14.8200,23.2200,0.6400,11.4800,0.494401
s3p50,2,1.00,16,26.1000,31.2100,0.8400,20.8500,0.668055
s3p50,2,1.00,32,33.4900,50.5200,0.6600,28.0700,0.555622
s3p50,2,1.00,64,34.1600,67.7900,0.5000,25.7400,0.379702
s3p50,2,1.00,128,32.1600,58.9900,0.5500,16.7800,0.284455
s3p50,2,1.00,200,30.9000,41.7400,0.7400,18.4300,0.441543
s3p50,3,0.10,1,4.7900,6.3200,0.7600,3.6600,0.579114
s3p50,3,0.10,2,8.7000,9.7300,0.8900,5.7600,0.591984
s3p50,3,0.10,4,11.4400,14.8000,0.7700,7.2300,0.488514
s3p50,3,0.10,8,15.1800,15.8600,0.9600,9.3600,0.590164
s3p50,3,0.10,16,18.0800,19.7200,0.9200,11.5100,0.583671
s3p50,3,0.10,32,28.8600,28.1700,1.0200,21.2200,0.753284
s3p50,3,0.10,64,42.8600,41.6100,1.0300,26.1700,0.628935
s3p50,3,0.10,128,64.7300,40.8700,1.5800,35.6500,0.872278
s3p50,3,0.10,200,69.2100,37.5000,1.8500,32.4200,0.864533
s3p50,3,0.50,1,4.7900,8.1500,0.5900,3.6600,0.449080
s3p50,3,0.50,2,8.7000,11.9700,0.7300,5.7600,0.481203
s3p50,3,0.50,4,11.4400,17.2700,0.6600,7.2300,0.418645
s3p50,3,0.50,8,15.2200,19.4000,0.7800,9.3600,0.482474
s3p50,3,0.50,16,18.0200,24.1700,0.7500,11.5100,0.476210
s3p50,3,0.50,32,29.1900,34.8300,0.8400,21.2200,0.609245
s3p50,3,0.50,64,47.6600,51.1400,0.9300,26.1700,0.511732
s3p50,3,0.50,128,70.3900,48.9900,1.4400,35.6500,0.727700
s3p50,3,0.50,200,74.7200,43.3200,1.7200,32.4200,0.748384
s3p50,3,1.00,1,4.7900,9.7600,0.4900,3.6600,0.375000
s3p50,3,1.00,2,8.7100,14.0500,0.6200,5.7600,0.409964
s3p50,3,1.00,4,11.4500,19.6400,0.5800,7.2300,0.368126
s3p50,3,1.00,8,15.1700,22.7900,0.6700,9.3600,0.410706
s3p50,3,1.00,16,17.9800,28.7500,0.6300,11.5100,0.400348
s3p50,3,1.00,32,29.6400,41.6700,0.7100,21.2200,0.509239
s3p50,3,1.00,64,47.3500,63.1900,0.7500,26.1700,0.414148
s3p50,3,1.00,128,69.5800,62.9900,1.1000,35.6500,0.565963
s3p50,3,1.00,200,67.1200,52.8100,1.2700,32.4200,0.613899
s3p50,4,0.10,1,5.4100,7.4600,0.7200,5.0500,0.676944
s3p50,4,0.10,2,9.0200,10.0300,0.9000,6.4600,0.644068
s3p50,4,0.10,4,12.2500,12.9200,0.9500,7.3100,0.565789
s3p50,4,0.10,8,19.1500,18.8600,1.0200,15.2400,0.808059
s3p50,4,0.10,16,24.7000,28.2600,0.8700,19.9100,0.704529
s3p50,4,0.10,32,36.6100,43.7400,0.8400,28.2500,0.645862
s3p50,4,0.10,64,32.9200,41.7400,0.7900,25.4000,0.608529
s3p50,4,0.10,128,30.8400,36.2100,0.8500,18.7900,0.518917
s3p50,4,0.10,200,32.4700,29.7600,1.0900,22.6500,0.761089
s3p50,4,0.50,1,5.4000,9.8400,0.5500,5.0500,0.513211
s3p50,4,0.50,2,9.0200,13.0300,0.6900,6.4600,0.495779
s3p50,4,0.50,4,12.1100,16.9500,0.7100,7.3100,0.431268
s3p50,4,0.50,8,19.0500,22.8000,0.8400,15.2400,0.668421
s3p50,4,0.50,16,24.7000,33.2300,0.7400,19.9100,0.599157
s3p50,4,0.50,32,36.6800,51.0600,0.7200,28.2500,0.553271
s3p50,4,0.50,64,35.5000,48.9700,0.7200,25.4000,0.518685
s3p50,4,0.50,128,32.1500,45.2500,0.7100,18.7900,0.415249
s3p50,4,0.50,200,33.5400,38.0400,0.8800,22.6500,0.595426
s3p50,4,1.00,1,5.4000,11.9700,0.4500,5.0500,0.421888
s3p50,4,1.00,2,9.0100,15.8400,0.5700,6.4600,0.407828
s3p50,4,1.00,4,12.1100,20.5500,0.5900,7.3100,0.355718
s3p50,4,1.00,8,19.1900,26.9900,0.7100,15.2400,0.564654
s3p50,4,1.00,16,24.5200,38.2700,0.6400,19.9100,0.520251
s3p50,4,1.00,32,36.9500,58.7600,0.6300,28.2500,0.480769
s3p50,4,1.00,64,38.0800,56.7200,0.6700,25.4000,0.447814
s3p50,4,1.00,128,32.3400,50.0600,0.6500,18.7900,0.375350
s3p50,4,1.00,200,32.9500,42.7800,0.7700,22.6500,0.529453
s3p50,5,0.10,1,4.5000,6.8800,0.6500,3.7100,0.539244
s3p50,5,0.10,2,6.2000,11.8900,0.5200,3.6700,0.308663
s3p50,5,0.10,4,9.5100,15.1900,0.6300,5.0800,0.334431
s3p50,5,0.10,8,13.0100,19.3700,0.6700,8.1900,0.422819
s3p50,5,0.10,16,18.4500,25.4000,0.7300,12.2900,0.483858
s3p50,5,0.10,32,24.2800,32.2400,0.7500,15.9000,0.493176
s3p50,5,0.10,64,28.5900,30.7500,0.9300,19.5100,0.634472
s3p50,5,0.10,128,25.1200,30.2400,0.8300,16.6300,0.549934
s3p50,5,0.10,200,27.1900,32.1200,0.8500,15.7500,0.490349
s3p50,5,0.50,1,4.5100,9.8100,0.4600,3.7100,0.378186
s3p50,5,0.50,2,6.2000,15.2400,0.4100,3.6700,0.240814
s3p50,5,0.50,4,9.5900,19.9400,0.4800,5.0800,0.254764
s3p50,5,0.50,8,13.1000,25.5000,0.5100,8.1900,0.321176
s3p50,5,0.50,16,18.5500,33.7200,0.5500,12.2900,0.364472
s3p50,5,0.50,32,24.5900,43.0700,0.5700,15.9000,0.369166
s3p50,5,0.50,64,29.5000,39.9100,0.7400,19.5100,0.488850
s3p50,5,0.50,128,25.6300,36.6600,0.7000,16.6300,0.453628
s3p50,5,0.50,200,26.9300,37.7400,0.7100,15.7500,0.417329
s3p50,5,1.00,1,4.5100,12.4400,0.3600,3.7100,0.298232
s3p50,5,1.00,2,6.2100,18.4400,0.3400,3.6700,0.199024
s3p50,5,1.00,4,9.4600,24.4800,0.3900,5.0800,0.207516
s3p50,5,1.00,8,13.1000,31.4900,0.4200,8.1900,0.260083
s3p50,5,1.00,16,18.6700,41.5900,0.4500,12.2900,0.295504
s3p50,5,1.00,32,24.9100,53.5600,0.4700,15.9000,0.296863
s3p50,5,1.00,64,30.3600,49.5900,0.6100,19.5100,0.393426
s3p50,5,1.00,128,26.1900,43.7400,0.6000,16.6300,0.380201
s3p50,5,1.00,200,26.6600,43.5700,0.6100,15.7500,0.361487
s3p50,6,0.10,1,4.7900,7.5900,0.6300,4.2900,0.565217
s3p50,6,0.10,2,7.3200,9.4900,0.7700,4.8200,0.507903
s3p50,6,0.10,4,11.2500,14.5500,0.7700,7.7900,0.535395
s3p50,6,0.10,8,16.1400,19.5100,0.8300,10.2700,0.526397
s3p50,6,0.10,16,22.3100,23.7100,0.9400,16.4700,0.694644
s3p50,6,0.10,32,29.1100,34.3000,0.8500,20.3900,0.594461
s3p50,6,0.10,64,43.9200,50.5500,0.8700,33.2900,0.658556
s3p50,6,0.10,128,61.4400,53.7300,1.1400,51.4700,0.957938
s3p50,6,0.10,200,47.0900,54.2900,0.8700,30.2300,0.556824
s3p50,6,0.50,1,4.7900,9.8100,0.4900,4.2900,0.437309
s3p50,6,0.50,2,7.3100,12.4600,0.5900,4.8200,0.386838
s3p50,6,0.50,4,11.3100,17.8700,0.6300,7.7900,0.435926
s3p50,6,0.50,8,16.0600,23.5300,0.6800,10.2700,0.436464
s3p50,6,0.50,16,22.3500,29.0400,0.7700,16.4700,0.567149
s3p50,6,0.50,32,29.8200,40.7600,0.7300,20.3900,0.500245
s3p50,6,0.50,64,41.8600,61.4900,0.6800,33.2900,0.541389
s3p50,6,0.50,128,64.2200,70.4000,0.9100,51.4700,0.731108
s3p50,6,0.50,200,86.1800,76.7000,1.1200,30.2300,0.394133
s3p50,6,1.00,1,4.7900,11.8200,0.4100,4.2900,0.362944
s3p50,6,1.00,2,7.5000,15.2000,0.4900,4.8200,0.317105
s3p50,6,1.00,4,11.4300,21.2100,0.5400,7.7900,0.367280
s3p50,6,1.00,8,16.1400,27.5200,0.5900,10.2700,0.373183
s3p50,6,1.00,16,21.8900,34.4500,0.6400,16.4700,0.478084
s3p50,6,1.00,32,29.7800,47.2600,0.6300,20.3900,0.431443
s3p50,6,1.00,64,43.1800,70.6700,0.6100,33.2900,0.471063
s3p50,6,1.00,128,69.9600,91.6900,0.7600,51.4700,0.561348
s3p50,6,1.00,200,72.7900,111.4000,0.6500,30.2300,0.271364
s3p50,7,0.10,1,4.5100,7.1500,0.6300,4.6800,0.654545
s3p50,7,0.10,2,8.2200,9.9800,0.8200,7.8600,0.787575
s3p50,7,0.10,4,10.5700,13.7400,0.7700,9.4500,0.687773
s3p50,7,0.10,8,14.6700,17.3900,0.8400,10.8500,0.623922
s3p50,7,0.10,16,18.5600,24.1800,0.7700,13.6500,0.564516
s3p50,7,0.10,32,31.4600,31.0300,1.0100,28.7800,0.927490
s3p50,7,0.10,64,24.4100,25.9600,0.9400,13.7600,0.530046
s3p50,7,0.10,128,23.2200,32.3100,0.7200,13.5100,0.418137
s3p50,7,0.10,200,28.3300,32.9000,0.8600,14.6100,0.444073
s3p50,7,0.50,1,4.5200,10.0000,0.4500,4.6800,0.468000
s3p50,7,0.50,2,8.2400,13.5100,0.6100,7.8600,0.581791
s3p50,7,0.50,4,10.5200,17.8500,0.5900,9.4500,0.529412
s3p50,7,0.50,8,14.5700,22.8300,0.6400,10.8500,0.475252
s3p50,7,0.50,16,18.6500,31.9700,0.5800,13.6500,0.426963
s3p50,7,0.50,32,31.5000,42.3600,0.7400,28.7800,0.679415
s3p50,7,0.50,64,25.3700,33.4800,0.7600,13.7600,0.410992
s3p50,7,0.50,128,23.5300,37.4900,0.6300,13.5100,0.360363
s3p50,7,0.50,200,27.9400,38.4900,0.7300,14.6100,0.379579
s3p50,7,1.00,1,4.5400,12.4600,0.3600,4.6800,0.375602
s3p50,7,1.00,2,8.2700,16.7000,0.4900,7.8600,0.470659
s3p50,7,1.00,4,10.5300,21.7800,0.4800,9.4500,0.433884
s3p50,7,1.00,8,14.5700,28.0100,0.5200,10.8500,0.387362
s3p50,7,1.00,16,18.6500,39.5900,0.4700,13.6500,0.344784
s3p50,7,1.00,32,31.7200,52.2400,0.6100,28.7800,0.550919
s3p50,7,1.00,64,25.4800,40.7800,0.6200,13.7600,0.337420
s3p50,7,1.00,128,23.7600,42.5600,0.5600,13.5100,0.317434
s3p50,7,1.00,200,28.0200,43.2300,0.6500,14.6100,0.337960
s3p50,8,0.10,1,5.1200,6.5900,0.7800,5.3500,0.811836
s3p50,8,0.10,2,7.3200,8.0300,0.9100,6.4700,0.805729
s3p50,8,0.10,4,11.7700,12.2300,0.9600,10.7000,0.874898
s3p50,8,0.10,8,15.4300,18.6600,0.8300,11.7700,0.630761
s3p50,8,0.10,16,21.3100,26.1800,0.8100,19.3400,0.738732
s3p50,8,0.10,32,23.4600,32.9800,0.7100,16.7900,0.509096
s3p50,8,0.10,64,23.2700,30.7100,0.7600,14.7000,0.478671
s3p50,8,0.10,128,24.9400,31.5400,0.7900,14.5300,0.460685
s3p50,8,0.10,200,33.5700,32.9700,1.0200,19.3900,0.588110
s3p50,8,0.50,1,5.1200,8.2900,0.6200,5.3500,0.645356
s3p50,8,0.50,2,7.3200,10.3800,0.7000,6.4700,0.623314
s3p50,8,0.50,4,11.7800,14.9000,0.7900,10.7000,0.718121
s3p50,8,0.50,8,15.5300,21.4800,0.7200,11.7700,0.547952
s3p50,8,0.50,16,21.3100,29.4500,0.7200,19.3400,0.656706
s3p50,8,0.50,32,23.5800,38.1500,0.6200,16.7900,0.440105
s3p50,8,0.50,64,23.5600,37.1100,0.6300,14.7000,0.396120
s3p50,8,0.50,128,24.9500,36.0700,0.6900,14.5300,0.402828
s3p50,8,0.50,200,33.8400,37.2200,0.9100,19.3900,0.520956
s3p50,8,1.00,1,5.1200,9.8800,0.5200,5.3500,0.541498
s3p50,8,1.00,2,7.3200,12.5900,0.5800,6.4700,0.513900
s3p50,8,1.00,4,11.7800,17.4300,0.6800,10.7000,0.613884
s3p50,8,1.00,8,15.5500,24.4400,0.6400,11.7700,0.481588
s3p50,8,1.00,16,21.8000,33.6800,0.6500,19.3400,0.574228
s3p50,8,1.00,32,23.6300,43.5500,0.5400,16.7900,0.385534
s3p50,8,1.00,64,23.4100,43.0100,0.5400,14.7000,0.341781
s3p50,8,1.00,128,25.3100,41.0700,0.6200,14.5300,0.353786
s3p50,8,1.00,200,33.6700,42.0100,0.8000,19.3900,0.461557
s3p50,9,0.10,1,4.1400,6.1700,0.6700,3.9000,0.632091
s3p50,9,0.10,2,7.2600,9.4400,0.7700,5.1300,0.543432
s3p50,9,0.10,4,10.7700,12.4000,0.8700,8.5700,0.691129
s3p50,9,0.10,8,14.6600,17.2200,0.8500,11.8900,0.690476
s3p50,9,0.10,16,17.4000,21.3500,0.8100,13.5500,0.634660
s3p50,9,0.10,32,23.4400,29.6200,0.7900,14.9400,0.504389
s3p50,9,0.10,64,34.0700,41.0100,0.8300,30.3100,0.739088
s3p50,9,0.10,128,38.6200,45.3900,0.8500,30.6500,0.675259
s3p50,9,0.10,200,39.7400,46.4100,0.8600,34.5300,0.744021
s3p50,9,0.50,1,4.1400,8.5400,0.4800,3.9000,0.456674
s3p50,9,0.50,2,7.2700,12.3500,0.5900,5.1300,0.415385
s3p50,9,0.50,4,10.6200,16.2100,0.6600,8.5700,0.528686
s3p50,9,0.50,8,14.8000,21.5100,0.6900,11.8900,0.552766
s3p50,9,0.50,16,17.5500,27.3300,0.6400,13.5500,0.495792
s3p50,9,0.50,32,23.3800,39.1800,0.6000,14.9400,0.381317
s3p50,9,0.50,64,32.9100,54.3400,0.6100,30.3100,0.557784
s3p50,9,0.50,128,37.4800,55.6600,0.6700,30.6500,0.550665
s3p50,9,0.50,200,39.2500,55.0300,0.7100,34.5300,0.627476
s3p50,9,1.00,1,4.1500,10.6600,0.3900,3.9000,0.365854
s3p50,9,1.00,2,7.2800,15.0500,0.4800,5.1300,0.340864
s3p50,9,1.00,4,10.6300,19.6700,0.5400,8.5700,0.435689
s3p50,9,1.00,8,14.8700,25.5900,0.5800,11.8900,0.464635
s3p50,9,1.00,16,17.7400,33.0700,0.5400,13.5500,0.409737
s3p50,9,1.00,32,23.1600,47.5600,0.4900,14.9400,0.314130
s3p50,9,1.00,64,32.6300,65.2800,0.5000,30.3100,0.464308
s3p50,9,1.00,128,36.9200,65.7000,0.5600,30.6500,0.466514
s3p50,9,1.00,200,38.7000,62.1800,0.6200,34.5300,0.555323
s3p50,10,0.10,1,4.2900,5.2100,0.8200,4.3100,0.827255
s3p50,10,0.10,2,8.9100,7.8300,1.1400,7.9100,1.010217
s3p50,10,0.10,4,14.6400,10.9400,1.3400,12.3300,1.127057
s3p50,10,0.10,8,26.5800,14.6900,1.8100,23.6400,1.609258
s3p50,10,0.10,16,33.6600,21.2500,1.5800,30.4000,1.430588
s3p50,10,0.10,32,28.2000,28.5000,0.9900,19.9500,0.700000
s3p50,10,0.10,64,33.1400,30.3700,1.0900,24.4200,0.804083
s3p50,10,0.10,128,25.8400,31.3500,0.8200,14.1300,0.450718
s3p50,10,0.10,200,32.2300,32.1100,1.0000,21.5900,0.672376
s3p50,10,0.50,1,4.2900,7.2400,0.5900,4.3100,0.595304
s3p50,10,0.50,2,8.9100,10.4500,0.8500,7.9100,0.756938
s3p50,10,0.50,4,14.6400,14.3300,1.0200,12.3300,0.860433
s3p50,10,0.50,8,26.5000,19.1700,1.3800,23.6400,1.233177
s3p50,10,0.50,16,33.7600,28.1700,1.2000,30.4000,1.079162
s3p50,10,0.50,32,28.9400,40.3200,0.7200,19.9500,0.494792
s3p50,10,0.50,64,34.0200,45.2100,0.7500,24.4200,0.540146
s3p50,10,0.50,128,28.4400,44.5500,0.6400,14.1300,0.317172
s3p50,10,0.50,200,34.3100,41.9000,0.8200,21.5900,0.515274
s3p50,10,1.00,1,4.2900,9.0500,0.4700,4.3100,0.476243
s3p50,10,1.00,2,8.9100,12.8600,0.6900,7.9100,0.615086
s3p50,10,1.00,4,14.6500,17.5300,0.8400,12.3300,0.703366
s3p50,10,1.00,8,26.4900,23.5900,1.1200,23.6400,1.002120
s3p50,10,1.00,16,33.8100,35.0500,0.9600,30.4000,0.867332
s3p50,10,1.00,32,30.2000,51.6900,0.5800,19.9500,0.385955
s3p50,10,1.00,64,35.4800,58.7600,0.6000,24.4200,0.415589
s3p50,10,1.00,128,31.0300,55.7600,0.5600,14.1300,0.253407
s3p50,10,1.00,200,36.2600,51.0300,0.7100,21.5900,0.423084
s3p50,11,0.10,1,6.1900,6.3000,0.9800,6.3000,1.000000
s3p50,11,0.10,2,10.0400,8.5900,1.1700,7.3100,0.850990
s3p50,11,0.10,4,12.1400,11.4400,1.0600,9.9400,0.868881
s3p50,11,0.10,8,15.4900,16.0700,0.9600,11.9000,0.740510
s3p50,11,0.10,16,20.1100,22.7800,0.8800,14.0400,0.616330
s3p50,11,0.10,32,35.1800,37.9100,0.9300,24.1000,0.635716
s3p50,11,0.10,64,36.2700,48.7700,0.7400,20.5700,0.421776
s3p50,11,0.10,128,49.7200,64.9300,0.7700,29.5500,0.455105
s3p50,11,0.10,200,56.4600,77.0100,0.7300,41.7600,0.542267
s3p50,11,0.50,1,6.1900,8.0900,0.7700,6.3000,0.778739
s3p50,11,0.50,2,10.0400,10.8700,0.9200,7.3100,0.672493
s3p50,11,0.50,4,12.0800,14.4100,0.8400,9.9400,0.689799
s3p50,11,0.50,8,15.4600,19.7800,0.7800,11.9000,0.601618
s3p50,11,0.50,16,20.0900,28.0400,0.7200,14.0400,0.500713
s3p50,11,0.50,32,35.4000,45.1400,0.7800,24.1000,0.533895
s3p50,11,0.50,64,37.1800,58.5300,0.6400,20.5700,0.351444
s3p50,11,0.50,128,49.4000,73.5100,0.6700,29.5500,0.401986
s3p50,11,0.50,200,57.9400,77.5800,0.7500,41.7600,0.538283
s3p50,11,1.00,1,6.2000,9.6800,0.6400,6.3000,0.650826
s3p50,11,1.00,2,10.0400,13.0200,0.7700,7.3100,0.561444
s3p50,11,1.00,4,12.0800,17.3400,0.7000,9.9400,0.573241
s3p50,11,1.00,8,15.5900,23.5200,0.6600,11.9000,0.505952
s3p50,11,1.00,16,20.2500,33.4800,0.6000,14.0400,0.419355
s3p50,11,1.00,32,35.1400,52.5500,0.6700,24.1000,0.458611
s3p50,11,1.00,64,37.3100,65.9300,0.5700,20.5700,0.311998
s3p50,11,1.00,128,47.4300,81.7300,0.5800,29.5500,0.361556
s3p50,11,1.00,200,58.3500,86.4400,0.6800,41.7600,0.483110
s3p50,12,0.10,1,5.3600,4.2100,1.2700,5.3200,1.263658
s3p50,12,0.10,2,12.0900,6.3600,1.9000,11.3400,1.783019
s3p50,12,0.10,4,15.5000,10.1100,1.5300,13.9500,1.379822
s3p50,12,0.10,8,20.7100,15.9200,1.3000,18.3900,1.155151
s3p50,12,0.10,16,27.0100,22.1000,1.2200,24.5700,1.111765
s3p50,12,0.10,32,37.6500,31.3900,1.2000,34.6900,1.105129
s3p50,12,0.10,64,38.6600,37.0600,1.0400,31.5500,0.851322
s3p50,12,0.10,128,29.7000,35.1800,0.8400,18.3200,0.520750
s3p50,12,0.10,200,31.3400,32.8000,0.9600,18.7000,0.570122
s3p50,12,0.50,1,5.3700,6.8000,0.7900,5.3200,0.782353
s3p50,12,0.50,2,12.1000,9.8700,1.2300,11.3400,1.148936
s3p50,12,0.50,4,15.5100,14.2700,1.0900,13.9500,0.977575
s3p50,12,0.50,8,20.7300,20.8300,1.0000,18.3900,0.882861
s3p50,12,0.50,16,27.1000,28.9200,0.9400,24.5700,0.849585
s3p50,12,0.50,32,37.4800,42.6800,0.8800,34.6900,0.812793
s3p50,12,0.50,64,40.8400,48.5400,0.8400,31.5500,0.649979
s3p50,12,0.50,128,30.3400,40.5300,0.7500,18.3200,0.452011
s3p50,12,0.50,200,31.2200,37.8600,0.8200,18.7000,0.493925
s3p50,12,1.00,1,5.3800,8.9700,0.6000,5.3200,0.593088
s3p50,12,1.00,2,12.1000,12.8400,0.9400,11.3400,0.883178
s3p50,12,1.00,4,15.5200,17.9100,0.8700,13.9500,0.778894
s3p50,12,1.00,8,20.7500,25.4700,0.8100,18.3900,0.722026
s3p50,12,1.00,16,27.1600,35.9300,0.7600,24.5700,0.683830
s3p50,12,1.00,32,37.4300,52.1200,0.7200,34.6900,0.665579
s3p50,12,1.00,64,41.8200,59.6000,0.7000,31.5500,0.529362
s3p50,12,1.00,128,30.5400,47.0200,0.6500,18.3200,0.389621
s3p50,12,1.00,200,31.1400,43.9100,0.7100,18.7000,0.425871
s3p50,13,0.10,1,5.9900,6.3300,0.9500,5.8500,0.924171
s3p50,13,0.10,2,9.6100,8.8700,1.0800,7.5100,0.846674
s3p50,13,0.10,4,12.5300,12.1000,1.0400,9.2700,0.766116
s3p50,13,0.10,8,16.3600,18.8500,0.8700,13.3100,0.706101
s3p50,13,0.10,16,20.3500,23.2400,0.8800,14.6600,0.630809
s3p50,13,0.10,32,24.2900,35.2000,0.6900,15.0400,0.427273
s3p50,13,0.10,64,43.6800,56.1900,0.7800,30.3600,0.540310
s3p50,13,0.10,128,63.6200,79.0600,0.8000,46.6500,0.590058
s3p50,13,0.10,200,57.7100,68.5700,0.8400,42.9300,0.626076
s3p50,13,0.50,1,5.9900,8.0900,0.7400,5.8500,0.723115
s3p50,13,0.50,2,9.6000,11.1100,0.8600,7.5100,0.675968
s3p50,13,0.50,4,12.3800,15.0100,0.8200,9.2700,0.617588
s3p50,13,0.50,8,16.4200,22.3800,0.7300,13.3100,0.594727
s3p50,13,0.50,16,20.4100,29.2800,0.7000,14.6600,0.500683
s3p50,13,0.50,32,24.5500,45.2100,0.5400,15.0400,0.332670
s3p50,13,0.50,64,42.4100,72.9500,0.5800,30.3600,0.416175
s3p50,13,0.50,128,53.0800,90.7700,0.5800,46.6500,0.513936
s3p50,13,0.50,200,47.8100,74.6500,0.6400,42.9300,0.575084
s3p50,13,1.00,1,5.9900,9.6400,0.6200,5.8500,0.606846
s3p50,13,1.00,2,9.7400,13.1900,0.7400,7.5100,0.569371
s3p50,13,1.00,4,12.3900,17.7400,0.7000,9.2700,0.522548
s3p50,13,1.00,8,16.5000,25.9000,0.6400,13.3100,0.513900
s3p50,13,1.00,16,20.4600,34.9500,0.5900,14.6600,0.419456
s3p50,13,1.00,32,24.5100,53.3000,0.4600,15.0400,0.282176
s3p50,13,1.00,64,41.2700,82.9400,0.5000,30.3600,0.366048
s3p50,13,1.00,128,48.3500,96.5600,0.5000,46.6500,0.483119
s3p50,13,1.00,200,44.0700,80.0000,0.5500,42.9300,0.536625
s3p50,14,0.10,1,4.1100,6.2200,0.6600,3.8300,0.615756
s3p50,14,0.10,2,6.4600,7.2200,0.9000,5.6900,0.788089
s3p50,14,0.10,4,11.5100,10.7700,1.0700,9.7500,0.905292
s3p50,14,0.10,8,16.1900,16.1600,1.0000,12.0100,0.743193
s3p50,14,0.10,16,20.6400,23.3200,0.8800,16.3400,0.700686
s3p50,14,0.10,32,28.5000,32.0700,0.8900,22.5200,0.702214
s3p50,14,0.10,64,31.7500,32.8300,0.9700,20.2700,0.617423
s3p50,14,0.10,128,30.8100,35.8300,0.8600,18.4100,0.513815
s3p50,14,0.10,200,27.9400,32.9400,0.8500,14.3200,0.434730
s3p50,14,0.50,1,4.1200,8.5800,0.4800,3.8300,0.446387
s3p50,14,0.50,2,6.4600,10.4600,0.6200,5.6900,0.543977
s3p50,14,0.50,4,11.5100,14.5000,0.7900,9.7500,0.672414
s3p50,14,0.50,8,16.2100,20.7200,0.7800,12.0100,0.579633
s3p50,14,0.50,16,20.4600,31.4700,0.6500,16.3400,0.519225
s3p50,14,0.50,32,28.1100,43.6300,0.6400,22.5200,0.516159
s3p50,14,0.50,64,31.8900,41.9900,0.7600,20.2700,0.482734
s3p50,14,0.50,128,30.6100,42.7200,0.7200,18.4100,0.430946
s3p50,14,0.50,200,27.4300,38.2100,0.7200,14.3200,0.374771
s3p50,14,1.00,1,4.1200,10.6600,0.3900,3.8300,0.359287
s3p50,14,1.00,2,6.4600,13.3700,0.4800,5.6900,0.425580
s3p50,14,1.00,4,11.5200,18.0300,0.6400,9.7500,0.540765
s3p50,14,1.00,8,16.1500,25.2000,0.6400,12.0100,0.476587
s3p50,14,1.00,16,20.4300,39.0900,0.5200,16.3400,0.418010
s3p50,14,1.00,32,27.6000,53.2900,0.5200,22.5200,0.422593
s3p50,14,1.00,64,31.2200,50.4800,0.6200,20.2700,0.401545
s3p50,14,1.00,128,30.6500,49.3100,0.6200,18.4100,0.373352
s3p50,14,1.00,200,28.4000,43.2500,0.6600,14.3200,0.331098
s3p50,15,0.10,1,3.4400,5.5800,0.6200,3.1500,0.564516
s3p50,15,0.10,2,5.3400,7.6200,0.7000,4.0400,0.530184
s3p50,15,0.10,4,9.0400,11.6000,0.7800,7.8700,0.678448
s3p50,15,0.10,8,12.7300,14.5200,0.8800,9.5300,0.656336
s3p50,15,0.10,16,16.9700,19.1300,0.8900,13.6900,0.715630
s3p50,15,0.10,32,22.8800,23.1700,0.9900,15.2000,0.656021
s3p50,15,0.10,64,25.7300,26.8800,0.9600,15.4300,0.574033
s3p50,15,0.10,128,25.7200,29.7600,0.8600,12.8700,0.432460
s3p50,15,0.10,200,27.9900,33.7600,0.8300,16.7700,0.496742
s3p50,15,0.50,1,3.4400,8.5200,0.4000,3.1500,0.369718
s3p50,15,0.50,2,5.3600,11.4300,0.4700,4.0400,0.353456
s3p50,15,0.50,4,9.0500,15.9600,0.5700,7.8700,0.493108
s3p50,15,0.50,8,12.8700,19.8600,0.6500,9.5300,0.479859
s3p50,15,0.50,16,17.2200,27.6600,0.6200,13.6900,0.494939
s3p50,15,0.50,32,23.2700,32.5900,0.7100,15.2000,0.466401
s3p50,15,0.50,64,26.4500,34.0600,0.7800,15.4300,0.453024
s3p50,15,0.50,128,25.6500,34.7100,0.7400,12.8700,0.370787
s3p50,15,0.50,200,27.7600,38.7700,0.7200,16.7700,0.432551
s3p50,15,1.00,1,3.4400,11.0600,0.3100,3.1500,0.284810
s3p50,15,1.00,2,5.5000,14.8200,0.3700,4.0400,0.272605
s3p50,15,1.00,4,8.9700,20.0300,0.4500,7.8700,0.392911
s3p50,15,1.00,8,12.9600,25.0400,0.5200,9.5300,0.380591
s3p50,15,1.00,16,17.3100,35.2100,0.4900,13.6900,0.388810
s3p50,15,1.00,32,23.6700,41.1700,0.5800,15.2000,0.369201
s3p50,15,1.00,64,26.7200,41.3900,0.6500,15.4300,0.372795
s3p50,15,1.00,128,25.8700,39.0600,0.6600,12.8700,0.329493
s3p50,15,1.00,200,27.8900,43.2400,0.6400,16.7700,0.387835
s3p50,16,0.10,1,5.7300,8.2300,0.7000,5.5700,0.676792
s3p50,16,0.10,2,11.0200,11.5200,0.9600,10.4300,0.905382
s3p50,16,0.10,4,11.7200,16.2000,0.7200,8.4000,0.518519
s3p50,16,0.10,8,16.5300,20.7400,0.8000,10.6700,0.514465
s3p50,16,0.10,16,18.9600,25.7700,0.7400,12.6200,0.489717
s3p50,16,0.10,32,22.8900,28.2700,0.8100,17.6300,0.623629
s3p50,16,0.10,64,27.4700,25.5900,1.0700,19.2000,0.750293
s3p50,16,0.10,128,29.5200,30.6800,0.9600,18.6900,0.609192
s3p50,16,0.10,200,28.8300,33.5800,0.8600,12.5300,0.373139
s3p50,16,0.50,1,5.7400,10.5200,0.5500,5.5700,0.529468
s3p50,16,0.50,2,11.0200,14.2200,0.7800,10.4300,0.733474
s3p50,16,0.50,4,11.7200,19.3600,0.6100,8.4000,0.433884
s3p50,16,0.50,8,16.5400,24.3700,0.6800,10.6700,0.437833
s3p50,16,0.50,16,18.7000,31.0700,0.6000,12.6200,0.406180
s3p50,16,0.50,32,22.9100,35.2000,0.6500,17.6300,0.500852
s3p50,16,0.50,64,27.5200,32.6800,0.8400,19.2000,0.587515
s3p50,16,0.50,128,30.0600,36.3800,0.8300,18.6900,0.513744
s3p50,16,0.50,200,28.5600,39.0900,0.7300,12.5300,0.320542
s3p50,16,1.00,1,5.7400,12.5300,0.4600,5.5700,0.444533
s3p50,16,1.00,2,11.0300,16.8100,0.6600,10.4300,0.620464
s3p50,16,1.00,4,11.7600,22.3800,0.5300,8.4000,0.375335
s3p50,16,1.00,8,16.4700,28.0300,0.5900,10.6700,0.380664
s3p50,16,1.00,16,18.3800,36.7400,0.5000,12.6200,0.343495
s3p50,16,1.00,32,22.9500,42.5800,0.5400,17.6300,0.414044
s3p50,16,1.00,64,28.1300,40.7400,0.6900,19.2000,0.471281
s3p50,16,1.00,128,30.0500,41.8500,0.7200,18.6900,0.446595
s3p50,16,1.00,200,27.8600,44.2500,0.6300,12.5300,0.283164
s3p50,17,0.10,1,5.1800,5.5900,0.9300,4.6900,0.838998
s3p50,17,0.10,2,7.7500,7.7200,1.0000,5.5400,0.717617
s3p50,17,0.10,4,11.6900,12.6300,0.9300,6.5500,0.518606
s3p50,17,0.10,8,15.5300,17.6800,0.8800,11.6900,0.661199
s3p50,17,0.10,16,28.3000,24.7700,1.1400,24.2300,0.978199
s3p50,17,0.10,32,34.4500,37.5500,0.9200,28.2700,0.752863
s3p50,17,0.10,64,42.8500,58.9000,0.7300,29.3200,0.497793
s3p50,17,0.10,128,43.6300,69.2000,0.6300,24.2000,0.349711
s3p50,17,0.10,200,39.1600,62.0000,0.6300,17.7500,0.286290
s3p50,17,0.50,1,5.1900,7.7200,0.6700,4.6900,0.607513
s3p50,17,0.50,2,7.7600,10.5900,0.7300,5.5400,0.523135
s3p50,17,0.50,4,11.8700,15.5600,0.7600,6.5500,0.420951
s3p50,17,0.50,8,15.7300,21.5000,0.7300,11.6900,0.543721
s3p50,17,0.50,16,28.4100,30.9700,0.9200,24.2300,0.782370
s3p50,17,0.50,32,34.3900,48.9600,0.7000,28.2700,0.577410
s3p50,17,0.50,64,41.9800,72.1400,0.5800,29.3200,0.406432
s3p50,17,0.50,128,43.1500,81.1300,0.5300,24.2000,0.298287
s3p50,17,0.50,200,45.9000,85.3100,0.5400,17.7500,0.208065
s3p50,17,1.00,1,5.1900,9.6400,0.5400,4.6900,0.486515
s3p50,17,1.00,2,7.7700,13.2200,0.5900,5.5400,0.419062
s3p50,17,1.00,4,11.8800,18.6000,0.6400,6.5500,0.352151
s3p50,17,1.00,8,15.6800,25.8100,0.6100,11.6900,0.452925
s3p50,17,1.00,16,28.1100,37.7700,0.7400,24.2300,0.641514
s3p50,17,1.00,32,33.8800,59.8500,0.5700,28.2700,0.472348
s3p50,17,1.00,64,39.9100,81.7500,0.4900,29.3200,0.358654
s3p50,17,1.00,128,42.8800,93.2400,0.4600,24.2000,0.259545
s3p50,17,1.00,200,48.7400,107.8500,0.4500,17.7500,0.164580
s3p50,18,0.10,1,7.3300,7.2400,1.0100,7.6400,1.055249
s3p50,18,0.10,2,9.9600,8.2300,1.2100,8.5500,1.038882
s3p50,18,0.10,4,13.2200,12.5200,1.0600,9.0500,0.722843
s3p50,18,0.10,8,19.0800,16.5100,1.1600,15.9800,0.967898
s3p50,18,0.10,16,29.5800,26.1900,1.1300,26.0200,0.993509
s3p50,18,0.10,32,53.2900,56.2600,0.9500,40.7000,0.723427
s3p50,18,0.10,64,196.1300,138.4200,1.4200,177.4800,1.282185
s3p50,18,0.10,128,370.5000,281.5600,1.3200,292.7000,1.039565
s3p50,18,0.10,200,449.5600,415.7400,1.0800,290.2700,0.698201
s3p50,18,0.50,1,7.3300,9.0000,0.8100,7.6400,0.848889
s3p50,18,0.50,2,9.9600,10.8100,0.9200,8.5500,0.790934
s3p50,18,0.50,4,13.2300,15.7400,0.8400,9.0500,0.574968
s3p50,18,0.50,8,19.2000,21.1500,0.9100,15.9800,0.755556
s3p50,18,0.50,16,29.6300,34.0900,0.8700,26.0200,0.763274
s3p50,18,0.50,32,51.7300,70.2000,0.7400,40.7000,0.579772
s3p50,18,0.50,64,164.8000,192.1700,0.8600,177.4800,0.923557
s3p50,18,0.50,128,435.2000,486.7000,0.8900,292.7000,0.601397
s3p50,18,0.50,200,502.6200,488.9400,1.0300,290.2700,0.593672
s3p50,18,1.00,1,7.3300,10.5400,0.7000,7.6400,0.724858
s3p50,18,1.00,2,9.9500,13.1400,0.7600,8.5500,0.650685
s3p50,18,1.00,4,13.1600,18.7800,0.7000,9.0500,0.481896
s3p50,18,1.00,8,19.1000,25.6700,0.7400,15.9800,0.622517
s3p50,18,1.00,16,29.6000,41.6600,0.7100,26.0200,0.624580
s3p50,18,1.00,32,49.9000,83.1100,0.6000,40.7000,0.489712
s3p50,18,1.00,64,142.8400,226.7400,0.6300,177.4800,0.782747
s3p50,18,1.00,128,366.8400,483.7200,0.7600,292.7000,0.605102
s3p50,18,1.00,200,428.3900,539.4100,0.7900,290.2700,0.538125
s3p50,19,0.10,1,7.3600,8.9000,0.8300,6.8500,0.769663
s3p50,19,0.10,2,8.7600,11.4400,0.7700,7.5000,0.655594
s3p50,19,0.10,4,10.7400,14.5000,0.7400,8.1600,0.562759
s3p50,19,0.10,8,15.3500,22.7800,0.6700,11.9400,0.524144
s3p50,19,0.10,16,18.2800,29.9400,0.6100,13.7000,0.457582
s3p50,19,0.10,32,28.7300,44.6300,0.6400,20.7300,0.464486
s3p50,19,0.10,64,26.9000,40.4300,0.6700,15.9100,0.393520
s3p50,19,0.10,128,21.8900,36.4400,0.6000,11.9800,0.328760
s3p50,19,0.10,200,25.1600,27.4900,0.9200,14.0000,0.509276
s3p50,19,0.50,1,7.3600,12.3400,0.6000,6.8500,0.555105
s3p50,19,0.50,2,8.7600,16.0600,0.5500,7.5000,0.466999
s3p50,19,0.50,4,10.7300,20.0600,0.5300,8.1600,0.406780
s3p50,19,0.50,8,15.3300,29.8300,0.5100,11.9400,0.400268
s3p50,19,0.50,16,18.4800,39.6200,0.4700,13.7000,0.345785
s3p50,19,0.50,32,27.7400,57.3700,0.4800,20.7300,0.361339
s3p50,19,0.50,64,27.4000,46.9400,0.5800,15.9100,0.338943
s3p50,19,0.50,128,22.6600,41.3800,0.5500,11.9800,0.289512
s3p50,19,0.50,200,25.5200,32.7000,0.7800,14.0000,0.428135
s3p50,19,1.00,1,7.3700,15.2200,0.4800,6.8500,0.450066
s3p50,19,1.00,2,8.7700,20.0800,0.4400,7.5000,0.373506
s3p50,19,1.00,4,10.7400,25.0900,0.4300,8.1600,0.325229
s3p50,19,1.00,8,15.0300,35.8400,0.4200,11.9400,0.333147
s3p50,19,1.00,16,18.3700,48.2600,0.3800,13.7000,0.283879
s3p50,19,1.00,32,27.8700,67.6200,0.4100,20.7300,0.306566
s3p50,19,1.00,64,28.1900,54.8700,0.5100,15.9100,0.289958
s3p50,19,1.00,128,23.1500,46.7300,0.5000,11.9800,0.256366
s3p50,19,1.00,200,25.8500,38.3200,0.6700,14.0000,0.365344
s3p75,0,0.10,1,7.7500,5.4700,1.4200,7.4400,1.360146
s3p75,0,0.10,2,12.6200,6.3500,1.9900,12.3200,1.940157
s3p75,0,0.10,4,14.5800,9.3500,1.5600,13.7000,1.465241
s3p75,0,0.10,8,18.7400,14.5400,1.2900,17.7700,1.222146
s3p75,0,0.10,16,24.8200,22.8900,1.0800,23.4800,1.025775
s3p75,0,0.10,32,34.2000,33.2400,1.0300,31.7200,0.954272
s3p75,0,0.10,64,37.4100,39.9500,0.9400,31.3500,0.784731
s3p75,0,0.10,128,46.0900,41.1200,1.1200,32.1100,0.780885
s3p75,0,0.10,200,30.8100,26.3600,1.1700,27.2200,1.032625
s3p75,0,0.50,1,7.7500,8.0600,0.9600,7.4400,0.923077
s3p75,0,0.50,2,12.6200,9.8400,1.2800,12.3200,1.252033
s3p75,0,0.50,4,14.7300,13.5100,1.0900,13.7000,1.014064
s3p75,0,0.50,8,18.8700,20.1500,0.9400,17.7700,0.881886
s3p75,0,0.50,16,24.7700,31.1000,0.8000,23.4800,0.754984
s3p75,0,0.50,32,34.0400,44.6800,0.7600,31.7200,0.709937
s3p75,0,0.50,64,36.4100,50.3100,0.7200,31.3500,0.623137
s3p75,0,0.50,128,42.5400,47.7300,0.8900,32.1100,0.672743
s3p75,0,0.50,200,28.7100,29.7100,0.9700,27.2200,0.916190
s3p75,0,1.00,1,7.7500,10.1700,0.7600,7.4400,0.731563
s3p75,0,1.00,2,12.6200,12.7400,0.9900,12.3200,0.967033
s3p75,0,1.00,4,14.7300,17.0400,0.8600,13.7000,0.803991
s3p75,0,1.00,8,18.9400,24.9700,0.7600,17.7700,0.711654
s3p75,0,1.00,16,24.6800,38.2300,0.6500,23.4800,0.614177
s3p75,0,1.00,32,34.1300,53.7800,0.6300,31.7200,0.589810
s3p75,0,1.00,64,37.0100,59.4600,0.6200,31.3500,0.527245
s3p75,0,1.00,128,40.7600,53.0500,0.7700,32.1100,0.605278
s3p75,0,1.00,200,29.0100,33.0200,0.8800,27.2200,0.824349
s3p75,1,0.10,1,4.2300,13.9300,0.3000,4.3900,0.315147
s3p75,1,0.10,2,5.6400,16.6100,0.3400,4.5000,0.270921
s3p75,1,0.10,4,7.3800,20.1500,0.3700,5.6400,0.279901
s3p75,1,0.10,8,11.5300,21.1100,0.5500,9.3800,0.444339
s3p75,1,0.10,16,16.0800,27.8400,0.5800,11.8000,0.423851
s3p75,1,0.10,32,38.1900,49.1800,0.7800,24.8300,0.504880
s3p75,1,0.10,64,167.0500,239.3600,0.7000,109.9700,0.459433
s3p75,1,0.10,128,294.8400,304.4500,0.9700,60.3700,0.198292
s3p75,1,0.10,200,304.4500,281.4900,1.0800,73.9700,0.262780
s3p75,1,0.50,1,4.2300,17.0300,0.2500,4.3900,0.257780
s3p75,1,0.50,2,5.2600,20.5400,0.2600,4.5000,0.219085
s3p75,1,0.50,4,7.3100,25.2800,0.2900,5.6400,0.223101
s3p75,1,0.50,8,11.2500,29.2200,0.3900,9.3800,0.321013
s3p75,1,0.50,16,16.1500,41.1200,0.3900,11.8000,0.286965
s3p75,1,0.50,32,38.7000,73.4500,0.5300,24.8300,0.338053
s3p75,1,0.50,64,156.3600,307.1000,0.5100,109.9700,0.358092
s3p75,1,0.50,128,263.8800,371.2100,0.7100,60.3700,0.162630
s3p75,1,0.50,200,291.1900,348.0800,0.8400,73.9700,0.212509
s3p75,1,1.00,1,4.2400,19.8000,0.2100,4.3900,0.221717
s3p75,1,1.00,2,5.6500,24.2600,0.2300,4.5000,0.185491
s3p75,1,1.00,4,7.2900,30.1100,0.2400,5.6400,0.187313
s3p75,1,1.00,8,11.0900,36.6900,0.3000,9.3800,0.255655
s3p75,1,1.00,16,16.2500,53.0800,0.3100,11.8000,0.222306
s3p75,1,1.00,32,38.4500,94.5400,0.4100,24.8300,0.262640
s3p75,1,1.00,64,143.0900,319.4500,0.4500,109.9700,0.344248
s3p75,1,1.00,128,234.6900,344.4000,0.6800,60.3700,0.175290
s3p75,1,1.00,200,250.8700,343.9600,0.7300,73.9700,0.215054
s3p75,2,0.10,1,7.2600,5.2300,1.3900,7.5000,1.434034
s3p75,2,0.10,2,9.4300,6.5200,1.4500,8.5200,1.306748
s3p75,2,0.10,4,12.5100,8.6000,1.4500,10.1900,1.184884
s3p75,2,0.10,8,24.8800,12.7100,1.9600,23.0000,1.809599
s3p75,2,0.10,16,23.5800,18.9100,1.2500,21.2300,1.122686
s3p75,2,0.10,32,36.6500,19.7800,1.8500,33.4500,1.691102
s3p75,2,0.10,64,36.3600,23.9800,1.5200,29.8500,1.244787
s3p75,2,0.10,128,25.9000,21.9300,1.1800,20.1600,0.919289
s3p75,2,0.10,200,37.6700,19.1900,1.9600,32.4300,1.689943
s3p75,2,0.50,1,7.2600,7.2900,1.0000,7.5000,1.028807
s3p75,2,0.50,2,9.4300,9.0300,1.0400,8.5200,0.943522
s3p75,2,0.50,4,12.5600,11.7600,1.0700,10.1900,0.866497
s3p75,2,0.50,8,25.0400,16.1700,1.5500,23.0000,1.422387
s3p75,2,0.50,16,23.8200,22.7800,1.0500,21.2300,0.931958
s3p75,2,0.50,32,36.9100,24.0800,1.5300,33.4500,1.389120
s3p75,2,0.50,64,35.7500,28.2000,1.2700,29.8500,1.058511
s3p75,2,0.50,128,25.6800,24.7400,1.0400,20.1600,0.814875
s3p75,2,0.50,200,37.4400,22.2700,1.6800,32.4300,1.456219
s3p75,2,1.00,1,7.2600,9.0500,0.8000,7.5000,0.828729
s3p75,2,1.00,2,9.4300,11.2500,0.8400,8.5200,0.757333
s3p75,2,1.00,4,12.5800,14.5100,0.8700,10.1900,0.702274
s3p75,2,1.00,8,25.0400,19.4200,1.2900,23.0000,1.184346
s3p75,2,1.00,16,23.8300,26.5800,0.9000,21.2300,0.798721
s3p75,2,1.00,32,37.0100,28.3900,1.3000,33.4500,1.178232
s3p75,2,1.00,64,35.1500,32.7400,1.0700,29.8500,0.911729
s3p75,2,1.00,128,25.8900,27.8300,0.9300,20.1600,0.724398
s3p75,2,1.00,200,37.6700,25.1400,1.5000,32.4300,1.289976
s3p75,3,0.10,1,6.3500,4.0200,1.5800,6.1100,1.519900
s3p75,3,0.10,2,7.9600,5.3000,1.5000,6.9400,1.309434
s3p75,3,0.10,4,13.7000,8.2000,1.6700,12.9400,1.578049
s3p75,3,0.10,8,18.2800,11.4500,1.6000,17.1900,1.501310
s3p75,3,0.10,16,22.6300,15.2500,1.4800,20.5500,1.347541
s3p75,3,0.10,32,29.0100,17.2400,1.6800,24.9200,1.445476
s3p75,3,0.10,64,35.8300,18.4200,1.9400,29.5000,1.601520
s3p75,3,0.10,128,32.7300,21.0500,1.5500,24.7300,1.174822
s3p75,3,0.10,200,28.8200,20.6500,1.4000,25.4700,1.233414
s3p75,3,0.50,1,6.3500,5.9600,1.0600,6.1100,1.025168
s3p75,3,0.50,2,7.9600,7.9300,1.0000,6.9400,0.875158
s3p75,3,0.50,4,13.7000,11.1700,1.2300,12.9400,1.158460
s3p75,3,0.50,8,18.2800,14.9200,1.2200,17.1900,1.152145
s3p75,3,0.50,16,22.4800,20.2800,1.1100,20.5500,1.013314
s3p75,3,0.50,32,29.1400,22.8200,1.2800,24.9200,1.092025
s3p75,3,0.50,64,35.9300,21.7500,1.6500,29.5000,1.356322
s3p75,3,0.50,128,32.6900,24.4600,1.3400,24.7300,1.011038
s3p75,3,0.50,200,28.9700,23.4800,1.2300,25.4700,1.084753
s3p75,3,1.00,1,6.3500,7.5600,0.8400,6.1100,0.808201
s3p75,3,1.00,2,7.9600,10.1300,0.7900,6.9400,0.685094
s3p75,3,1.00,4,13.7000,13.8100,0.9900,12.9400,0.937002
s3p75,3,1.00,8,18.2800,18.2300,1.0000,17.1900,0.942951
s3p75,3,1.00,16,22.4200,24.8200,0.9000,20.5500,0.827961
s3p75,3,1.00,32,29.2200,28.1500,1.0400,24.9200,0.885258
s3p75,3,1.00,64,35.9300,25.1900,1.4300,29.5000,1.171100
s3p75,3,1.00,128,32.5300,27.8500,1.1700,24.7300,0.887971
s3p75,3,1.00,200,29.1400,26.6000,1.1000,25.4700,0.957519
s3p75,4,0.10,1,7.4300,7.1200,1.0400,7.2600,1.019663
s3p75,4,0.10,2,10.8600,7.9300,1.3700,10.7100,1.350567
s3p75,4,0.10,4,13.2300,10.2200,1.2900,12.6600,1.238748
s3p75,4,0.10,8,17.6700,12.7100,1.3900,16.7600,1.318647
s3p75,4,0.10,16,23.0400,17.6800,1.3000,22.0900,1.249434
s3p75,4,0.10,32,26.4300,21.7300,1.2200,24.8000,1.141279
s3p75,4,0.10,64,36.5100,23.5900,1.5500,32.0600,1.359050
s3p75,4,0.10,128,28.5400,24.6800,1.1600,21.7200,0.880065
s3p75,4,0.10,200,24.9400,23.1100,1.0800,18.6500,0.807010
s3p75,4,0.50,1,7.4300,10.3000,0.7200,7.2600,0.704854
s3p75,4,0.50,2,10.8600,12.0600,0.9000,10.7100,0.888060
s3p75,4,0.50,4,13.2400,14.8600,0.8900,12.6600,0.851952
s3p75,4,0.50,8,17.6700,17.9500,0.9800,16.7600,0.933705
s3p75,4,0.50,16,23.0100,24.0900,0.9600,22.0900,0.916978
s3p75,4,0.50,32,26.3800,29.9700,0.8800,24.8000,0.827494
s3p75,4,0.50,64,36.2000,29.9400,1.2100,32.0600,1.070808
s3p75,4,0.50,128,28.6000,27.6000,1.0400,21.7200,0.786957
s3p75,4,0.50,200,24.9400,25.8800,0.9600,18.6500,0.720634
s3p75,4,1.00,1,7.4300,12.9700,0.5700,7.2600,0.559753
s3p75,4,1.00,2,10.8700,15.5800,0.7000,10.7100,0.687420
s3p75,4,1.00,4,13.2400,19.0500,0.7000,12.6600,0.664567
s3p75,4,1.00,8,17.7200,22.5500,0.7900,16.7600,0.743237
s3p75,4,1.00,16,23.1400,30.1400,0.7700,22.0900,0.732913
s3p75,4,1.00,32,26.3000,37.2400,0.7100,24.8000,0.665951
s3p75,4,1.00,64,36.1800,35.8600,1.0100,32.0600,0.894032
s3p75,4,1.00,128,28.7000,30.5800,0.9400,21.7200,0.710268
s3p75,4,1.00,200,24.6200,29.0300,0.8500,18.6500,0.642439
s3p75,5,0.10,1,8.6400,7.7900,1.1100,8.2600,1.060334
s3p75,5,0.10,2,13.3000,8.5200,1.5600,12.9900,1.524648
s3p75,5,0.10,4,19.4300,13.8900,1.4000,18.7900,1.352772
s3p75,5,0.10,8,23.0300,18.7400,1.2300,22.6400,1.208111
s3p75,5,0.10,16,29.7900,26.3200,1.1300,27.2900,1.036854
s3p75,5,0.10,32,43.3700,40.3300,1.0800,40.3200,0.999752
s3p75,5,0.10,64,66.1700,60.1400,1.1000,55.1400,0.916861
s3p75,5,0.10,128,71.2300,61.6600,1.1600,48.9000,0.793059
s3p75,5,0.10,200,71.8500,59.0900,1.2200,46.1100,0.780335
s3p75,5,0.50,1,8.6500,10.3900,0.8300,8.2600,0.794995
s3p75,5,0.50,2,13.3100,12.0300,1.1100,12.9900,1.079800
s3p75,5,0.50,4,19.4700,17.4000,1.1200,18.7900,1.079885
s3p75,5,0.50,8,23.3500,22.6900,1.0300,22.6400,0.997796
s3p75,5,0.50,16,29.9100,33.0400,0.9100,27.2900,0.825969
s3p75,5,0.50,32,42.4700,54.5900,0.7800,40.3200,0.738597
s3p75,5,0.50,64,65.5900,83.2200,0.7900,55.1400,0.662581
s3p75,5,0.50,128,78.4100,86.5800,0.9100,48.9000,0.564796
s3p75,5,0.50,200,73.7600,84.5600,0.8700,46.1100,0.545293
s3p75,5,1.00,1,8.6500,12.5500,0.6900,8.2600,0.658167
s3p75,5,1.00,2,13.3200,15.0000,0.8900,12.9900,0.866000
s3p75,5,1.00,4,19.4700,20.7900,0.9400,18.7900,0.903800
s3p75,5,1.00,8,23.4500,27.0300,0.8700,22.6400,0.837588
s3p75,5,1.00,16,29.7200,39.7800,0.7500,27.2900,0.686023
s3p75,5,1.00,32,41.6500,66.6400,0.6300,40.3200,0.605042
s3p75,5,1.00,64,61.1200,94.2400,0.6500,55.1400,0.585102
s3p75,5,1.00,128,75.5700,103.5000,0.7300,48.9000,0.472464
s3p75,5,1.00,200,75.7500,101.0000,0.7500,46.1100,0.456535
s3p75,6,0.10,1,7.0400,6.5900,1.0700,6.9100,1.048558
s3p75,6,0.10,2,10.0400,7.6600,1.3100,9.2000,1.201044
s3p75,6,0.10,4,13.1200,11.1800,1.1700,12.7800,1.143113
s3p75,6,0.10,8,19.7400,14.9300,1.3200,18.6100,1.246484
s3p75,6,0.10,16,29.0200,20.2200,1.4400,27.0000,1.335312
s3p75,6,0.10,32,44.0200,34.7400,1.2700,41.4200,1.192286
s3p75,6,0.10,64,76.9100,55.5700,1.3800,71.0700,1.278927
s3p75,6,0.10,128,37.1300,37.2800,1.0000,34.6200,0.928648
s3p75,6,0.10,200,28.2500,27.0200,1.0500,21.1700,0.783494
s3p75,6,0.50,1,7.0400,9.5100,0.7400,6.9100,0.726604
s3p75,6,0.50,2,10.0300,11.3400,0.8800,9.2000,0.811287
s3p75,6,0.50,4,13.2000,15.2800,0.8600,12.7800,0.836387
s3p75,6,0.50,8,19.7000,19.9800,0.9900,18.6100,0.931431
s3p75,6,0.50,16,28.9000,28.0200,1.0300,27.0000,0.963597
s3p75,6,0.50,32,43.2000,46.6000,0.9300,41.4200,0.888841
s3p75,6,0.50,64,77.9600,71.4800,1.0900,71.0700,0.994264
s3p75,6,0.50,128,40.1000,44.9300,0.8900,34.6200,0.770532
s3p75,6,0.50,200,28.5000,31.0600,0.9200,21.1700,0.681584
s3p75,6,1.00,1,7.0400,12.0100,0.5900,6.9100,0.575354
s3p75,6,1.00,2,10.0300,14.6000,0.6900,9.2000,0.630137
s3p75,6,1.00,4,13.1000,19.2400,0.6800,12.7800,0.664241
s3p75,6,1.00,8,19.7600,24.9600,0.7900,18.6100,0.745593
s3p75,6,1.00,16,28.8100,35.1500,0.8200,27.0000,0.768137
s3p75,6,1.00,32,42.7100,57.7800,0.7400,41.4200,0.716857
s3p75,6,1.00,64,81.2600,86.4500,0.9400,71.0700,0.822094
s3p75,6,1.00,128,53.7000,57.3800,0.9400,34.6200,0.603346
s3p75,6,1.00,200,43.6000,38.0600,1.1500,21.1700,0.556227
s3p75,7,0.10,1,7.1500,6.2500,1.1400,7.4500,1.192000
s3p75,7,0.10,2,11.2000,7.6600,1.4600,11.1900,1.460836
s3p75,7,0.10,4,14.8300,13.8400,1.0700,14.7300,1.064306
s3p75,7,0.10,8,19.9300,18.2600,1.0900,18.6900,1.023549
s3p75,7,0.10,16,20.7100,27.5000,0.7500,17.8000,0.647273
s3p75,7,0.10,32,46.0200,33.8300,1.3600,42.6400,1.260420
s3p75,7,0.10,64,30.2800,33.4300,0.9100,26.3300,0.787616
s3p75,7,0.10,128,26.7800,24.3000,1.1000,21.3400,0.878189
s3p75,7,0.10,200,26.0200,21.8700,1.1900,19.0400,0.870599
s3p75,7,0.50,1,7.1500,9.8600,0.7300,7.4500,0.755578
s3p75,7,0.50,2,11.2000,12.1600,0.9200,11.1900,0.920230
s3p75,7,0.50,4,14.8300,18.3200,0.8100,14.7300,0.804039
s3p75,7,0.50,8,19.8300,23.9100,0.8300,18.6900,0.781681
s3p75,7,0.50,16,20.5600,34.6600,0.5900,17.8000,0.513560
s3p75,7,0.50,32,46.3700,43.2400,1.0700,42.6400,0.986124
s3p75,7,0.50,64,30.9300,39.7800,0.7800,26.3300,0.661890
s3p75,7,0.50,128,26.7000,27.3600,0.9800,21.3400,0.779971
s3p75,7,0.50,200,25.9500,24.9000,1.0400,19.0400,0.764659
s3p75,7,1.00,1,7.1500,12.9000,0.5500,7.4500,0.577519
s3p75,7,1.00,2,11.2000,15.9400,0.7000,11.1900,0.702008
s3p75,7,1.00,4,14.8500,22.3700,0.6600,14.7300,0.658471
s3p75,7,1.00,8,19.8200,29.0900,0.6800,18.6900,0.642489
s3p75,7,1.00,16,21.0200,42.0000,0.5000,17.8000,0.423810
s3p75,7,1.00,32,45.9400,51.9000,0.8900,42.6400,0.821580
s3p75,7,1.00,64,31.0200,46.0500,0.6700,26.3300,0.571770
s3p75,7,1.00,128,26.5100,30.8100,0.8600,21.3400,0.692632
s3p75,7,1.00,200,25.8300,27.9600,0.9200,19.0400,0.680973
s3p75,8,0.10,1,5.3200,3.8600,1.3800,5.4800,1.419689
s3p75,8,0.10,2,7.6900,4.5500,1.6900,7.2300,1.589011
s3p75,8,0.10,4,13.1800,8.0400,1.6400,12.1100,1.506219
s3p75,8,0.10,8,14.8700,10.5300,1.4100,13.6700,1.298196
s3p75,8,0.10,16,22.8700,16.1300,1.4200,21.1300,1.309981
s3p75,8,0.10,32,23.1500,20.0600,1.1500,19.4500,0.969591
s3p75,8,0.10,64,29.2600,24.3200,1.2000,21.2800,0.875000
s3p75,8,0.10,128,27.6800,23.7100,1.1700,21.4100,0.902995
s3p75,8,0.10,200,24.8100,23.6300,1.0500,20.6200,0.872620
s3p75,8,0.50,1,5.3200,5.9600,0.8900,5.4800,0.919463
s3p75,8,0.50,2,7.6900,7.4600,1.0300,7.2300,0.969169
s3p75,8,0.50,4,13.1800,11.1900,1.1800,12.1100,1.082216
s3p75,8,0.50,8,14.8800,14.1700,1.0500,13.6700,0.964714
s3p75,8,0.50,16,22.8200,20.0600,1.1400,21.1300,1.053340
s3p75,8,0.50,32,23.1800,24.5600,0.9400,19.4500,0.791938
s3p75,8,0.50,64,29.1500,28.6300,1.0200,21.2800,0.743276
s3p75,8,0.50,128,27.8200,26.5300,1.0500,21.4100,0.807011
s3p75,8,0.50,200,24.6300,26.0100,0.9500,20.6200,0.792772
s3p75,8,1.00,1,5.3200,7.7400,0.6900,5.4800,0.708010
s3p75,8,1.00,2,7.6900,9.9100,0.7800,7.2300,0.729566
s3p75,8,1.00,4,13.1800,14.0200,0.9400,12.1100,0.863766
s3p75,8,1.00,8,14.9000,17.6100,0.8500,13.6700,0.776263
s3p75,8,1.00,16,22.9700,24.0600,0.9500,21.1300,0.878221
s3p75,8,1.00,32,23.1900,28.8800,0.8000,19.4500,0.673476
s3p75,8,1.00,64,28.6700,32.6300,0.8800,21.2800,0.652161
s3p75,8,1.00,128,27.7000,29.3900,0.9400,21.4100,0.728479
s3p75,8,1.00,200,24.7700,28.9700,0.8600,20.6200,0.711771
s3p75,9,0.10,1,5.6400,5.7800,0.9800,5.2600,0.910035
s3p75,9,0.10,2,10.1000,7.1100,1.4200,9.6900,1.362869
s3p75,9,0.10,4,14.1400,10.5500,1.3400,13.2600,1.256872
s3p75,9,0.10,8,22.7200,13.8700,1.6400,21.2100,1.529200
s3p75,9,0.10,16,29.1100,15.9400,1.8300,26.6200,1.670013
s3p75,9,0.10,32,29.3100,19.7700,1.4800,26.9800,1.364694
s3p75,9,0.10,64,46.7100,25.2600,1.8500,41.0000,1.623120
s3p75,9,0.10,128,33.3100,28.8300,1.1600,27.6700,0.959764
s3p75,9,0.10,200,37.3000,21.9800,1.7000,32.8900,1.496360
s3p75,9,0.50,1,5.6700,9.0500,0.6300,5.2600,0.581215
s3p75,9,0.50,2,10.0600,11.3700,0.8900,9.6900,0.852243
s3p75,9,0.50,4,14.2200,15.2900,0.9300,13.2600,0.867233
s3p75,9,0.50,8,22.8400,19.6100,1.1600,21.2100,1.081591
s3p75,9,0.50,16,29.1400,23.9600,1.2200,26.6200,1.111018
s3p75,9,0.50,32,29.5900,28.9000,1.0200,26.9800,0.933564
s3p75,9,0.50,64,46.9300,34.2600,1.3700,41.0000,1.196731
s3p75,9,0.50,128,33.8300,35.3100,0.9600,27.6700,0.783631
s3p75,9,0.50,200,37.4400,26.2400,1.4300,32.8900,1.253430
s3p75,9,1.00,1,5.7000,11.8000,0.4800,5.2600,0.445763
s3p75,9,1.00,2,10.0700,15.0200,0.6700,9.6900,0.645140
s3p75,9,1.00,4,14.2400,19.5000,0.7300,13.2600,0.680000
s3p75,9,1.00,8,22.8300,24.8200,0.9200,21.2100,0.854553
s3p75,9,1.00,16,29.0500,31.0000,0.9400,26.6200,0.858710
s3p75,9,1.00,32,29.9600,36.9400,0.8100,26.9800,0.730374
s3p75,9,1.00,64,47.1700,42.3100,1.1100,41.0000,0.969038
s3p75,9,1.00,128,33.8900,41.0900,0.8200,27.6700,0.673400
s3p75,9,1.00,200,37.3200,30.2000,1.2400,32.8900,1.089073
s3p75,10,0.10,1,5.8900,5.8400,1.0100,6.1300,1.049658
s3p75,10,0.10,2,9.5800,7.5200,1.2700,8.4000,1.117021
s3p75,10,0.10,4,17.2100,10.7900,1.5900,15.9100,1.474513
s3p75,10,0.10,8,29.7100,14.5400,2.0400,28.9500,1.991059
s3p75,10,0.10,16,33.0500,19.8800,1.6600,32.3100,1.625252
s3p75,10,0.10,32,46.4000,30.9900,1.5000,41.8000,1.348822
s3p75,10,0.10,64,50.5700,42.9300,1.1800,41.8400,0.974610
s3p75,10,0.10,128,39.5700,29.6700,1.3300,32.0300,1.079542
s3p75,10,0.10,200,31.2300,24.1100,1.3000,30.9500,1.283700
s3p75,10,0.50,1,5.9100,7.6300,0.7700,6.1300,0.803408
s3p75,10,0.50,2,9.6000,9.8600,0.9700,8.4000,0.851927
s3p75,10,0.50,4,17.2100,13.6700,1.2600,15.9100,1.163862
s3p75,10,0.50,8,29.5400,18.7800,1.5700,28.9500,1.541534
s3p75,10,0.50,16,32.9200,27.0700,1.2200,32.3100,1.193572
s3p75,10,0.50,32,46.2300,40.9700,1.1300,41.8000,1.020259
s3p75,10,0.50,64,51.5200,52.6400,0.9800,41.8400,0.794833
s3p75,10,0.50,128,45.3900,35.1100,1.2900,32.0300,0.912276
s3p75,10,0.50,200,42.6400,27.7400,1.5400,30.9500,1.115717
s3p75,10,1.00,1,5.9200,9.2400,0.6400,6.1300,0.663420
s3p75,10,1.00,2,9.6100,12.0300,0.8000,8.4000,0.698254
s3p75,10,1.00,4,17.2100,16.4600,1.0500,15.9100,0.966586
s3p75,10,1.00,8,29.5200,22.7200,1.3000,28.9500,1.274208
s3p75,10,1.00,16,32.8600,33.6700,0.9800,32.3100,0.959608
s3p75,10,1.00,32,46.0500,50.1800,0.9200,41.8000,0.833001
s3p75,10,1.00,64,51.7600,62.8600,0.8200,41.8400,0.665606
s3p75,10,1.00,128,47.6400,41.5600,1.1500,32.0300,0.770693
s3p75,10,1.00,200,43.0900,31.7300,1.3600,30.9500,0.975418
s3p75,11,0.10,1,6.2200,5.7500,1.0800,6.1700,1.073043
s3p75,11,0.10,2,10.5800,6.8200,1.5500,9.7600,1.431085
s3p75,11,0.10,4,15.1000,9.4200,1.6000,14.6000,1.549894
s3p75,11,0.10,8,17.6900,13.3800,1.3200,15.6100,1.166667
s3p75,11,0.10,16,23.6600,16.4000,1.4400,21.9600,1.339024
s3p75,11,0.10,32,24.9600,17.9600,1.3900,22.0700,1.228842
s3p75,11,0.10,64,36.3900,23.6600,1.5400,34.2900,1.449281
s3p75,11,0.10,128,26.9200,24.3600,1.1100,24.8700,1.020936
s3p75,11,0.10,200,25.7400,24.7000,1.0400,20.7700,0.840891
s3p75,11,0.50,1,6.2400,7.5400,0.8300,6.1700,0.818302
s3p75,11,0.50,2,10.5900,9.2800,1.1400,9.7600,1.051724
s3p75,11,0.50,4,15.1100,12.2500,1.2300,14.6000,1.191837
s3p75,11,0.50,8,17.7900,16.4100,1.0800,15.6100,0.951249
s3p75,11,0.50,16,23.8800,19.8700,1.2000,21.9600,1.105184
s3p75,11,0.50,32,25.0500,22.0200,1.1400,22.0700,1.002271
s3p75,11,0.50,64,36.3300,27.0400,1.3400,34.2900,1.268121
s3p75,11,0.50,128,27.1600,27.3200,0.9900,24.8700,0.910322
s3p75,11,0.50,200,25.7600,26.9800,0.9500,20.7700,0.769830
s3p75,11,1.00,1,6.2600,9.0800,0.6900,6.1700,0.679515
s3p75,11,1.00,2,10.6000,11.4800,0.9200,9.7600,0.850174
s3p75,11,1.00,4,15.1200,14.9200,1.0100,14.6000,0.978552
s3p75,11,1.00,8,17.7400,19.4300,0.9100,15.6100,0.803397
s3p75,11,1.00,16,23.9100,23.5300,1.0200,21.9600,0.933277
s3p75,11,1.00,32,25.0700,26.2000,0.9600,22.0700,0.842366
s3p75,11,1.00,64,36.4800,30.4900,1.2000,34.2900,1.124631
s3p75,11,1.00,128,27.2200,30.5300,0.8900,24.8700,0.814609
s3p75,11,1.00,200,26.1600,29.6200,0.8800,20.7700,0.701215
s3p75,12,0.10,1,6.2000,4.6000,1.3500,6.2500,1.358696
s3p75,12,0.10,2,11.5700,5.9800,1.9300,10.8700,1.817726
s3p75,12,0.10,4,17.2300,7.8900,2.1800,15.9400,2.020279
s3p75,12,0.10,8,23.8400,11.5100,2.0700,23.0300,2.000869
s3p75,12,0.10,16,27.8700,16.5700,1.6800,26.6300,1.607121
s3p75,12,0.10,32,32.0600,17.5000,1.8300,29.6500,1.694286
s3p75,12,0.10,64,47.3400,24.0700,1.9700,42.9000,1.782302
s3p75,12,0.10,128,37.8900,24.3900,1.5500,35.0500,1.437064
s3p75,12,0.10,200,30.0000,24.1900,1.2400,24.3700,1.007441
s3p75,12,0.50,1,6.2000,7.4400,0.8300,6.2500,0.840054
s3p75,12,0.50,2,11.5700,9.5700,1.2100,10.8700,1.135841
s3p75,12,0.50,4,17.2100,12.3900,1.3900,15.9400,1.286521
s3p75,12,0.50,8,23.8600,16.9700,1.4100,23.0300,1.357101
s3p75,12,0.50,16,27.8900,22.8100,1.2200,26.6300,1.167470
s3p75,12,0.50,32,32.0300,24.0600,1.3300,29.6500,1.232336
s3p75,12,0.50,64,47.0000,33.0600,1.4200,42.9000,1.297641
s3p75,12,0.50,128,37.7800,27.6700,1.3700,35.0500,1.266715
s3p75,12,0.50,200,29.7600,27.3600,1.0900,24.3700,0.890716
s3p75,12,1.00,1,6.2000,9.7600,0.6400,6.2500,0.640369
s3p75,12,1.00,2,11.5800,12.5800,0.9200,10.8700,0.864070
s3p75,12,1.00,4,17.2000,16.2400,1.0600,15.9400,0.981527
s3p75,12,1.00,8,23.8700,21.7600,1.1000,23.0300,1.058364
s3p75,12,1.00,16,27.8800,28.7800,0.9700,26.6300,0.925295
s3p75,12,1.00,32,32.0700,30.3500,1.0600,29.6500,0.976936
s3p75,12,1.00,64,46.7100,40.2500,1.1600,42.9000,1.065839
s3p75,12,1.00,128,37.7300,31.7600,1.1900,35.0500,1.103589
s3p75,12,1.00,200,29.5400,30.0700,0.9800,24.3700,0.810442
s3p75,13,0.10,1,8.0300,4.4300,1.8100,8.1800,1.846501
s3p75,13,0.10,2,9.5800,5.4700,1.7500,8.8000,1.608775
s3p75,13,0.10,4,13.0400,8.5400,1.5300,11.8700,1.389930
s3p75,13,0.10,8,23.9600,13.1000,1.8300,22.7000,1.732824
s3p75,13,0.10,16,33.3800,20.5800,1.6200,31.8700,1.548591
s3p75,13,0.10,32,58.5700,41.9400,1.4000,54.2900,1.294468
s3p75,13,0.10,64,81.3300,67.3900,1.2100,74.6100,1.107138
s3p75,13,0.10,128,42.0100,36.9100,1.1400,36.4200,0.986724
s3p75,13,0.10,200,26.1300,21.0300,1.2400,19.1200,0.909177
s3p75,13,0.50,1,8.0300,6.6800,1.2000,8.1800,1.224551
s3p75,13,0.50,2,9.5700,8.3200,1.1500,8.8000,1.057692
s3p75,13,0.50,4,13.0300,11.8000,1.1000,11.8700,1.005932
s3p75,13,0.50,8,23.9500,16.8800,1.4200,22.7000,1.344787
s3p75,13,0.50,16,33.4700,26.9300,1.2400,31.8700,1.183439
s3p75,13,0.50,32,58.5500,54.9400,1.0700,54.2900,0.988169
s3p75,13,0.50,64,77.4600,78.5800,0.9900,74.6100,0.949478
s3p75,13,0.50,128,38.8200,41.4100,0.9400,36.4200,0.879498
s3p75,13,0.50,200,26.0300,24.9200,1.0400,19.1200,0.767255
s3p75,13,1.00,1,8.0300,8.5200,0.9400,8.1800,0.960094
s3p75,13,1.00,2,9.5700,10.7500,0.8900,8.8000,0.818605
s3p75,13,1.00,4,13.0300,14.7600,0.8800,11.8700,0.804201
s3p75,13,1.00,8,24.0200,20.6000,1.1700,22.7000,1.101942
s3p75,13,1.00,16,33.6500,32.9800,1.0200,31.8700,0.966343
s3p75,13,1.00,32,58.4700,66.3300,0.8800,54.2900,0.818483
s3p75,13,1.00,64,74.1400,88.5800,0.8400,74.6100,0.842289
s3p75,13,1.00,128,37.1100,45.4300,0.8200,36.4200,0.801673
s3p75,13,1.00,200,26.3800,28.4400,0.9300,19.1200,0.672293
s3p75,14,0.10,1,8.5400,4.9000,1.7500,8.3300,1.700000
s3p75,14,0.10,2,8.0200,6.1100,1.3100,7.0700,1.157119
s3p75,14,0.10,4,14.6600,11.3100,1.3000,14.4600,1.278515
s3p75,14,0.10,8,25.8000,16.2700,1.5900,25.0000,1.536570
s3p75,14,0.10,16,31.6800,23.8800,1.3300,30.5700,1.280151
s3p75,14,0.10,32,34.0500,30.8700,1.1000,31.8700,1.032394
s3p75,14,0.10,64,33.5000,27.3100,1.2300,27.8700,1.020505
s3p75,14,0.10,128,29.5900,22.5200,1.3100,25.7600,1.143872
s3p75,14,0.10,200,26.1600,21.7000,1.2100,21.1500,0.974654
s3p75,14,0.50,1,8.5400,7.7800,1.1000,8.3300,1.070694
s3p75,14,0.50,2,8.0000,9.8500,0.8100,7.0700,0.717766
s3p75,14,0.50,4,14.6900,15.2500,0.9600,14.4600,0.948197
s3p75,14,0.50,8,25.8200,21.1600,1.2200,25.0000,1.181474
s3p75,14,0.50,16,31.3300,31.2600,1.0000,30.5700,0.977927
s3p75,14,0.50,32,33.5100,38.5700,0.8700,31.8700,0.826290
s3p75,14,0.50,64,32.8400,32.3200,1.0200,27.8700,0.862314
s3p75,14,0.50,128,29.4300,25.8000,1.1400,25.7600,0.998450
s3p75,14,0.50,200,25.8900,25.3200,1.0200,21.1500,0.835308
s3p75,14,1.00,1,8.5500,10.0800,0.8500,8.3300,0.826389
s3p75,14,1.00,2,7.9900,12.9400,0.6200,7.0700,0.546368
s3p75,14,1.00,4,14.7200,18.7500,0.7800,14.4600,0.771200
s3p75,14,1.00,8,25.8000,25.8000,1.0000,25.0000,0.968992
s3p75,14,1.00,16,31.0400,37.8500,0.8200,30.5700,0.807662
s3p75,14,1.00,32,32.8600,44.8400,0.7300,31.8700,0.710749
s3p75,14,1.00,64,32.5900,36.2900,0.9000,27.8700,0.767980
s3p75,14,1.00,128,29.6400,29.1300,1.0200,25.7600,0.884312
s3p75,14,1.00,200,25.5300,27.8000,0.9200,21.1500,0.760791
s3p75,15,0.10,1,7.5100,5.3700,1.4000,7.3300,1.364991
s3p75,15,0.10,2,10.6200,7.0200,1.5100,9.9900,1.423077
s3p75,15,0.10,4,12.8100,9.5600,1.3400,12.0500,1.260460
s3p75,15,0.10,8,22.4200,12.1800,1.8400,21.0400,1.727422
s3p75,15,0.10,16,28.8800,17.8600,1.6200,27.7400,1.553191
s3p75,15,0.10,32,47.3500,30.9900,1.5300,45.0900,1.454985
s3p75,15,0.10,64,70.1500,43.6300,1.6100,73.6400,1.687829
s3p75,15,0.10,128,36.4100,33.2900,1.0900,33.0200,0.991889
s3p75,15,0.10,200,31.6200,24.8100,1.2700,29.1200,1.173720
s3p75,15,0.50,1,7.5100,8.1900,0.9200,7.3300,0.894994
s3p75,15,0.50,2,10.6200,10.3400,1.0300,9.9900,0.966151
s3p75,15,0.50,4,12.8100,13.3000,0.9600,12.0500,0.906015
s3p75,15,0.50,8,22.4100,17.0300,1.3200,21.0400,1.235467
s3p75,15,0.50,16,28.7500,25.8900,1.1100,27.7400,1.071456
s3p75,15,0.50,32,46.4800,42.6600,1.0900,45.0900,1.056962
s3p75,15,0.50,64,66.6700,51.9300,1.2800,73.6400,1.418063
s3p75,15,0.50,128,35.2500,36.8400,0.9600,33.0200,0.896308
s3p75,15,0.50,200,31.5800,26.9300,1.1700,29.1200,1.081322
s3p75,15,1.00,1,7.5200,10.4700,0.7200,7.3300,0.700096
s3p75,15,1.00,2,10.6300,13.1600,0.8100,9.9900,0.759119
s3p75,15,1.00,4,12.8200,16.6600,0.7700,12.0500,0.723289
s3p75,15,1.00,8,22.3900,21.4500,1.0400,21.0400,0.980886
s3p75,15,1.00,16,28.6000,32.8600,0.8700,27.7400,0.844187
s3p75,15,1.00,32,45.4200,50.4600,0.9000,45.0900,0.893579
s3p75,15,1.00,64,63.9100,57.9600,1.1000,73.6400,1.270531
s3p75,15,1.00,128,34.3300,39.8300,0.8600,33.0200,0.829023
s3p75,15,1.00,200,31.3000,29.8400,1.0500,29.1200,0.975871
s3p75,16,0.10,1,9.2000,5.2200,1.7600,9.1600,1.754789
s3p75,16,0.10,2,13.1200,6.0500,2.1700,12.7100,2.100826
s3p75,16,0.10,4,10.7500,8.4100,1.2800,9.8900,1.175981
s3p75,16,0.10,8,22.0100,11.6800,1.8800,21.5300,1.843322
s3p75,16,0.10,16,30.0500,17.7700,1.6900,30.0500,1.691052
s3p75,16,0.10,32,32.1100,20.5700,1.5600,29.6400,1.440933
s3p75,16,0.10,64,65.8300,31.0300,2.1200,62.3100,2.008057
s3p75,16,0.10,128,91.3300,30.7400,2.9700,83.0300,2.701041
s3p75,16,0.10,200,63.5900,24.5400,2.5900,49.3800,2.012225
s3p75,16,0.50,1,9.2000,7.4400,1.2400,9.1600,1.231183
s3p75,16,0.50,2,13.1200,9.0000,1.4600,12.7100,1.412222
s3p75,16,0.50,4,10.7600,11.6900,0.9200,9.8900,0.846022
s3p75,16,0.50,8,22.0300,15.6400,1.4100,21.5300,1.376598
s3p75,16,0.50,16,29.5800,22.9000,1.2900,30.0500,1.312227
s3p75,16,0.50,32,31.9700,26.7700,1.1900,29.6400,1.107210
s3p75,16,0.50,64,64.0900,37.3100,1.7200,62.3100,1.670062
s3p75,16,0.50,128,89.2900,35.7100,2.5000,83.0300,2.325119
s3p75,16,0.50,200,69.3800,27.8800,2.4900,49.3800,1.771162
s3p75,16,1.00,1,9.2000,9.2600,0.9900,9.1600,0.989201
s3p75,16,1.00,2,13.1300,11.4800,1.1400,12.7100,1.107143
s3p75,16,1.00,4,10.7600,14.6500,0.7300,9.8900,0.675085
s3p75,16,1.00,8,22.0400,19.3900,1.1400,21.5300,1.110366
s3p75,16,1.00,16,29.5500,27.6600,1.0700,30.0500,1.086406
s3p75,16,1.00,32,32.1800,33.5900,0.9600,29.6400,0.882405
s3p75,16,1.00,64,63.3600,44.3000,1.4300,62.3100,1.406546
s3p75,16,1.00,128,87.9400,40.7800,2.1600,83.0300,2.036047
s3p75,16,1.00,200,64.1100,31.5600,2.0300,49.3800,1.564639
s3p75,17,0.10,1,4.3400,5.4000,0.8000,4.5300,0.838889
s3p75,17,0.10,2,6.6900,6.7900,0.9900,6.3900,0.941090
s3p75,17,0.10,4,10.8700,8.8300,1.2300,9.6900,1.097395
s3p75,17,0.10,8,15.7800,13.2800,1.1900,12.7100,0.957078
s3p75,17,0.10,16,24.3900,19.6000,1.2400,22.5600,1.151020
s3p75,17,0.10,32,27.4600,26.1800,1.0500,20.3300,0.776547
s3p75,17,0.10,64,28.8200,24.3900,1.1800,22.3100,0.914719
s3p75,17,0.10,128,26.0000,20.7100,1.2600,23.6000,1.139546
s3p75,17,0.10,200,27.9500,21.7600,1.2800,23.0200,1.057904
s3p75,17,0.50,1,4.3400,7.9000,0.5500,4.5300,0.573418
s3p75,17,0.50,2,6.7800,10.2700,0.6600,6.3900,0.622201
s3p75,17,0.50,4,10.9900,13.0000,0.8500,9.6900,0.745385
s3p75,17,0.50,8,15.9300,17.9600,0.8900,12.7100,0.707684
s3p75,17,0.50,16,24.6000,25.5900,0.9600,22.5600,0.881594
s3p75,17,0.50,32,27.8000,33.6900,0.8300,20.3300,0.603443
s3p75,17,0.50,64,28.7900,30.2100,0.9500,22.3100,0.738497
s3p75,17,0.50,128,26.0700,24.2500,1.0800,23.6000,0.973196
s3p75,17,0.50,200,28.1400,24.7900,1.1400,23.0200,0.928600
s3p75,17,1.00,1,4.3400,10.1100,0.4300,4.5300,0.448071
s3p75,17,1.00,2,6.9200,13.2100,0.5200,6.3900,0.483724
s3p75,17,1.00,4,11.1200,16.7000,0.6700,9.6900,0.580240
s3p75,17,1.00,8,16.0800,22.4700,0.7200,12.7100,0.565643
s3p75,17,1.00,16,24.6600,31.2300,0.7900,22.5600,0.722382
s3p75,17,1.00,32,27.9100,40.0900,0.7000,20.3300,0.507109
s3p75,17,1.00,64,28.4600,35.0700,0.8100,22.3100,0.636156
s3p75,17,1.00,128,25.8500,27.5500,0.9400,23.6000,0.856624
s3p75,17,1.00,200,28.2500,27.7100,1.0200,23.0200,0.830747
s3p75,18,0.10,1,9.0400,5.5200,1.6400,9.1100,1.650362
s3p75,18,0.10,2,10.4100,6.9000,1.5100,9.9100,1.436232
s3p75,18,0.10,4,11.8400,9.9900,1.1800,10.6100,1.062062
s3p75,18,0.10,8,17.6000,13.7300,1.2800,15.5700,1.134013
s3p75,18,0.10,16,28.8500,20.3700,1.4200,25.2200,1.238095
s3p75,18,0.10,32,43.3900,32.8900,1.3200,37.2600,1.132867
s3p75,18,0.10,64,57.6000,41.5200,1.3900,51.8400,1.248555
s3p75,18,0.10,128,42.2600,28.7500,1.4700,41.5200,1.444174
s3p75,18,0.10,200,32.1000,24.9000,1.2900,27.2300,1.093574
s3p75,18,0.50,1,9.0500,7.8200,1.1600,9.1100,1.164962
s3p75,18,0.50,2,10.4100,10.0000,1.0400,9.9100,0.991000
s3p75,18,0.50,4,11.8400,13.8800,0.8500,10.6100,0.764409
s3p75,18,0.50,8,17.6000,19.4900,0.9000,15.5700,0.798871
s3p75,18,0.50,16,29.6300,30.3300,0.9800,25.2200,0.831520
s3p75,18,0.50,32,46.4700,46.4700,1.0000,37.2600,0.801808
s3p75,18,0.50,64,58.0100,54.4800,1.0600,51.8400,0.951542
s3p75,18,0.50,128,42.9800,34.4800,1.2500,41.5200,1.204176
s3p75,18,0.50,200,32.6700,28.0500,1.1600,27.2300,0.970766
s3p75,18,1.00,1,9.0500,9.7500,0.9300,9.1100,0.934359
s3p75,18,1.00,2,10.4000,12.7100,0.8200,9.9100,0.779701
s3p75,18,1.00,4,11.8400,17.4700,0.6800,10.6100,0.607327
s3p75,18,1.00,8,17.6200,24.7200,0.7100,15.5700,0.629854
s3p75,18,1.00,16,29.6900,39.6900,0.7500,25.2200,0.635425
s3p75,18,1.00,32,45.6300,61.9000,0.7400,37.2600,0.601939
s3p75,18,1.00,64,57.4300,66.3200,0.8700,51.8400,0.781665
s3p75,18,1.00,128,42.1300,41.5700,1.0100,41.5200,0.998797
s3p75,18,1.00,200,32.3600,32.5900,0.9900,27.2300,0.835532
s3p75,19,0.10,1,5.4400,5.7200,0.9500,5.4500,0.952797
s3p75,19,0.10,2,8.0700,7.5800,1.0700,7.6700,1.011873
s3p75,19,0.10,4,13.1400,10.7400,1.2200,11.6000,1.080074
s3p75,19,0.10,8,15.8400,13.8500,1.1400,13.4900,0.974007
s3p75,19,0.10,16,21.5100,21.8100,0.9900,19.7100,0.903714
s3p75,19,0.10,32,42.7700,50.1800,0.8500,35.0600,0.698685
s3p75,19,0.10,64,81.8000,117.4500,0.7000,68.2000,0.580673
s3p75,19,0.10,128,67.4800,88.3500,0.7600,30.3400,0.343407
s3p75,19,0.10,200,65.8700,43.6800,1.5100,29.4800,0.674908
s3p75,19,0.50,1,5.4400,10.1600,0.5400,5.4500,0.536417
s3p75,19,0.50,2,8.0600,13.2800,0.6100,7.6700,0.577560
s3p75,19,0.50,4,13.2700,17.6000,0.7500,11.6000,0.659091
s3p75,19,0.50,8,15.9100,23.3200,0.6800,13.4900,0.578473
s3p75,19,0.50,16,21.5600,37.6600,0.5700,19.7100,0.523367
s3p75,19,0.50,32,41.5900,84.4100,0.4900,35.0600,0.415354
s3p75,19,0.50,64,75.0200,178.2500,0.4200,68.2000,0.382609
s3p75,19,0.50,128,77.9500,133.8900,0.5800,30.3400,0.226604
s3p75,19,0.50,200,59.1400,83.5700,0.7100,29.4800,0.352758
s3p75,19,1.00,1,5.4400,13.7600,0.4000,5.4500,0.396076
s3p75,19,1.00,2,8.0600,17.9700,0.4500,7.6700,0.426822
s3p75,19,1.00,4,13.2800,23.3900,0.5700,11.6000,0.495938
s3p75,19,1.00,8,15.8700,31.2700,0.5100,13.4900,0.431404
s3p75,19,1.00,16,21.5500,50.6100,0.4300,19.7100,0.389449
s3p75,19,1.00,32,41.8800,107.4500,0.3900,35.0600,0.326291
s3p75,19,1.00,64,70.6200,209.7500,0.3400,68.2000,0.325149
s3p75,19,1.00,128,82.4100,145.0200,0.5700,30.3400,0.209213
s3p75,19,1.00,200,66.3000,89.4800,0.7400,29.4800,0.329459
s3p90,0,0.10,1,9.7700,2.5900,3.7600,9.5100,3.671815
s3p90,0,0.10,2,15.2000,3.8200,3.9800,15.0800,3.947644
s3p90,0,0.10,4,17.6500,6.7900,2.6000,17.0100,2.505155
s3p90,0,0.10,8,30.0800,9.8500,3.0500,29.3800,2.982741
s3p90,0,0.10,16,37.6500,18.2000,2.0700,35.4700,1.948901
s3p90,0,0.10,32,51.7800,19.1700,2.7000,48.7400,2.542514
s3p90,0,0.10,64,46.0800,20.8300,2.2100,44.2800,2.125780
s3p90,0,0.10,128,34.1800,18.0800,1.8900,30.2300,1.672013
s3p90,0,0.10,200,33.3800,14.8100,2.2500,33.0800,2.233626
s3p90,0,0.50,1,9.7700,4.8400,2.0200,9.5100,1.964876
s3p90,0,0.50,2,15.2100,6.7300,2.2600,15.0800,2.240713
s3p90,0,0.50,4,17.6400,10.3500,1.7000,17.0100,1.643478
s3p90,0,0.50,8,30.0800,15.2400,1.9700,29.3800,1.927822
s3p90,0,0.50,16,36.6500,28.7200,1.2800,35.4700,1.235028
s3p90,0,0.50,32,51.3200,32.9000,1.5600,48.7400,1.481459
s3p90,0,0.50,64,46.8100,31.3200,1.4900,44.2800,1.413793
s3p90,0,0.50,128,34.6200,24.5400,1.4100,30.2300,1.231866
s3p90,0,0.50,200,33.4800,18.4800,1.8100,33.0800,1.790043
s3p90,0,1.00,1,9.7800,6.5500,1.4900,9.5100,1.451908
s3p90,0,1.00,2,15.2200,9.0100,1.6900,15.0800,1.673696
s3p90,0,1.00,4,17.6300,13.3000,1.3300,17.0100,1.278947
s3p90,0,1.00,8,30.0300,19.7600,1.5200,29.3800,1.486842
s3p90,0,1.00,16,35.8000,37.4100,0.9600,35.4700,0.948142
s3p90,0,1.00,32,48.5500,46.2800,1.0500,48.7400,1.053155
s3p90,0,1.00,64,44.3200,43.0700,1.0300,44.2800,1.028094
s3p90,0,1.00,128,34.8200,30.1500,1.1600,30.2300,1.002653
s3p90,0,1.00,200,33.3300,21.7700,1.5300,33.0800,1.519522
s3p90,1,0.10,1,8.0900,4.6700,1.7300,7.4800,1.601713
s3p90,1,0.10,2,8.9500,7.3900,1.2100,7.8800,1.066306
s3p90,1,0.10,4,11.8600,10.0700,1.1800,10.4200,1.034757
s3p90,1,0.10,8,15.4200,13.1800,1.1700,13.2000,1.001517
s3p90,1,0.10,16,23.2700,17.9400,1.3000,20.2500,1.128763
s3p90,1,0.10,32,32.4900,28.5200,1.1400,28.3800,0.995091
s3p90,1,0.10,64,32.5700,32.4100,1.0100,29.4000,0.907127
s3p90,1,0.10,128,38.6500,24.9200,1.5500,39.0800,1.568218
s3p90,1,0.10,200,31.4100,19.8700,1.5800,25.6800,1.292401
s3p90,1,0.50,1,8.1000,8.1600,0.9900,7.4800,0.916667
s3p90,1,0.50,2,8.9600,11.5400,0.7800,7.8800,0.682842
s3p90,1,0.50,4,11.8100,14.9500,0.7900,10.4200,0.696990
s3p90,1,0.50,8,15.4300,19.3800,0.8000,13.2000,0.681115
s3p90,1,0.50,16,23.2000,27.1300,0.8600,20.2500,0.746406
s3p90,1,0.50,32,32.0100,43.3400,0.7400,28.3800,0.654822
s3p90,1,0.50,64,31.9800,44.8700,0.7100,29.4000,0.655226
s3p90,1,0.50,128,47.9800,32.7700,1.4600,39.0800,1.192554
s3p90,1,0.50,200,41.4800,23.6400,1.7500,25.6800,1.086294
s3p90,1,1.00,1,8.1100,10.9200,0.7400,7.4800,0.684982
s3p90,1,1.00,2,8.9800,14.9700,0.6000,7.8800,0.526386
s3p90,1,1.00,4,11.8200,19.1900,0.6200,10.4200,0.542991
s3p90,1,1.00,8,15.4700,24.8100,0.6200,13.2000,0.532044
s3p90,1,1.00,16,23.0600,34.9500,0.6600,20.2500,0.579399
s3p90,1,1.00,32,31.6000,52.8200,0.6000,28.3800,0.537296
s3p90,1,1.00,64,31.5000,52.2800,0.6000,29.4000,0.562357
s3p90,1,1.00,128,44.2700,37.6900,1.1700,39.0800,1.036880
s3p90,1,1.00,200,41.4200,26.4900,1.5600,25.6800,0.969422
s3p90,2,0.10,1,8.4500,3.0000,2.8200,8.5500,2.850000
s3p90,2,0.10,2,9.9000,3.8600,2.5700,9.8600,2.554404
s3p90,2,0.10,4,14.9800,6.8500,2.1900,15.1000,2.204380
s3p90,2,0.10,8,17.4400,8.4900,2.0500,17.0400,2.007067
s3p90,2,0.10,16,20.9200,11.4700,1.8200,19.8000,1.726242
s3p90,2,0.10,32,23.4200,13.7400,1.7000,21.2200,1.544396
s3p90,2,0.10,64,29.0100,17.7600,1.6300,27.9000,1.570946
s3p90,2,0.10,128,39.2200,15.8100,2.4800,36.0800,2.282100
s3p90,2,0.10,200,27.2500,14.2600,1.9100,25.5300,1.790323
s3p90,2,0.50,1,8.4500,5.3200,1.5900,8.5500,1.607143
s3p90,2,0.50,2,9.9000,6.8300,1.4500,9.8600,1.443631
s3p90,2,0.50,4,14.9700,10.0000,1.5000,15.1000,1.510000
s3p90,2,0.50,8,17.4000,12.3300,1.4100,17.0400,1.381995
s3p90,2,0.50,16,20.9100,15.3700,1.3600,19.8000,1.288224
s3p90,2,0.50,32,23.4700,17.5000,1.3400,21.2200,1.212571
s3p90,2,0.50,64,28.9900,21.3100,1.3600,27.9000,1.309244
s3p90,2,0.50,128,39.3000,19.3900,2.0300,36.0800,1.860753
s3p90,2,0.50,200,27.3700,17.5000,1.5600,25.5300,1.458857
s3p90,2,1.00,1,8.4500,7.0800,1.1900,8.5500,1.207627
s3p90,2,1.00,2,9.9000,9.1000,1.0900,9.8600,1.083516
s3p90,2,1.00,4,14.9700,12.5500,1.1900,15.1000,1.203187
s3p90,2,1.00,8,17.4500,15.6900,1.1100,17.0400,1.086042
s3p90,2,1.00,16,21.0300,19.0000,1.1100,19.8000,1.042105
s3p90,2,1.00,32,23.3900,21.1900,1.1000,21.2200,1.001416
s3p90,2,1.00,64,28.6900,24.7300,1.1600,27.9000,1.128184
s3p90,2,1.00,128,39.3800,23.0800,1.7100,36.0800,1.563258
s3p90,2,1.00,200,27.2400,20.6800,1.3200,25.5300,1.234526
s3p90,3,0.10,1,6.5500,3.9400,1.6600,6.3200,1.604061
s3p90,3,0.10,2,9.6600,6.4700,1.4900,9.0500,1.398764
s3p90,3,0.10,4,12.1000,8.6000,1.4100,11.0700,1.287209
s3p90,3,0.10,8,21.5800,12.5500,1.7200,20.2300,1.611952
s3p90,3,0.10,16,30.6000,15.5900,1.9600,28.7200,1.842207
s3p90,3,0.10,32,34.3000,17.3600,1.9800,31.6500,1.823157
s3p90,3,0.10,64,49.3500,19.4400,2.5400,44.8400,2.306584
s3p90,3,0.10,128,46.0600,16.9900,2.7100,41.0700,2.417304
s3p90,3,0.10,200,34.9900,15.8500,2.2100,33.5500,2.116719
s3p90,3,0.50,1,6.5500,5.8100,1.1300,6.3200,1.087780
s3p90,3,0.50,2,9.6600,8.7100,1.1100,9.0500,1.039036
s3p90,3,0.50,4,12.1000,11.1300,1.0900,11.0700,0.994609
s3p90,3,0.50,8,21.5500,15.4700,1.3900,20.2300,1.307692
s3p90,3,0.50,16,30.7200,20.0900,1.5300,28.7200,1.429567
s3p90,3,0.50,32,34.4000,23.3800,1.4700,31.6500,1.353721
s3p90,3,0.50,64,49.5000,25.4300,1.9500,44.8400,1.763272
s3p90,3,0.50,128,46.7900,21.5100,2.1700,41.0700,1.909344
s3p90,3,0.50,200,34.7000,19.4900,1.7800,33.5500,1.721396
s3p90,3,1.00,1,6.5500,7.2900,0.9000,6.3200,0.866941
s3p90,3,1.00,2,9.6700,10.5700,0.9100,9.0500,0.856197
s3p90,3,1.00,4,12.0600,13.4800,0.8900,11.0700,0.821217
s3p90,3,1.00,8,21.5900,18.2500,1.1800,20.2300,1.108493
s3p90,3,1.00,16,30.7100,24.1100,1.2700,28.7200,1.191207
s3p90,3,1.00,32,34.4300,28.8600,1.1900,31.6500,1.096674
s3p90,3,1.00,64,49.7500,30.5900,1.6300,44.8400,1.465839
s3p90,3,1.00,128,47.3000,25.7300,1.8400,41.0700,1.596191
s3p90,3,1.00,200,34.6600,23.0000,1.5100,33.5500,1.458696
s3p90,4,0.10,1,8.3900,2.8200,2.9700,8.3700,2.968085
s3p90,4,0.10,2,9.6900,4.2300,2.2900,9.7600,2.307329
s3p90,4,0.10,4,12.4400,7.2000,1.7300,12.3300,1.712500
s3p90,4,0.10,8,18.4200,8.9000,2.0700,18.4800,2.076404
s3p90,4,0.10,16,26.6600,12.9300,2.0600,26.2300,2.028616
s3p90,4,0.10,32,37.6300,17.9300,2.1000,37.3100,2.080870
s3p90,4,0.10,64,52.1700,22.5900,2.3100,52.2300,2.312085
s3p90,4,0.10,128,36.5900,18.2300,2.0100,34.3600,1.884805
s3p90,4,0.10,200,38.2900,16.7400,2.2900,36.4100,2.175030
s3p90,4,0.50,1,8.3900,5.8900,1.4200,8.3700,1.421053
s3p90,4,0.50,2,9.6900,8.1700,1.1900,9.7600,1.194614
s3p90,4,0.50,4,12.4300,11.6900,1.0600,12.3300,1.054748
s3p90,4,0.50,8,18.3800,14.3900,1.2800,18.4800,1.284225
s3p90,4,0.50,16,26.5700,19.5700,1.3600,26.2300,1.340317
s3p90,4,0.50,32,37.4600,26.2200,1.4300,37.3100,1.422960
s3p90,4,0.50,64,51.9600,32.0600,1.6200,52.2300,1.629133
s3p90,4,0.50,128,36.2000,24.5000,1.4800,34.3600,1.402449
s3p90,4,0.50,200,38.3100,20.2600,1.8900,36.4100,1.797137
s3p90,4,1.00,1,8.4000,8.2000,1.0200,8.3700,1.020732
s3p90,4,1.00,2,9.6800,11.1300,0.8700,9.7600,0.876909
s3p90,4,1.00,4,12.4200,15.2200,0.8200,12.3300,0.810118
s3p90,4,1.00,8,18.3600,18.7500,0.9800,18.4800,0.985600
s3p90,4,1.00,16,26.6200,25.1000,1.0600,26.2300,1.045020
s3p90,4,1.00,32,37.3400,33.3200,1.1200,37.3100,1.119748
s3p90,4,1.00,64,51.2100,39.9200,1.2800,52.2300,1.308367
s3p90,4,1.00,128,35.7000,29.7400,1.2000,34.3600,1.155346
s3p90,4,1.00,200,38.6800,23.8000,1.6300,36.4100,1.529832
s3p90,5,0.10,1,9.4600,6.0000,1.5800,8.9400,1.490000
s3p90,5,0.10,2,8.6600,7.7200,1.1200,7.7000,0.997409
s3p90,5,0.10,4,11.8200,10.8300,1.0900,9.5800,0.884580
s3p90,5,0.10,8,15.2100,14.2500,1.0700,13.8400,0.971228
s3p90,5,0.10,16,23.6900,19.5300,1.2100,20.5200,1.050691
s3p90,5,0.10,32,44.5900,30.4700,1.4600,39.7900,1.305875
s3p90,5,0.10,64,38.9000,34.6800,1.1200,33.8300,0.975490
s3p90,5,0.10,128,38.6300,32.2900,1.2000,34.3400,1.063487
s3p90,5,0.10,200,31.2700,23.2000,1.3500,26.6300,1.147845
s3p90,5,0.50,1,9.4600,8.6800,1.0900,8.9400,1.029954
s3p90,5,0.50,2,8.6200,11.1800,0.7700,7.7000,0.688730
s3p90,5,0.50,4,11.7600,15.3800,0.7600,9.5800,0.622887
s3p90,5,0.50,8,15.1000,20.0100,0.7500,13.8400,0.691654
s3p90,5,0.50,16,23.7400,28.7500,0.8300,20.5200,0.713739
s3p90,5,0.50,32,44.9200,45.1400,1.0000,39.7900,0.881480
s3p90,5,0.50,64,39.4400,57.6900,0.6800,33.8300,0.586410
s3p90,5,0.50,128,38.6900,56.9900,0.6800,34.3400,0.602562
s3p90,5,0.50,200,30.6600,48.4800,0.6300,26.6300,0.549299
s3p90,5,1.00,1,9.4600,10.9000,0.8700,8.9400,0.820183
s3p90,5,1.00,2,8.6400,14.1600,0.6100,7.7000,0.543785
s3p90,5,1.00,4,11.7700,19.3900,0.6100,9.5800,0.494069
s3p90,5,1.00,8,15.1000,25.1800,0.6000,13.8400,0.549643
s3p90,5,1.00,16,23.8100,36.7700,0.6500,20.5200,0.558064
s3p90,5,1.00,32,44.8200,57.8000,0.7800,39.7900,0.688408
s3p90,5,1.00,64,40.2700,67.1800,0.6000,33.8300,0.503572
s3p90,5,1.00,128,39.5900,63.3800,0.6200,34.3400,0.541811
s3p90,5,1.00,200,30.9300,52.9500,0.5800,26.6300,0.502927
s3p90,6,0.10,1,9.7700,3.5000,2.7900,9.7300,2.780000
s3p90,6,0.10,2,10.3500,4.2600,2.4300,10.3100,2.420188
s3p90,6,0.10,4,13.5200,6.2900,2.1500,13.4500,2.138315
s3p90,6,0.10,8,20.3400,7.6300,2.6700,20.2500,2.653997
s3p90,6,0.10,16,29.3700,10.3900,2.8300,29.4400,2.833494
s3p90,6,0.10,32,30.8100,11.4300,2.7000,30.6800,2.684164
s3p90,6,0.10,64,30.3700,11.7600,2.5800,30.2700,2.573980
s3p90,6,0.10,128,30.7900,14.9300,2.0600,28.7000,1.922304
s3p90,6,0.10,200,25.2600,17.2600,1.4600,22.9700,1.330823
s3p90,6,0.50,1,9.7800,7.5000,1.3000,9.7300,1.297333
s3p90,6,0.50,2,10.3500,9.2600,1.1200,10.3100,1.113391
s3p90,6,0.50,4,13.5200,12.2900,1.1000,13.4500,1.094386
s3p90,6,0.50,8,20.3900,14.5200,1.4000,20.2500,1.394628
s3p90,6,0.50,16,29.3900,17.8500,1.6500,29.4400,1.649300
s3p90,6,0.50,32,30.8800,18.7000,1.6500,30.6800,1.640642
s3p90,6,0.50,64,30.7500,17.1200,1.8000,30.2700,1.768107
s3p90,6,0.50,128,30.6600,18.7700,1.6300,28.7000,1.529036
s3p90,6,0.50,200,25.1500,20.4000,1.2300,22.9700,1.125980
s3p90,6,1.00,1,9.7800,10.5100,0.9300,9.7300,0.925785
s3p90,6,1.00,2,10.3600,13.0200,0.8000,10.3100,0.791859
s3p90,6,1.00,4,13.5100,16.8400,0.8000,13.4500,0.798694
s3p90,6,1.00,8,20.3600,19.8100,1.0300,20.2500,1.022211
s3p90,6,1.00,16,29.3200,23.8200,1.2300,29.4400,1.235936
s3p90,6,1.00,32,30.9000,24.7000,1.2500,30.6800,1.242105
s3p90,6,1.00,64,30.8400,22.1400,1.3900,30.2700,1.367209
s3p90,6,1.00,128,30.7500,22.6700,1.3600,28.7000,1.265990
s3p90,6,1.00,200,25.3500,23.7500,1.0700,22.9700,0.967158
s3p90,7,0.10,1,6.4000,5.4000,1.1900,6.2500,1.157407
s3p90,7,0.10,2,8.9900,8.7100,1.0300,8.8800,1.019518
s3p90,7,0.10,4,10.7500,13.6300,0.7900,10.3200,0.757153
s3p90,7,0.10,8,19.2100,18.2500,1.0500,18.6800,1.023562
s3p90,7,0.10,16,25.7700,31.9800,0.8100,24.3900,0.762664
s3p90,7,0.10,32,50.4400,51.0100,0.9900,50.7700,0.995295
s3p90,7,0.10,64,45.5600,65.2700,0.7000,32.0300,0.490731
s3p90,7,0.10,128,35.0900,50.4700,0.7000,27.1400,0.537745
s3p90,7,0.10,200,29.4500,39.7000,0.7400,24.4700,0.616373
s3p90,7,0.50,1,6.3900,8.1400,0.7900,6.2500,0.767813
s3p90,7,0.50,2,8.9800,11.8900,0.7600,8.8800,0.746846
s3p90,7,0.50,4,10.6600,17.0400,0.6300,10.3200,0.605634
s3p90,7,0.50,8,19.1900,23.0700,0.8300,18.6800,0.809710
s3p90,7,0.50,16,25.6000,40.0500,0.6400,24.3900,0.608989
s3p90,7,0.50,32,50.3800,65.8600,0.7700,50.7700,0.770878
s3p90,7,0.50,64,49.2200,78.2100,0.6300,32.0300,0.409538
s3p90,7,0.50,128,35.3300,53.0300,0.6700,27.1400,0.511786
s3p90,7,0.50,200,29.7600,35.7600,0.8300,24.4700,0.684284
s3p90,7,1.00,1,6.3900,10.2400,0.6200,6.2500,0.610352
s3p90,7,1.00,2,8.9800,14.4000,0.6200,8.8800,0.616667
s3p90,7,1.00,4,10.6600,20.0000,0.5300,10.3200,0.516000
s3p90,7,1.00,8,19.1800,27.3200,0.7000,18.6800,0.683748
s3p90,7,1.00,16,25.4300,47.4100,0.5400,24.3900,0.514448
s3p90,7,1.00,32,49.2600,75.7300,0.6500,50.7700,0.670408
s3p90,7,1.00,64,49.8200,82.9500,0.6000,32.0300,0.386136
s3p90,7,1.00,128,35.3100,56.2400,0.6300,27.1400,0.482575
s3p90,7,1.00,200,29.7000,43.4300,0.6800,24.4700,0.563435
s3p90,8,0.10,1,6.2900,4.0500,1.5500,6.2900,1.553086
s3p90,8,0.10,2,8.8200,6.4900,1.3600,8.3900,1.292758
s3p90,8,0.10,4,12.6800,10.5600,1.2000,12.5400,1.187500
s3p90,8,0.10,8,19.7300,14.1600,1.3900,19.7400,1.394068
s3p90,8,0.10,16,24.1300,20.2300,1.1900,23.1800,1.145823
s3p90,8,0.10,32,28.9600,23.4100,1.2400,25.5800,1.092695
s3p90,8,0.10,64,35.3500,27.2100,1.3000,32.6600,1.200294
s3p90,8,0.10,128,36.2500,23.5600,1.5400,30.1000,1.277589
s3p90,8,0.10,200,27.9400,19.2300,1.4500,24.3200,1.264691
s3p90,8,0.50,1,6.2900,6.2600,1.0000,6.2900,1.004792
s3p90,8,0.50,2,8.8200,9.1600,0.9600,8.3900,0.915939
s3p90,8,0.50,4,12.6800,13.3700,0.9500,12.5400,0.937921
s3p90,8,0.50,8,19.7200,17.4300,1.1300,19.7400,1.132530
s3p90,8,0.50,16,23.9600,24.5900,0.9700,23.1800,0.942660
s3p90,8,0.50,32,28.4700,31.0400,0.9200,25.5800,0.824098
s3p90,8,0.50,64,34.7500,35.0100,0.9900,32.6600,0.932876
s3p90,8,0.50,128,35.9600,29.7000,1.2100,30.1000,1.013468
s3p90,8,0.50,200,28.1200,22.8500,1.2300,24.3200,1.064333
s3p90,8,1.00,1,6.2900,7.9700,0.7900,6.2900,0.789210
s3p90,8,1.00,2,8.8200,11.2800,0.7800,8.3900,0.743794
s3p90,8,1.00,4,12.6900,15.8000,0.8000,12.5400,0.793671
s3p90,8,1.00,8,19.9400,20.4200,0.9800,19.7400,0.966699
s3p90,8,1.00,16,24.2200,28.8600,0.8400,23.1800,0.803188
s3p90,8,1.00,32,28.2000,38.4000,0.7300,25.5800,0.666146
s3p90,8,1.00,64,35.1700,42.3700,0.8300,32.6600,0.770828
s3p90,8,1.00,128,36.4700,35.3700,1.0300,30.1000,0.851004
s3p90,8,1.00,200,28.2400,26.4100,1.0700,24.3200,0.920863
s3p90,9,0.10,1,6.8700,3.7300,1.8400,6.5300,1.750670
s3p90,9,0.10,2,9.4600,6.5900,1.4300,8.7300,1.324734
s3p90,9,0.10,4,13.0000,10.6400,1.2200,11.8300,1.111842
s3p90,9,0.10,8,23.3200,14.0300,1.6600,23.2000,1.653599
s3p90,9,0.10,16,25.7300,17.7800,1.4500,25.2500,1.420135
s3p90,9,0.10,32,31.2900,26.7600,1.1700,31.3200,1.170404
s3p90,9,0.10,64,39.2300,30.1600,1.3000,36.7100,1.217175
s3p90,9,0.10,128,31.0800,23.3500,1.3300,30.5600,1.308779
s3p90,9,0.10,200,30.9600,18.8100,1.6500,29.4600,1.566188
s3p90,9,0.50,1,6.8700,6.7600,1.0200,6.5300,0.965976
s3p90,9,0.50,2,9.4600,10.3500,0.9100,8.7300,0.843478
s3p90,9,0.50,4,13.0000,14.8700,0.8700,11.8300,0.795562
s3p90,9,0.50,8,23.3800,18.8700,1.2400,23.2000,1.229465
s3p90,9,0.50,16,25.5600,24.2500,1.0500,25.2500,1.041237
s3p90,9,0.50,32,31.7600,35.4800,0.9000,31.3200,0.882751
s3p90,9,0.50,64,39.6300,37.8800,1.0500,36.7100,0.969113
s3p90,9,0.50,128,31.1600,29.1600,1.0700,30.5600,1.048011
s3p90,9,0.50,200,31.0200,22.1000,1.4000,29.4600,1.333032
s3p90,9,1.00,1,6.8700,9.1200,0.7500,6.5300,0.716009
s3p90,9,1.00,2,9.4600,13.4000,0.7100,8.7300,0.651493
s3p90,9,1.00,4,13.0100,18.4700,0.7000,11.8300,0.640498
s3p90,9,1.00,8,23.3200,23.2300,1.0000,23.2000,0.998709
s3p90,9,1.00,16,25.3300,30.4200,0.8300,25.2500,0.830046
s3p90,9,1.00,32,31.8500,43.5900,0.7300,31.3200,0.718513
s3p90,9,1.00,64,39.8000,45.1600,0.8800,36.7100,0.812888
s3p90,9,1.00,128,31.2000,34.1500,0.9100,30.5600,0.894876
s3p90,9,1.00,200,31.1500,25.9900,1.2000,29.4600,1.133513
s3p90,10,0.10,1,8.1800,2.5200,3.2500,8.0500,3.194444
s3p90,10,0.10,2,11.0900,3.5300,3.1400,11.0700,3.135977
s3p90,10,0.10,4,16.3100,6.2500,2.6100,16.4300,2.628800
s3p90,10,0.10,8,27.3300,9.6000,2.8500,27.5600,2.870833
s3p90,10,0.10,16,42.3900,13.5000,3.1400,43.2500,3.203704
s3p90,10,0.10,32,38.4100,20.5900,1.8700,38.3800,1.864012
s3p90,10,0.10,64,34.5800,21.4300,1.6100,33.2200,1.550163
s3p90,10,0.10,128,51.3000,18.2100,2.8200,49.0800,2.695222
s3p90,10,0.10,200,46.4100,15.2500,3.0400,44.6000,2.924590
s3p90,10,0.50,1,8.1800,4.9500,1.6500,8.0500,1.626263
s3p90,10,0.50,2,11.0900,6.7500,1.6400,11.0700,1.640000
s3p90,10,0.50,4,16.3100,10.1700,1.6000,16.4300,1.615536
s3p90,10,0.50,8,27.3100,14.6200,1.8700,27.5600,1.885089
s3p90,10,0.50,16,42.2900,20.3100,2.0800,43.2500,2.129493
s3p90,10,0.50,32,38.7500,27.5400,1.4100,38.3800,1.393609
s3p90,10,0.50,64,35.2000,28.2000,1.2500,33.2200,1.178014
s3p90,10,0.50,128,51.1300,22.3900,2.2800,49.0800,2.192050
s3p90,10,0.50,200,46.5800,18.5400,2.5100,44.6000,2.405609
s3p90,10,1.00,1,8.1800,6.7900,1.2000,8.0500,1.185567
s3p90,10,1.00,2,11.0900,9.2000,1.2000,11.0700,1.203261
s3p90,10,1.00,4,16.3200,13.2600,1.2300,16.4300,1.239065
s3p90,10,1.00,8,27.2900,18.7300,1.4600,27.5600,1.471436
s3p90,10,1.00,16,42.2200,26.0600,1.6200,43.2500,1.659632
s3p90,10,1.00,32,39.3400,33.9700,1.1600,38.3800,1.129820
s3p90,10,1.00,64,36.0800,34.8500,1.0400,33.2200,0.953228
s3p90,10,1.00,128,51.2500,26.9000,1.9100,49.0800,1.824535
s3p90,10,1.00,200,46.4200,21.7900,2.1300,44.6000,2.046810
s3p90,11,0.10,1,10.5600,2.3800,4.4400,10.3700,4.357143
s3p90,11,0.10,2,9.8600,3.7700,2.6100,9.7500,2.586207
s3p90,11,0.10,4,15.2600,5.9400,2.5700,14.8600,2.501684
s3p90,11,0.10,8,31.2200,8.1200,3.8400,30.8200,3.795567
s3p90,11,0.10,16,32.5200,11.1800,2.9100,32.5000,2.906977
s3p90,11,0.10,32,36.4300,12.2800,2.9700,35.5800,2.897394
s3p90,11,0.10,64,40.4200,14.6600,2.7600,38.9400,2.656207
s3p90,11,0.10,128,28.0000,14.8100,1.8900,25.2200,1.702903
s3p90,11,0.10,200,33.4500,15.1900,2.2000,32.2600,2.123766
s3p90,11,0.50,1,10.5600,4.2800,2.4700,10.3700,2.422897
s3p90,11,0.50,2,9.8600,6.2000,1.5900,9.7500,1.572581
s3p90,11,0.50,4,15.2600,8.7600,1.7400,14.8600,1.696347
s3p90,11,0.50,8,31.2000,11.4900,2.7100,30.8200,2.682332
s3p90,11,0.50,16,32.3900,15.0500,2.1500,32.5000,2.159468
s3p90,11,0.50,32,36.2700,16.7100,2.1700,35.5800,2.129264
s3p90,11,0.50,64,40.3400,18.6800,2.1600,38.9400,2.084582
s3p90,11,0.50,128,28.0300,18.0600,1.5500,25.2200,1.396456
s3p90,11,0.50,200,33.6300,17.9800,1.8700,32.2600,1.794216
s3p90,11,1.00,1,10.5600,5.7300,1.8400,10.3700,1.809773
s3p90,11,1.00,2,9.8600,8.1100,1.2100,9.7500,1.202219
s3p90,11,1.00,4,15.2700,11.0900,1.3800,14.8600,1.339946
s3p90,11,1.00,8,31.1800,14.3200,2.1800,30.8200,2.152235
s3p90,11,1.00,16,32.2300,18.4800,1.7400,32.5000,1.758658
s3p90,11,1.00,32,36.2600,20.6000,1.7600,35.5800,1.727184
s3p90,11,1.00,64,40.2800,22.4800,1.7900,38.9400,1.732206
s3p90,11,1.00,128,28.1600,21.5600,1.3100,25.2200,1.169759
s3p90,11,1.00,200,33.7700,20.7800,1.6200,32.2600,1.552454
s3p90,12,0.10,1,7.4100,4.8000,1.5400,7.4500,1.552083
s3p90,12,0.10,2,14.6400,7.0800,2.0700,14.7800,2.087571
s3p90,12,0.10,4,17.8500,11.6500,1.5300,18.2300,1.564807
s3p90,12,0.10,8,32.4400,15.9000,2.0400,33.8800,2.130818
s3p90,12,0.10,16,42.6500,23.7800,1.7900,43.6700,1.836417
s3p90,12,0.10,32,86.5500,33.6000,2.5800,90.1400,2.682738
s3p90,12,0.10,64,110.4000,35.1900,3.1400,111.6100,3.171640
s3p90,12,0.10,128,75.1100,20.0900,3.7400,88.3800,4.399204
s3p90,12,0.10,200,54.8000,17.0300,3.2200,77.3800,4.543746
s3p90,12,0.50,1,7.4100,7.1900,1.0300,7.4500,1.036161
s3p90,12,0.50,2,14.6400,10.1100,1.4500,14.7800,1.461919
s3p90,12,0.50,4,17.8500,14.9900,1.1900,18.2300,1.216144
s3p90,12,0.50,8,32.4500,21.0400,1.5400,33.8800,1.610266
s3p90,12,0.50,16,42.4200,32.3700,1.3100,43.6700,1.349089
s3p90,12,0.50,32,83.9200,50.8300,1.6500,90.1400,1.773362
s3p90,12,0.50,64,107.5400,53.7300,2.0000,111.6100,2.077238
s3p90,12,0.50,128,71.0200,26.5100,2.6800,88.3800,3.333836
s3p90,12,0.50,200,51.7300,20.1900,2.5600,77.3800,3.832590
s3p90,12,1.00,1,7.4100,9.0500,0.8200,7.4500,0.823204
s3p90,12,1.00,2,14.6400,12.5700,1.1600,14.7800,1.175815
s3p90,12,1.00,4,17.8500,17.9300,1.0000,18.2300,1.016732
s3p90,12,1.00,8,32.4300,25.3000,1.2800,33.8800,1.339130
s3p90,12,1.00,16,42.0300,39.4600,1.0700,43.6700,1.106690
s3p90,12,1.00,32,80.7700,62.5500,1.2900,90.1400,1.441087
s3p90,12,1.00,64,102.2300,64.9400,1.5700,111.6100,1.718663
s3p90,12,1.00,128,64.1400,31.4400,2.0400,88.3800,2.811069
s3p90,12,1.00,200,46.3100,23.6400,1.9600,77.3800,3.273266
s3p90,13,0.10,1,10.8400,3.2600,3.3200,10.5100,3.223926
s3p90,13,0.10,2,11.5800,4.7100,2.4600,11.2900,2.397028
s3p90,13,0.10,4,15.8000,6.7100,2.3600,15.2900,2.278689
s3p90,13,0.10,8,21.8100,11.8100,1.8500,20.2700,1.716342
s3p90,13,0.10,16,37.5900,20.5600,1.8300,35.4000,1.721790
s3p90,13,0.10,32,63.1700,34.0600,1.8500,58.5300,1.718438
s3p90,13,0.10,64,114.1700,53.9300,2.1200,101.4200,1.880586
s3p90,13,0.10,128,89.8300,44.8500,2.0000,81.3900,1.814716
s3p90,13,0.10,200,61.6200,24.0400,2.5600,54.2700,2.257488
s3p90,13,0.50,1,10.8400,5.6500,1.9200,10.5100,1.860177
s3p90,13,0.50,2,11.5900,7.8000,1.4900,11.2900,1.447436
s3p90,13,0.50,4,15.8600,10.6300,1.4900,15.2900,1.438382
s3p90,13,0.50,8,22.0300,16.4300,1.3400,20.2700,1.233719
s3p90,13,0.50,16,37.9500,26.3500,1.4400,35.4000,1.343454
s3p90,13,0.50,32,63.1200,47.0600,1.3400,58.5300,1.243731
s3p90,13,0.50,64,103.6600,77.2300,1.3400,101.4200,1.313220
s3p90,13,0.50,128,82.0000,63.3000,1.3000,81.3900,1.285782
s3p90,13,0.50,200,55.2300,34.5500,1.6000,54.2700,1.570767
s3p90,13,1.00,1,10.8400,7.4900,1.4500,10.5100,1.403204
s3p90,13,1.00,2,11.5800,10.2200,1.1300,11.2900,1.104697
s3p90,13,1.00,4,15.8600,13.8000,1.1500,15.2900,1.107971
s3p90,13,1.00,8,22.0000,20.4700,1.0700,20.2700,0.990230
s3p90,13,1.00,16,37.6900,32.0400,1.1800,35.4000,1.104869
s3p90,13,1.00,32,61.7800,58.2700,1.0600,58.5300,1.004462
s3p90,13,1.00,64,95.6400,94.5700,1.0100,101.4200,1.072433
s3p90,13,1.00,128,80.7700,76.8000,1.0500,81.3900,1.059766
s3p90,13,1.00,200,58.2400,42.1800,1.3800,54.2700,1.286629
s3p90,14,0.10,1,9.6400,3.3400,2.8800,9.4700,2.835329
s3p90,14,0.10,2,8.7000,4.9400,1.7600,8.4500,1.710526
s3p90,14,0.10,4,17.6500,7.1500,2.4700,17.7300,2.479720
s3p90,14,0.10,8,22.2900,10.6100,2.1000,21.4400,2.020735
s3p90,14,0.10,16,31.1800,16.3500,1.9100,30.3700,1.857492
s3p90,14,0.10,32,56.6000,30.5000,1.8600,53.6600,1.759344
s3p90,14,0.10,64,53.6900,34.9900,1.5300,46.0100,1.314947
s3p90,14,0.10,128,31.6800,22.2500,1.4200,27.6500,1.242697
s3p90,14,0.10,200,31.7300,16.5500,1.9200,31.7400,1.917825
s3p90,14,0.50,1,9.6400,6.2200,1.5500,9.4700,1.522508
s3p90,14,0.50,2,8.7000,8.3900,1.0400,8.4500,1.007151
s3p90,14,0.50,4,17.6500,11.2400,1.5700,17.7300,1.577402
s3p90,14,0.50,8,22.2700,15.7500,1.4100,21.4400,1.361270
s3p90,14,0.50,16,31.1600,23.9900,1.3000,30.3700,1.265944
s3p90,14,0.50,32,56.8400,45.7100,1.2400,53.6600,1.173923
s3p90,14,0.50,64,55.6800,49.6100,1.1200,46.0100,0.927434
s3p90,14,0.50,128,32.7900,30.6100,1.0700,27.6500,0.903300
s3p90,14,0.50,200,31.7300,20.9000,1.5200,31.7400,1.518660
s3p90,14,1.00,1,9.6400,8.4500,1.1400,9.4700,1.120710
s3p90,14,1.00,2,8.7100,11.1800,0.7800,8.4500,0.755814
s3p90,14,1.00,4,17.6500,14.7100,1.2000,17.7300,1.205303
s3p90,14,1.00,8,22.2300,20.1800,1.1000,21.4400,1.062438
s3p90,14,1.00,16,31.0600,30.7100,1.0100,30.3700,0.988929
s3p90,14,1.00,32,57.3700,58.2000,0.9900,53.6600,0.921993
s3p90,14,1.00,64,57.1000,61.9500,0.9200,46.0100,0.742696
s3p90,14,1.00,128,33.9000,38.1800,0.8900,27.6500,0.724201
s3p90,14,1.00,200,31.7800,25.2100,1.2600,31.7400,1.259024
s3p90,15,0.10,1,8.4900,3.4300,2.4800,8.4700,2.469388
s3p90,15,0.10,2,11.6700,5.2500,2.2200,11.4800,2.186667
s3p90,15,0.10,4,13.4300,8.6400,1.5500,13.6100,1.575231
s3p90,15,0.10,8,19.2500,11.0900,1.7400,18.9400,1.707845
s3p90,15,0.10,16,24.2600,17.6700,1.3700,23.4800,1.328806
s3p90,15,0.10,32,41.9500,26.0700,1.6100,43.1200,1.654008
s3p90,15,0.10,64,61.6300,36.2300,1.7000,67.7600,1.870273
s3p90,15,0.10,128,43.9500,26.5000,1.6600,44.9300,1.695472
s3p90,15,0.10,200,41.1300,19.5500,2.1000,38.4100,1.964706
s3p90,15,0.50,1,8.4900,6.0700,1.4000,8.4700,1.395387
s3p90,15,0.50,2,11.6700,8.3200,1.4000,11.4800,1.379808
s3p90,15,0.50,4,13.4300,12.0300,1.1200,13.6100,1.131338
s3p90,15,0.50,8,19.2700,15.4600,1.2500,18.9400,1.225097
s3p90,15,0.50,16,24.1900,24.5200,0.9900,23.4800,0.957586
s3p90,15,0.50,32,40.7700,36.5700,1.1100,43.1200,1.179109
s3p90,15,0.50,64,57.4500,49.1300,1.1700,67.7600,1.379198
s3p90,15,0.50,128,44.1600,33.2700,1.3300,44.9300,1.350466
s3p90,15,0.50,200,40.5100,23.3100,1.7400,38.4100,1.647791
s3p90,15,1.00,1,8.4900,8.1000,1.0500,8.4700,1.045679
s3p90,15,1.00,2,11.6700,10.8200,1.0800,11.4800,1.060998
s3p90,15,1.00,4,13.4200,15.0200,0.8900,13.6100,0.906125
s3p90,15,1.00,8,19.2800,19.4400,0.9900,18.9400,0.974280
s3p90,15,1.00,16,24.0800,30.5600,0.7900,23.4800,0.768325
s3p90,15,1.00,32,39.9600,44.6000,0.9000,43.1200,0.966816
s3p90,15,1.00,64,55.3700,55.8400,0.9900,67.7600,1.213467
s3p90,15,1.00,128,45.6900,38.1500,1.2000,44.9300,1.177720
s3p90,15,1.00,200,40.9500,27.2000,1.5100,38.4100,1.412132
s3p90,16,0.10,1,9.6500,2.8300,3.4100,9.1600,3.236749
s3p90,16,0.10,2,13.7400,4.3000,3.1900,13.3800,3.111628
s3p90,16,0.10,4,11.5700,8.4100,1.3800,11.2900,1.342449
s3p90,16,0.10,8,21.2400,11.6200,1.8300,18.8000,1.617900
s3p90,16,0.10,16,23.1000,20.4000,1.1300,20.4100,1.000490
s3p90,16,0.10,32,34.1100,27.2300,1.2500,30.2900,1.112376
s3p90,16,0.10,64,52.1700,22.4300,2.3300,49.4500,2.204637
s3p90,16,0.10,128,39.8900,16.8200,2.3700,38.1000,2.265161
s3p90,16,0.10,200,28.0800,14.6600,1.9200,24.0400,1.639836
s3p90,16,0.50,1,9.6500,5.2300,1.8400,9.1600,1.751434
s3p90,16,0.50,2,13.7500,7.2400,1.9000,13.3800,1.848066
s3p90,16,0.50,4,11.5700,11.5300,1.0000,11.2900,0.979185
s3p90,16,0.50,8,21.1500,15.6500,1.3500,18.8000,1.201278
s3p90,16,0.50,16,22.9600,26.3700,0.8700,20.4100,0.773986
s3p90,16,0.50,32,33.7900,34.3600,0.9800,30.2900,0.881548
s3p90,16,0.50,64,53.3700,29.3700,1.8200,49.4500,1.683691
s3p90,16,0.50,128,39.9900,21.0300,1.9000,38.1000,1.811698
s3p90,16,0.50,200,28.1600,17.6600,1.5900,24.0400,1.361268
s3p90,16,1.00,1,9.6500,7.0900,1.3600,9.1600,1.291961
s3p90,16,1.00,2,13.7500,9.6100,1.4300,13.3800,1.392300
s3p90,16,1.00,4,11.5800,14.2100,0.8100,11.2900,0.794511
s3p90,16,1.00,8,21.1400,19.3200,1.0900,18.8000,0.973085
s3p90,16,1.00,16,23.0300,32.0300,0.7200,20.4100,0.637215
s3p90,16,1.00,32,32.7100,42.4400,0.7700,30.2900,0.713713
s3p90,16,1.00,64,52.9300,35.5400,1.4900,49.4500,1.391390
s3p90,16,1.00,128,40.0600,24.6700,1.6200,38.1000,1.544386
s3p90,16,1.00,200,28.1400,20.9200,1.3500,24.0400,1.149140
s3p90,17,0.10,1,6.4600,2.9700,2.1800,6.4000,2.154882
s3p90,17,0.10,2,9.1000,4.1800,2.1800,9.0500,2.165072
s3p90,17,0.10,4,12.7600,7.5100,1.7000,12.5300,1.668442
s3p90,17,0.10,8,21.2000,10.4200,2.0400,20.6100,1.977927
s3p90,17,0.10,16,35.2500,15.4200,2.2900,35.3000,2.289235
s3p90,17,0.10,32,39.3500,21.7500,1.8100,39.4400,1.813333
s3p90,17,0.10,64,49.6800,29.7900,1.6700,46.5900,1.563948
s3p90,17,0.10,128,42.6900,27.1500,1.5700,39.5000,1.454880
s3p90,17,0.10,200,27.9100,16.1300,1.7300,26.2700,1.628642
s3p90,17,0.50,1,6.4600,5.2800,1.2200,6.4000,1.212121
s3p90,17,0.50,2,9.1000,7.2500,1.2500,9.0500,1.248276
s3p90,17,0.50,4,12.7900,11.0500,1.1600,12.5300,1.133937
s3p90,17,0.50,8,21.2400,15.5400,1.3700,20.6100,1.326255
s3p90,17,0.50,16,35.2900,23.5800,1.5000,35.3000,1.497031
s3p90,17,0.50,32,40.3000,36.2900,1.1100,39.4400,1.086801
s3p90,17,0.50,64,50.7700,44.5000,1.1400,46.5900,1.046966
s3p90,17,0.50,128,42.6000,35.5700,1.2000,39.5000,1.110486
s3p90,17,0.50,200,27.7400,20.1000,1.3800,26.2700,1.306965
s3p90,17,1.00,1,6.4600,7.0500,0.9200,6.4000,0.907801
s3p90,17,1.00,2,9.1000,9.6500,0.9400,9.0500,0.937824
s3p90,17,1.00,4,12.7900,14.0000,0.9100,12.5300,0.895000
s3p90,17,1.00,8,21.0400,19.6500,1.0700,20.6100,1.048855
s3p90,17,1.00,16,35.2900,30.3700,1.1600,35.3000,1.162331
s3p90,17,1.00,32,40.4300,47.6400,0.8500,39.4400,0.827876
s3p90,17,1.00,64,50.4100,56.0400,0.9000,46.5900,0.831370
s3p90,17,1.00,128,42.3700,41.7200,1.0200,39.5000,0.946788
s3p90,17,1.00,200,28.2100,23.6400,1.1900,26.2700,1.111252
s3p90,18,0.10,1,11.2500,3.3400,3.3700,10.9400,3.275449
s3p90,18,0.10,2,13.2000,4.9600,2.6600,12.8100,2.582661
s3p90,18,0.10,4,15.5800,10.9600,1.4200,14.6700,1.338504
s3p90,18,0.10,8,21.5700,16.8300,1.2800,20.9000,1.241830
s3p90,18,0.10,16,37.5600,30.8800,1.2200,35.1600,1.138601
s3p90,18,0.10,32,85.3300,83.4800,1.0200,67.1300,0.804145
s3p90,18,0.10,64,134.9600,101.8600,1.3300,123.1900,1.209405
s3p90,18,0.10,128,229.8600,63.0500,3.6500,254.3400,4.033941
s3p90,18,0.10,200,208.0800,39.4800,5.2700,469.4300,11.890324
s3p90,18,0.50,1,11.2500,6.0200,1.8700,10.9400,1.817276
s3p90,18,0.50,2,13.2000,8.5000,1.5500,12.8100,1.507059
s3p90,18,0.50,4,15.5700,15.0900,1.0300,14.6700,0.972167
s3p90,18,0.50,8,21.5400,23.0100,0.9400,20.9000,0.908301
s3p90,18,0.50,16,37.3700,47.3000,0.7900,35.1600,0.743340
s3p90,18,0.50,32,83.6800,110.0400,0.7600,67.1300,0.610051
s3p90,18,0.50,64,139.4800,129.5900,1.0800,123.1900,0.950613
s3p90,18,0.50,128,166.8800,83.8200,1.9900,254.3400,3.034359
s3p90,18,0.50,200,152.0000,49.6100,3.0600,469.4300,9.462407
s3p90,18,1.00,1,11.2500,8.0500,1.4000,10.9400,1.359006
s3p90,18,1.00,2,13.1900,11.2500,1.1700,12.8100,1.138667
s3p90,18,1.00,4,15.5700,18.5400,0.8400,14.6700,0.791262
s3p90,18,1.00,8,21.5300,28.2200,0.7600,20.9000,0.740609
s3p90,18,1.00,16,37.3300,58.6400,0.6400,35.1600,0.599591
s3p90,18,1.00,32,87.0300,122.5000,0.7100,67.1300,0.548000
s3p90,18,1.00,64,144.6800,143.8000,1.0100,123.1900,0.856676
s3p90,18,1.00,128,166.3000,99.6500,1.6700,254.3400,2.552333
s3p90,18,1.00,200,118.7500,44.5000,2.6700,469.4300,10.548989
s3p90,19,0.10,1,10.8100,3.3800,3.2000,10.8000,3.195266
s3p90,19,0.10,2,10.3200,4.5600,2.2600,10.1800,2.232456
s3p90,19,0.10,4,18.5600,7.1000,2.6100,18.6300,2.623944
s3p90,19,0.10,8,23.5200,10.2000,2.3100,23.3800,2.292157
s3p90,19,0.10,16,29.6800,16.4600,1.8000,28.1500,1.710207
s3p90,19,0.10,32,36.8900,19.7600,1.8700,35.6800,1.805668
s3p90,19,0.10,64,43.6900,24.7100,1.7700,38.8200,1.571024
s3p90,19,0.10,128,37.3400,20.9700,1.7800,35.1800,1.677635
s3p90,19,0.10,200,29.8400,18.0300,1.6600,26.9000,1.491958
s3p90,19,0.50,1,10.8100,6.7900,1.5900,10.8000,1.590574
s3p90,19,0.50,2,10.3100,9.2800,1.1100,10.1800,1.096983
s3p90,19,0.50,4,18.6500,13.1400,1.4200,18.6300,1.417808
s3p90,19,0.50,8,23.7000,17.9500,1.3200,23.3800,1.302507
s3p90,19,0.50,16,29.4100,26.8400,1.1000,28.1500,1.048808
s3p90,19,0.50,32,37.4100,30.8700,1.2100,35.6800,1.155815
s3p90,19,0.50,64,44.9000,34.4500,1.3000,38.8200,1.126851
s3p90,19,0.50,128,37.3900,26.5100,1.4100,35.1800,1.327046
s3p90,19,0.50,200,29.5500,21.0700,1.4000,26.9000,1.276697
s3p90,19,1.00,1,10.8100,9.3800,1.1500,10.8000,1.151386
s3p90,19,1.00,2,10.3100,12.8600,0.8000,10.1800,0.791602
s3p90,19,1.00,4,18.6400,17.8400,1.0400,18.6300,1.044283
s3p90,19,1.00,8,23.6700,24.2300,0.9800,23.3800,0.964920
s3p90,19,1.00,16,29.2800,35.6100,0.8200,28.1500,0.790508
s3p90,19,1.00,32,38.2600,41.0400,0.9300,35.6800,0.869396
s3p90,19,1.00,64,46.3100,43.1100,1.0700,38.8200,0.900487
s3p90,19,1.00,128,38.2900,31.7400,1.2100,35.1800,1.108381
s3p90,19,1.00,200,29.1500,24.2300,1.2000,26.9000,1.110194
shuf,0,0.10,1,0.3300,6.9100,0.0500,0.3300,0.047757
shuf,0,0.10,2,0.4200,7.9400,0.0500,0.4200,0.052897
shuf,0,0.10,4,0.5900,11.1300,0.0500,0.5800,0.052111
shuf,0,0.10,8,1.0300,25.2200,0.0400,1.0200,0.040444
shuf,0,0.10,16,3.8800,34.2100,0.1100,1.8400,0.053785
shuf,0,0.10,32,4.2200,53.0000,0.0800,2.5800,0.048679
shuf,0,0.10,64,8.6100,78.5600,0.1100,5.7000,0.072556
shuf,0,0.10,128,29.5000,108.1000,0.2700,54.3000,0.502313
shuf,0,0.10,200,71.6200,143.9400,0.5000,109.1800,0.758510
shuf,0,0.50,1,0.3300,14.0800,0.0200,0.3300,0.023438
shuf,0,0.50,2,0.4300,16.9100,0.0300,0.4200,0.024837
shuf,0,0.50,4,0.6100,22.7900,0.0300,0.5800,0.025450
shuf,0,0.50,8,1.0800,45.4100,0.0200,1.0200,0.022462
shuf,0,0.50,16,3.0900,60.4800,0.0500,1.8400,0.030423
shuf,0,0.50,32,4.2100,80.7700,0.0500,2.5800,0.031943
shuf,0,0.50,64,8.5200,92.4000,0.0900,5.7000,0.061688
shuf,0,0.50,128,25.6300,124.1100,0.2100,54.3000,0.437515
shuf,0,0.50,200,51.6800,136.0000,0.3800,109.1800,0.802794
shuf,0,1.00,1,0.3400,19.4900,0.0200,0.3300,0.016932
shuf,0,1.00,2,0.4300,23.7200,0.0200,0.4200,0.017707
shuf,0,1.00,4,0.6300,31.6100,0.0200,0.5800,0.018349
shuf,0,1.00,8,1.1300,60.8200,0.0200,1.0200,0.016771
shuf,0,1.00,16,4.2100,77.1900,0.0500,1.8400,0.023837
shuf,0,1.00,32,7.2700,108.1900,0.0700,2.5800,0.023847
shuf,0,1.00,64,15.3900,115.0900,0.1300,5.7000,0.049526
shuf,0,1.00,128,39.7100,133.1600,0.3000,54.3000,0.407780
shuf,0,1.00,200,73.6600,142.3500,0.5200,109.1800,0.766983
shuf,1,0.10,1,0.2800,4.1000,0.0700,0.2800,0.068293
shuf,1,0.10,2,0.3600,5.5300,0.0600,0.3600,0.065099
shuf,1,0.10,4,0.4900,6.0700,0.0800,0.4900,0.080725
shuf,1,0.10,8,1.1900,10.5000,0.1100,1.2200,0.116190
shuf,1,0.10,16,1.0300,26.8600,0.0400,1.4100,0.052494
shuf,1,0.10,32,2.3900,40.0600,0.0600,3.0100,0.075137
shuf,1,0.10,64,2.3300,29.8900,0.0800,1.6800,0.056206
shuf,1,0.10,128,5.2800,63.0400,0.0800,2.4000,0.038071
shuf,1,0.10,200,10.4900,61.9000,0.1700,2.6500,0.042811
shuf,1,0.50,1,0.2800,9.1600,0.0300,0.2800,0.030568
shuf,1,0.50,2,0.3600,12.3600,0.0300,0.3600,0.029126
shuf,1,0.50,4,0.4900,13.5600,0.0400,0.4900,0.036136
shuf,1,0.50,8,1.1900,21.2200,0.0600,1.2200,0.057493
shuf,1,0.50,16,1.8300,36.7200,0.0500,1.4100,0.038399
shuf,1,0.50,32,3.4700,48.4300,0.0700,3.0100,0.062152
shuf,1,0.50,64,2.8200,39.9000,0.0700,1.6800,0.042105
shuf,1,0.50,128,7.5600,76.7400,0.1000,2.4000,0.031274
shuf,1,0.50,200,16.0600,83.5300,0.1900,2.6500,0.031725
shuf,1,1.00,1,0.2800,12.9600,0.0200,0.2800,0.021605
shuf,1,1.00,2,0.3600,17.4800,0.0200,0.3600,0.020595
shuf,1,1.00,4,0.5000,19.2000,0.0300,0.4900,0.025521
shuf,1,1.00,8,1.1800,28.7500,0.0400,1.2200,0.042435
shuf,1,1.00,16,1.7500,46.3900,0.0400,1.4100,0.030394
shuf,1,1.00,32,3.1600,59.0900,0.0500,3.0100,0.050939
shuf,1,1.00,64,3.9300,51.5600,0.0800,1.6800,0.032583
shuf,1,1.00,128,12.8400,88.4600,0.1500,2.4000,0.027131
shuf,1,1.00,200,27.7300,96.0100,0.2900,2.6500,0.027601
shuf,2,0.10,1,0.3700,3.5800,0.1000,0.3700,0.103352
shuf,2,0.10,2,0.5000,4.9000,0.1000,0.5000,0.102041
shuf,2,0.10,4,0.6600,7.3300,0.0900,0.6800,0.092769
shuf,2,0.10,8,1.0000,9.0600,0.1100,1.0100,0.111479
shuf,2,0.10,16,2.5500,24.9300,0.1000,1.2600,0.050542
shuf,2,0.10,32,5.3500,42.8300,0.1200,2.2400,0.052300
shuf,2,0.10,64,6.1400,42.1700,0.1500,1.8300,0.043396
shuf,2,0.10,128,11.1100,69.9100,0.1600,2.4800,0.035474
shuf,2,0.10,200,19.7900,87.1000,0.2300,4.4500,0.051091
shuf,2,0.50,1,0.3700,8.0000,0.0500,0.3700,0.046250
shuf,2,0.50,2,0.5000,10.9300,0.0500,0.5000,0.045746
shuf,2,0.50,4,0.6700,14.8000,0.0500,0.6800,0.045946
shuf,2,0.50,8,1.0100,19.4800,0.0500,1.0100,0.051848
shuf,2,0.50,16,2.0000,40.9800,0.0500,1.2600,0.030747
shuf,2,0.50,32,3.6200,65.8500,0.0500,2.2400,0.034017
shuf,2,0.50,64,5.8300,63.6000,0.0900,1.8300,0.028774
shuf,2,0.50,128,16.2000,93.7800,0.1700,2.4800,0.026445
shuf,2,0.50,200,35.8000,112.4500,0.3200,4.4500,0.039573
shuf,2,1.00,1,0.3700,11.3100,0.0300,0.3700,0.032714
shuf,2,1.00,2,0.5100,15.4500,0.0300,0.5000,0.032362
shuf,2,1.00,4,0.6700,21.5200,0.0300,0.6800,0.031599
shuf,2,1.00,8,1.0200,27.8000,0.0400,1.0100,0.036331
shuf,2,1.00,16,3.6400,54.5400,0.0700,1.2600,0.023102
shuf,2,1.00,32,8.1100,84.3800,0.1000,2.2400,0.026547
shuf,2,1.00,64,13.0800,92.5600,0.1400,1.8300,0.019771
shuf,2,1.00,128,28.8200,123.1600,0.2300,2.4800,0.020136
shuf,2,1.00,200,50.9800,125.7700,0.4100,4.4500,0.035382
shuf,3,0.10,1,0.2500,4.2300,0.0600,0.2500,0.059102
shuf,3,0.10,2,0.3500,5.9400,0.0600,0.3500,0.058923
shuf,3,0.10,4,0.5400,7.4700,0.0700,0.5400,0.072289
shuf,3,0.10,8,0.9000,10.0700,0.0900,0.8900,0.088381
shuf,3,0.10,16,2.1400,18.6700,0.1100,1.3100,0.070166
shuf,3,0.10,32,4.5900,30.4500,0.1500,2.0000,0.065681
shuf,3,0.10,64,4.4900,31.3200,0.1400,2.0800,0.066411
shuf,3,0.10,128,10.8300,62.1200,0.1700,6.9200,0.111397
shuf,3,0.10,200,12.1900,55.3400,0.2200,3.7100,0.067040
shuf,3,0.50,1,0.2500,9.4700,0.0300,0.2500,0.026399
shuf,3,0.50,2,0.3500,13.2600,0.0300,0.3500,0.026395
shuf,3,0.50,4,0.5500,16.6400,0.0300,0.5400,0.032452
shuf,3,0.50,8,0.9100,22.5700,0.0400,0.8900,0.039433
shuf,3,0.50,16,1.9400,33.2800,0.0600,1.3100,0.039363
shuf,3,0.50,32,3.5400,56.8300,0.0600,2.0000,0.035193
shuf,3,0.50,64,6.3500,60.2700,0.1100,2.0800,0.034511
shuf,3,0.50,128,21.2300,86.7700,0.2400,6.9200,0.079751
shuf,3,0.50,200,30.2800,85.4700,0.3500,3.7100,0.043407
shuf,3,1.00,1,0.2500,13.3900,0.0200,0.2500,0.018671
shuf,3,1.00,2,0.3500,18.7600,0.0200,0.3500,0.018657
shuf,3,1.00,4,0.5500,23.5200,0.0200,0.5400,0.022959
shuf,3,1.00,8,0.9400,32.1500,0.0300,0.8900,0.027683
shuf,3,1.00,16,3.3700,49.4800,0.0700,1.3100,0.026475
shuf,3,1.00,32,6.0000,82.3400,0.0700,2.0000,0.024290
shuf,3,1.00,64,13.0500,91.8800,0.1400,2.0800,0.022638
shuf,3,1.00,128,25.7200,114.9700,0.2200,6.9200,0.060190
shuf,3,1.00,200,49.0500,119.7900,0.4100,3.7100,0.030971
shuf,4,0.10,1,0.3000,3.3400,0.0900,0.3000,0.089820
shuf,4,0.10,2,0.4100,4.4300,0.0900,0.4100,0.092551
shuf,4,0.10,4,0.5700,6.7100,0.0900,0.5700,0.084948
shuf,4,0.10,8,1.0400,7.5400,0.1400,1.0300,0.136605
shuf,4,0.10,16,2.0800,24.7300,0.0800,1.5600,0.063081
shuf,4,0.10,32,3.7000,37.3200,0.1000,2.1300,0.057074
shuf,4,0.10,64,3.7600,37.2300,0.1000,2.2600,0.060704
shuf,4,0.10,128,9.9000,76.1300,0.1300,4.7800,0.062787
shuf,4,0.10,200,28.6000,109.1700,0.2600,9.8000,0.089768
shuf,4,0.50,1,0.3000,7.4800,0.0400,0.3000,0.040107
shuf,4,0.50,2,0.4100,9.8900,0.0400,0.4100,0.041456
shuf,4,0.50,4,0.5800,13.5900,0.0400,0.5700,0.041943
shuf,4,0.50,8,1.0600,16.0300,0.0700,1.0300,0.064255
shuf,4,0.50,16,2.3600,37.4000,0.0600,1.5600,0.041711
shuf,4,0.50,32,4.9700,61.9000,0.0800,2.1300,0.034410
shuf,4,0.50,64,5.2400,59.5000,0.0900,2.2600,0.037983
shuf,4,0.50,128,19.3400,99.8600,0.1900,4.7800,0.047867
shuf,4,0.50,200,49.6900,115.6000,0.4300,9.8000,0.084775
shuf,4,1.00,1,0.3000,10.5700,0.0300,0.3000,0.028382
shuf,4,1.00,2,0.4100,13.9800,0.0300,0.4100,0.029328
shuf,4,1.00,4,0.5800,18.7900,0.0300,0.5700,0.030335
shuf,4,1.00,8,1.0800,22.4700,0.0500,1.0300,0.045839
shuf,4,1.00,16,3.2600,48.5500,0.0700,1.5600,0.032132
shuf,4,1.00,32,7.9000,78.8900,0.1000,2.1300,0.027000
shuf,4,1.00,64,16.5000,83.0500,0.2000,2.2600,0.027213
shuf,4,1.00,128,36.8100,117.3700,0.3100,4.7800,0.040726
shuf,4,1.00,200,57.8500,127.7200,0.4500,9.8000,0.076730
shuf,5,0.10,1,0.4300,3.7400,0.1100,0.4300,0.114973
shuf,5,0.10,2,0.6300,5.0000,0.1300,0.6300,0.126000
shuf,5,0.10,4,0.8600,6.7000,0.1300,0.8600,0.128358
shuf,5,0.10,8,1.1700,10.1600,0.1100,1.1800,0.116142
shuf,5,0.10,16,2.9300,20.1300,0.1500,1.2900,0.064083
shuf,5,0.10,32,4.1600,29.3200,0.1400,1.6100,0.054911
shuf,5,0.10,64,3.8000,27.5500,0.1400,1.2200,0.044283
shuf,5,0.10,128,10.9100,62.9800,0.1700,3.6400,0.057796
shuf,5,0.10,200,15.2500,67.1200,0.2300,2.3000,0.034267
shuf,5,0.50,1,0.4300,8.3700,0.0500,0.4300,0.051374
shuf,5,0.50,2,0.6300,11.1600,0.0600,0.6300,0.056452
shuf,5,0.50,4,0.8600,14.9800,0.0600,0.8600,0.057410
shuf,5,0.50,8,1.1600,22.9700,0.0500,1.1800,0.051371
shuf,5,0.50,16,4.2900,34.2200,0.1300,1.2900,0.037697
shuf,5,0.50,32,5.8500,54.7200,0.1100,1.6100,0.029423
shuf,5,0.50,64,7.9400,50.2600,0.1600,1.2200,0.024274
shuf,5,0.50,128,15.3900,80.7600,0.1900,3.6400,0.045072
shuf,5,0.50,200,24.1200,83.5600,0.2900,2.3000,0.027525
shuf,5,1.00,1,0.4300,11.8300,0.0400,0.4300,0.036348
shuf,5,1.00,2,0.6300,15.7700,0.0400,0.6300,0.039949
shuf,5,1.00,4,0.8600,21.2200,0.0400,0.8600,0.040528
shuf,5,1.00,8,1.1600,32.2600,0.0400,1.1800,0.036578
shuf,5,1.00,16,6.0900,49.0600,0.1200,1.2900,0.026294
shuf,5,1.00,32,11.1200,74.3800,0.1500,1.6100,0.021646
shuf,5,1.00,64,15.1400,77.6800,0.1900,1.2200,0.015705
shuf,5,1.00,128,33.2200,109.8000,0.3000,3.6400,0.033151
shuf,5,1.00,200,59.8200,109.8900,0.5400,2.3000,0.020930
shuf,6,0.10,1,0.2400,21.5800,0.0100,0.2100,0.009731
shuf,6,0.10,2,0.4900,38.9400,0.0100,0.4400,0.011299
shuf,6,0.10,4,0.8700,64.7300,0.0100,0.8300,0.012822
shuf,6,0.10,8,1.1100,81.2200,0.0100,1.1400,0.014036
shuf,6,0.10,16,1.7800,116.3500,0.0200,1.9000,0.016330
shuf,6,0.10,32,4.3200,149.8500,0.0300,3.3700,0.022489
shuf,6,0.10,64,9.2800,159.3900,0.0600,13.4100,0.084133
shuf,6,0.10,128,33.9200,159.9500,0.2100,11.7000,0.073148
shuf,6,0.10,200,82.6100,182.2000,0.4500,23.8000,0.130626
shuf,6,0.50,1,0.3200,47.6500,0.0100,0.2100,0.004407
shuf,6,0.50,2,0.6100,83.9900,0.0100,0.4400,0.005239
shuf,6,0.50,4,1.0200,127.6600,0.0100,0.8300,0.006502
shuf,6,0.50,8,2.6300,155.3400,0.0200,1.1400,0.007339
shuf,6,0.50,16,4.5400,168.1600,0.0300,1.9000,0.011299
shuf,6,0.50,32,9.3300,172.2000,0.0500,3.3700,0.019570
shuf,6,0.50,64,17.7200,161.3300,0.1100,13.4100,0.083122
shuf,6,0.50,128,44.8000,176.4400,0.2500,11.7000,0.066311
shuf,6,0.50,200,93.9600,172.9000,0.5400,23.8000,0.137652
shuf,6,1.00,1,0.4000,67.2600,0.0100,0.2100,0.003122
shuf,6,1.00,2,0.7100,114.1900,0.0100,0.4400,0.003853
shuf,6,1.00,4,1.1600,165.1500,0.0100,0.8300,0.005026
shuf,6,1.00,8,2.5900,181.9600,0.0100,1.1400,0.006265
shuf,6,1.00,16,4.9600,178.9900,0.0300,1.9000,0.010615
shuf,6,1.00,32,7.1100,177.7500,0.0400,3.3700,0.018959
shuf,6,1.00,64,15.1200,174.6500,0.0900,13.4100,0.076782
shuf,6,1.00,128,46.4500,185.3000,0.2500,11.7000,0.063141
shuf,6,1.00,200,99.2100,179.3500,0.5500,23.8000,0.132701
shuf,7,0.10,1,0.3300,3.8200,0.0900,0.3300,0.086387
shuf,7,0.10,2,0.4000,5.1900,0.0800,0.4000,0.077071
shuf,7,0.10,4,0.7800,6.7800,0.1200,0.7800,0.115044
shuf,7,0.10,8,1.3000,10.0200,0.1300,1.3100,0.130739
shuf,7,0.10,16,2.1100,20.3800,0.1000,1.0900,0.053484
shuf,7,0.10,32,2.7000,29.7100,0.0900,1.6000,0.053854
shuf,7,0.10,64,3.2400,27.2700,0.1200,1.3000,0.047671
shuf,7,0.10,128,8.3300,64.5600,0.1300,4.2100,0.065211
shuf,7,0.10,200,14.4100,66.4600,0.2200,2.1900,0.032952
shuf,7,0.50,1,0.3300,8.5400,0.0400,0.3300,0.038642
shuf,7,0.50,2,0.4000,11.5900,0.0300,0.4000,0.034513
shuf,7,0.50,4,0.7800,15.1500,0.0500,0.7800,0.051485
shuf,7,0.50,8,1.3100,22.7300,0.0600,1.3100,0.057633
shuf,7,0.50,16,3.8200,36.0200,0.1100,1.0900,0.030261
shuf,7,0.50,32,6.6400,57.8100,0.1100,1.6000,0.027677
shuf,7,0.50,64,6.5600,57.0700,0.1100,1.3000,0.022779
shuf,7,0.50,128,16.1900,87.1200,0.1900,4.2100,0.048324
shuf,7,0.50,200,34.9400,89.2300,0.3900,2.1900,0.024543
shuf,7,1.00,1,0.3400,12.0800,0.0300,0.3300,0.027318
shuf,7,1.00,2,0.4100,16.3800,0.0200,0.4000,0.024420
shuf,7,1.00,4,0.7800,21.4500,0.0400,0.7800,0.036364
shuf,7,1.00,8,1.3300,31.9100,0.0400,1.3100,0.041053
shuf,7,1.00,16,3.0300,52.4300,0.0600,1.0900,0.020790
shuf,7,1.00,32,6.4200,81.8100,0.0800,1.6000,0.019558
shuf,7,1.00,64,12.3700,87.8700,0.1400,1.3000,0.014795
shuf,7,1.00,128,30.5100,122.1000,0.2500,4.2100,0.034480
shuf,7,1.00,200,60.1200,116.8600,0.5100,2.1900,0.018740
shuf,8,0.10,1,0.1900,22.6400,0.0100,0.1700,0.007509
shuf,8,0.10,2,0.3700,39.1100,0.0100,0.3100,0.007926
shuf,8,0.10,4,0.6600,60.4300,0.0100,0.5400,0.008936
shuf,8,0.10,8,1.0100,93.9900,0.0100,0.8500,0.009044
shuf,8,0.10,16,1.8100,129.0300,0.0100,1.3600,0.010540
shuf,8,0.10,32,3.4900,145.7500,0.0200,3.1200,0.021407
shuf,8,0.10,64,9.3300,153.8900,0.0600,5.8500,0.038014
shuf,8,0.10,128,31.9900,179.6200,0.1800,18.4400,0.102661
shuf,8,0.10,200,66.8500,173.3000,0.3900,60.0000,0.346220
shuf,8,0.50,1,0.2600,50.6300,0.0100,0.1700,0.003358
shuf,8,0.50,2,0.5100,84.6600,0.0100,0.3100,0.003662
shuf,8,0.50,4,0.8800,122.0900,0.0100,0.5400,0.004423
shuf,8,0.50,8,1.2100,150.2400,0.0100,0.8500,0.005658
shuf,8,0.50,16,1.8400,160.3100,0.0100,1.3600,0.008484
shuf,8,0.50,32,4.9600,164.5000,0.0300,3.1200,0.018967
shuf,8,0.50,64,16.0500,165.7000,0.1000,5.8500,0.035305
shuf,8,0.50,128,47.2400,173.4600,0.2700,18.4400,0.106307
shuf,8,0.50,200,97.6400,171.8600,0.5700,60.0000,0.349121
shuf,8,1.00,1,0.3200,71.6100,0.0000,0.1700,0.002374
shuf,8,1.00,2,0.6200,115.6500,0.0100,0.3100,0.002681
shuf,8,1.00,4,0.9900,153.2200,0.0100,0.5400,0.003524
shuf,8,1.00,8,1.6800,165.3800,0.0100,0.8500,0.005140
shuf,8,1.00,16,2.7400,169.0200,0.0200,1.3600,0.008046
shuf,8,1.00,32,5.1100,172.5100,0.0300,3.1200,0.018086
shuf,8,1.00,64,16.5300,174.3500,0.0900,5.8500,0.033553
shuf,8,1.00,128,50.2500,180.3800,0.2800,18.4400,0.102229
shuf,8,1.00,200,91.7800,162.2000,0.5700,60.0000,0.369914
shuf,9,0.10,1,0.2400,4.0400,0.0600,0.2400,0.059406
shuf,9,0.10,2,0.3700,5.4200,0.0700,0.3700,0.068266
shuf,9,0.10,4,0.5100,5.9500,0.0900,0.5100,0.085714
shuf,9,0.10,8,0.9500,8.2800,0.1100,0.9500,0.114734
shuf,9,0.10,16,1.7000,20.6000,0.0800,1.1100,0.053883
shuf,9,0.10,32,4.7100,34.3000,0.1400,1.8500,0.053936
shuf,9,0.10,64,3.4400,25.1000,0.1400,1.1000,0.043825
shuf,9,0.10,128,8.3200,56.7900,0.1500,2.2200,0.039091
shuf,9,0.10,200,10.1600,64.9500,0.1600,2.4900,0.038337
shuf,9,0.50,1,0.2400,9.0400,0.0300,0.2400,0.026549
shuf,9,0.50,2,0.3700,12.0900,0.0300,0.3700,0.030604
shuf,9,0.50,4,0.5100,13.2800,0.0400,0.5100,0.038404
shuf,9,0.50,8,0.9600,18.5000,0.0500,0.9500,0.051351
shuf,9,0.50,16,2.3000,33.5500,0.0700,1.1100,0.033085
shuf,9,0.50,32,3.1900,48.1200,0.0700,1.8500,0.038446
shuf,9,0.50,64,3.3800,39.4600,0.0900,1.1000,0.027876
shuf,9,0.50,128,9.1900,76.7800,0.1200,2.2200,0.028914
shuf,9,0.50,200,17.2000,86.5300,0.2000,2.4900,0.028776
shuf,9,1.00,1,0.2500,12.7900,0.0200,0.2400,0.018765
shuf,9,1.00,2,0.3700,17.0900,0.0200,0.3700,0.021650
shuf,9,1.00,4,0.5200,18.7800,0.0300,0.5100,0.027157
shuf,9,1.00,8,0.9700,26.1800,0.0400,0.9500,0.036287
shuf,9,1.00,16,2.0300,44.7300,0.0500,1.1100,0.024816
shuf,9,1.00,32,4.0400,61.0700,0.0700,1.8500,0.030293
shuf,9,1.00,64,3.9500,55.2600,0.0700,1.1000,0.019906
shuf,9,1.00,128,12.5600,91.9200,0.1400,2.2200,0.024151
shuf,9,1.00,200,32.4500,96.2000,0.3400,2.4900,0.025884
shuf,10,0.10,1,0.3100,3.3500,0.0900,0.3100,0.092537
shuf,10,0.10,2,0.3900,4.5100,0.0900,0.3900,0.086475
shuf,10,0.10,4,0.5300,6.8200,0.0800,0.5300,0.077713
shuf,10,0.10,8,1.5600,8.0700,0.1900,0.8800,0.109046
shuf,10,0.10,16,4.3400,25.5600,0.1700,1.4600,0.057121
shuf,10,0.10,32,6.3500,38.4600,0.1700,1.9100,0.049662
shuf,10,0.10,64,8.8300,40.7300,0.2200,1.5800,0.038792
shuf,10,0.10,128,15.0600,79.2100,0.1900,2.9100,0.036738
shuf,10,0.10,200,35.3900,96.9100,0.3700,4.1500,0.042823
shuf,10,0.50,1,0.3100,7.5000,0.0400,0.3100,0.041333
shuf,10,0.50,2,0.3900,10.0800,0.0400,0.3900,0.038690
shuf,10,0.50,4,0.5300,13.7400,0.0400,0.5300,0.038574
shuf,10,0.50,8,0.9000,15.7500,0.0600,0.8800,0.055873
shuf,10,0.50,16,4.0400,36.5800,0.1100,1.4600,0.039913
shuf,10,0.50,32,5.3600,61.0600,0.0900,1.9100,0.031281
shuf,10,0.50,64,9.5100,61.6500,0.1500,1.5800,0.025629
shuf,10,0.50,128,25.8800,96.3400,0.2700,2.9100,0.030206
shuf,10,0.50,200,57.8900,115.0500,0.5000,4.1500,0.036071
shuf,10,1.00,1,0.3100,10.6000,0.0300,0.3100,0.029245
shuf,10,1.00,2,0.4000,14.2500,0.0300,0.3900,0.027368
shuf,10,1.00,4,0.5400,18.9800,0.0300,0.5300,0.027924
shuf,10,1.00,8,0.9200,22.0300,0.0400,0.8800,0.039946
shuf,10,1.00,16,2.7000,48.0800,0.0600,1.4600,0.030366
shuf,10,1.00,32,5.4700,76.8900,0.0700,1.9100,0.024841
shuf,10,1.00,64,10.6000,87.3300,0.1200,1.5800,0.018092
shuf,10,1.00,128,29.5100,118.5300,0.2500,2.9100,0.024551
shuf,10,1.00,200,58.9200,126.6300,0.4700,4.1500,0.032773
shuf,11,0.10,1,0.3600,9.8100,0.0400,0.3600,0.036697
shuf,11,0.10,2,0.5900,15.6200,0.0400,0.5800,0.037132
shuf,11,0.10,4,0.8900,20.4100,0.0400,0.8700,0.042626
shuf,11,0.10,8,1.7000,79.0800,0.0200,1.7400,0.022003
shuf,11,0.10,16,3.2700,135.8900,0.0200,1.6100,0.011848
shuf,11,0.10,32,5.1800,129.0800,0.0400,1.9600,0.015184
shuf,11,0.10,64,10.3800,176.7200,0.0600,2.7200,0.015392
shuf,11,0.10,128,50.9100,189.5400,0.2700,15.8000,0.083360
shuf,11,0.10,200,102.1200,184.0600,0.5500,49.5700,0.269314
shuf,11,0.50,1,0.3800,21.9400,0.0200,0.3600,0.016408
shuf,11,0.50,2,0.6300,35.2600,0.0200,0.5800,0.016449
shuf,11,0.50,4,0.9500,47.1100,0.0200,0.8700,0.018467
shuf,11,0.50,8,3.4600,153.7000,0.0200,1.7400,0.011321
shuf,11,0.50,16,5.3200,184.2200,0.0300,1.6100,0.008740
shuf,11,0.50,32,9.3400,165.6500,0.0600,1.9600,0.011832
shuf,11,0.50,64,18.8500,191.4500,0.1000,2.7200,0.014207
shuf,11,0.50,128,49.3900,192.2700,0.2600,15.8000,0.082176
shuf,11,0.50,200,107.2500,186.4500,0.5800,49.5700,0.265862
shuf,11,1.00,1,0.3900,31.0200,0.0100,0.3600,0.011605
shuf,11,1.00,2,0.6700,50.2900,0.0100,0.5800,0.011533
shuf,11,1.00,4,1.0400,68.9400,0.0200,0.8700,0.012620
shuf,11,1.00,8,6.5300,198.9400,0.0300,1.7400,0.008746
shuf,11,1.00,16,8.5000,198.6900,0.0400,1.6100,0.008103
shuf,11,1.00,32,13.0600,179.0800,0.0700,1.9600,0.010945
shuf,11,1.00,64,21.0500,189.9800,0.1100,2.7200,0.014317
shuf,11,1.00,128,57.7300,195.9300,0.2900,15.8000,0.080641
shuf,11,1.00,200,109.3000,181.3100,0.6000,49.5700,0.273399
shuf,12,0.10,1,0.2900,3.9000,0.0700,0.2900,0.074359
shuf,12,0.10,2,0.4100,5.3800,0.0800,0.4100,0.076208
shuf,12,0.10,4,0.6600,8.0500,0.0800,0.6700,0.083230
shuf,12,0.10,8,1.2300,10.6100,0.1200,1.2400,0.116871
shuf,12,0.10,16,1.5400,26.6600,0.0600,1.5000,0.056264
shuf,12,0.10,32,4.1600,42.7100,0.1000,3.3400,0.078202
shuf,12,0.10,64,5.3200,43.5000,0.1200,2.3300,0.053563
shuf,12,0.10,128,15.1700,77.8900,0.1900,4.2200,0.054179
shuf,12,0.10,200,36.1800,106.1800,0.3400,8.6000,0.080995
shuf,12,0.50,1,0.2900,8.7100,0.0300,0.2900,0.033295
shuf,12,0.50,2,0.4100,12.0200,0.0300,0.4100,0.034110
shuf,12,0.50,4,0.6600,16.5400,0.0400,0.6700,0.040508
shuf,12,0.50,8,1.2400,21.9400,0.0600,1.2400,0.056518
shuf,12,0.50,16,2.9200,45.1100,0.0600,1.5000,0.033252
shuf,12,0.50,32,6.3200,71.6900,0.0900,3.3400,0.046589
shuf,12,0.50,64,8.7300,74.4200,0.1200,2.3300,0.031309
shuf,12,0.50,128,21.7900,107.2600,0.2000,4.2200,0.039344
shuf,12,0.50,200,40.5500,118.4500,0.3400,8.6000,0.072604
shuf,12,1.00,1,0.2900,12.3200,0.0200,0.2900,0.023539
shuf,12,1.00,2,0.4200,16.9900,0.0200,0.4100,0.024132
shuf,12,1.00,4,0.6700,23.9500,0.0300,0.6700,0.027975
shuf,12,1.00,8,1.2400,31.4500,0.0400,1.2400,0.039428
shuf,12,1.00,16,2.5500,59.7600,0.0400,1.5000,0.025100
shuf,12,1.00,32,5.8300,90.2700,0.0600,3.3400,0.037000
shuf,12,1.00,64,8.5800,96.4200,0.0900,2.3300,0.024165
shuf,12,1.00,128,28.1500,128.3500,0.2200,4.2200,0.032879
shuf,12,1.00,200,50.9000,131.2100,0.3900,8.6000,0.065544
shuf,13,0.10,1,0.3700,3.4400,0.1100,0.3700,0.107558
shuf,13,0.10,2,0.5600,4.6200,0.1200,0.5600,0.121212
shuf,13,0.10,4,0.7700,5.9500,0.1300,0.7700,0.129412
shuf,13,0.10,8,1.0800,6.9500,0.1600,1.0700,0.153957
shuf,13,0.10,16,2.0600,19.5000,0.1100,1.4400,0.073846
shuf,13,0.10,32,3.4000,28.7100,0.1200,2.2700,0.079067
shuf,13,0.10,64,3.7500,29.7200,0.1300,2.2100,0.074361
shuf,13,0.10,128,8.3000,63.5300,0.1300,3.5800,0.056351
shuf,13,0.10,200,18.7000,81.9000,0.2300,6.4200,0.078388
shuf,13,0.50,1,0.3700,7.6900,0.0500,0.3700,0.048114
shuf,13,0.50,2,0.5600,10.3200,0.0500,0.5600,0.054264
shuf,13,0.50,4,0.7800,13.2900,0.0600,0.7700,0.057938
shuf,13,0.50,8,1.1000,15.5900,0.0700,1.0700,0.068634
shuf,13,0.50,16,1.4300,33.7800,0.0400,1.4400,0.042629
shuf,13,0.50,32,2.2100,51.8700,0.0400,2.2700,0.043763
shuf,13,0.50,64,3.0300,49.7300,0.0600,2.2100,0.044440
shuf,13,0.50,128,6.9300,93.6800,0.0700,3.5800,0.038215
shuf,13,0.50,200,19.9700,104.3700,0.1900,6.4200,0.061512
shuf,13,1.00,1,0.3700,10.8700,0.0300,0.3700,0.034039
shuf,13,1.00,2,0.5700,14.5900,0.0400,0.5600,0.038382
shuf,13,1.00,4,0.7800,18.8200,0.0400,0.7700,0.040914
shuf,13,1.00,8,1.1200,22.1500,0.0500,1.0700,0.048307
shuf,13,1.00,16,2.1600,46.2900,0.0500,1.4400,0.031108
shuf,13,1.00,32,4.1100,71.8200,0.0600,2.2700,0.031607
shuf,13,1.00,64,5.2400,75.6700,0.0700,2.2100,0.029206
shuf,13,1.00,128,16.3100,117.8000,0.1400,3.5800,0.030390
shuf,13,1.00,200,47.4800,133.6200,0.3600,6.4200,0.048047
shuf,14,0.10,1,0.3000,4.1700,0.0700,0.3000,0.071942
shuf,14,0.10,2,0.4400,5.6300,0.0800,0.4300,0.076377
shuf,14,0.10,4,0.5800,6.3700,0.0900,0.5800,0.091052
shuf,14,0.10,8,1.2000,10.6400,0.1100,1.2300,0.115602
shuf,14,0.10,16,2.0900,26.5100,0.0800,1.4600,0.055074
shuf,14,0.10,32,4.9400,40.6300,0.1200,2.4800,0.061039
shuf,14,0.10,64,3.4900,31.5700,0.1100,1.4400,0.045613
shuf,14,0.10,128,8.8500,65.1600,0.1400,2.7700,0.042511
shuf,14,0.10,200,9.4000,67.3900,0.1400,2.8300,0.041994
shuf,14,0.50,1,0.3000,9.3200,0.0300,0.3000,0.032189
shuf,14,0.50,2,0.4400,12.5700,0.0300,0.4300,0.034208
shuf,14,0.50,4,0.5900,14.2300,0.0400,0.5800,0.040759
shuf,14,0.50,8,1.2100,21.2600,0.0600,1.2300,0.057855
shuf,14,0.50,16,1.1600,37.2400,0.0300,1.4600,0.039205
shuf,14,0.50,32,1.8600,52.2000,0.0400,2.4800,0.047510
shuf,14,0.50,64,2.4900,42.9800,0.0600,1.4400,0.033504
shuf,14,0.50,128,5.4100,78.9100,0.0700,2.7700,0.035103
shuf,14,0.50,200,11.4700,87.0100,0.1300,2.8300,0.032525
shuf,14,1.00,1,0.3000,13.1800,0.0200,0.3000,0.022762
shuf,14,1.00,2,0.4400,17.7800,0.0200,0.4300,0.024184
shuf,14,1.00,4,0.6000,20.1600,0.0300,0.5800,0.028770
shuf,14,1.00,8,1.2200,29.3600,0.0400,1.2300,0.041894
shuf,14,1.00,16,2.2300,47.7600,0.0500,1.4600,0.030570
shuf,14,1.00,32,3.7700,62.0300,0.0600,2.4800,0.039981
shuf,14,1.00,64,4.5900,55.3500,0.0800,1.4400,0.026016
shuf,14,1.00,128,20.1000,92.1400,0.2200,2.7700,0.030063
shuf,14,1.00,200,44.1000,107.0000,0.4100,2.8300,0.026449
shuf,15,0.10,1,0.3700,4.2700,0.0900,0.3700,0.086651
shuf,15,0.10,2,0.5800,5.6900,0.1000,0.5800,0.101933
shuf,15,0.10,4,0.9300,7.2000,0.1300,0.9300,0.129167
shuf,15,0.10,8,1.2500,12.4600,0.1000,1.2300,0.098716
shuf,15,0.10,16,2.9900,31.0300,0.1000,2.1000,0.067676
shuf,15,0.10,32,6.9100,45.5700,0.1500,3.4000,0.074610
shuf,15,0.10,64,9.5100,49.4500,0.1900,2.6800,0.054196
shuf,15,0.10,128,23.3100,87.7200,0.2700,5.3000,0.060420
shuf,15,0.10,200,56.8700,118.9800,0.4800,7.4400,0.062532
shuf,15,0.50,1,0.3700,9.5600,0.0400,0.3700,0.038703
shuf,15,0.50,2,0.5900,12.7000,0.0500,0.5800,0.045669
shuf,15,0.50,4,0.9400,17.0500,0.0500,0.9300,0.054545
shuf,15,0.50,8,1.2800,26.0100,0.0500,1.2300,0.047290
shuf,15,0.50,16,3.4000,48.3700,0.0700,2.1000,0.043415
shuf,15,0.50,32,6.4400,72.1200,0.0900,3.4000,0.047144
shuf,15,0.50,64,9.2300,78.4500,0.1200,2.6800,0.034162
shuf,15,0.50,128,27.2700,109.0500,0.2500,5.3000,0.048602
shuf,15,0.50,200,62.7400,131.7800,0.4800,7.4400,0.056458
shuf,15,1.00,1,0.3700,13.5200,0.0300,0.3700,0.027367
shuf,15,1.00,2,0.5900,17.9700,0.0300,0.5800,0.032276
shuf,15,1.00,4,0.9400,23.6400,0.0400,0.9300,0.039340
shuf,15,1.00,8,1.3200,35.3500,0.0400,1.2300,0.034795
shuf,15,1.00,16,4.9900,61.6000,0.0800,2.1000,0.034091
shuf,15,1.00,32,9.0700,88.8500,0.1000,3.4000,0.038267
shuf,15,1.00,64,13.0300,98.6700,0.1300,2.6800,0.027161
shuf,15,1.00,128,34.8400,123.1500,0.2800,5.3000,0.043037
shuf,15,1.00,200,69.5300,145.9400,0.4800,7.4400,0.050980
shuf,16,0.10,1,0.2900,22.2600,0.0100,0.2900,0.013028
shuf,16,0.10,2,0.4600,39.0700,0.0100,0.3900,0.009982
shuf,16,0.10,4,0.6600,58.3300,0.0100,0.5600,0.009601
shuf,16,0.10,8,1.2800,80.2000,0.0200,0.8300,0.010349
shuf,16,0.10,16,3.1200,103.7200,0.0300,1.6600,0.016005
shuf,16,0.10,32,6.8000,134.3500,0.0500,3.5000,0.026051
shuf,16,0.10,64,11.5500,165.2000,0.0700,6.2800,0.038015
shuf,16,0.10,128,53.8400,184.0400,0.2900,17.8600,0.097044
shuf,16,0.10,200,101.3400,179.4500,0.5600,36.8300,0.205238
shuf,16,0.50,1,0.3100,33.5600,0.0100,0.2900,0.008641
shuf,16,0.50,2,0.6000,63.5400,0.0100,0.3900,0.006138
shuf,16,0.50,4,0.8700,108.5500,0.0100,0.5600,0.005159
shuf,16,0.50,8,1.2800,144.0200,0.0100,0.8300,0.005763
shuf,16,0.50,16,1.7400,152.3400,0.0100,1.6600,0.010897
shuf,16,0.50,32,3.1500,164.5400,0.0200,3.5000,0.021271
shuf,16,0.50,64,11.0900,172.4700,0.0600,6.2800,0.036412
shuf,16,0.50,128,48.9100,185.6600,0.2600,17.8600,0.096197
shuf,16,0.50,200,95.5600,178.7400,0.5300,36.8300,0.206053
shuf,16,1.00,1,0.3400,42.9600,0.0100,0.2900,0.006750
shuf,16,1.00,2,0.7100,83.1800,0.0100,0.3900,0.004689
shuf,16,1.00,4,2.0200,135.9900,0.0100,0.5600,0.004118
shuf,16,1.00,8,3.6800,173.6800,0.0200,0.8300,0.004779
shuf,16,1.00,16,6.7600,174.0800,0.0400,1.6600,0.009536
shuf,16,1.00,32,10.7400,165.9200,0.0600,3.5000,0.021095
shuf,16,1.00,64,24.0200,173.6100,0.1400,6.2800,0.036173
shuf,16,1.00,128,53.4500,181.1800,0.3000,17.8600,0.098576
shuf,16,1.00,200,95.5200,181.4700,0.5300,36.8300,0.202954
shuf,17,0.10,1,0.3400,3.9200,0.0900,0.3400,0.086735
shuf,17,0.10,2,0.5000,5.3000,0.0900,0.5000,0.094340
shuf,17,0.10,4,0.7500,7.2100,0.1000,0.7400,0.102635
shuf,17,0.10,8,1.1100,10.6300,0.1000,1.1100,0.104421
shuf,17,0.10,16,2.7800,20.8000,0.1300,1.2200,0.058654
shuf,17,0.10,32,3.4100,34.2000,0.1000,2.2200,0.064912
shuf,17,0.10,64,4.5000,33.1600,0.1400,2.1800,0.065742
shuf,17,0.10,128,10.2900,65.7700,0.1600,4.6000,0.069941
shuf,17,0.10,200,13.7100,62.9400,0.2200,2.5100,0.039879
shuf,17,0.50,1,0.3500,8.7600,0.0400,0.3400,0.038813
shuf,17,0.50,2,0.5000,11.8400,0.0400,0.5000,0.042230
shuf,17,0.50,4,0.7500,16.1000,0.0500,0.7400,0.045963
shuf,17,0.50,8,1.1100,23.9900,0.0500,1.1100,0.046269
shuf,17,0.50,16,4.8700,38.4500,0.1300,1.2200,0.031730
shuf,17,0.50,32,9.0500,62.3900,0.1500,2.2200,0.035583
shuf,17,0.50,64,14.1100,62.7900,0.2200,2.1800,0.034719
shuf,17,0.50,128,27.8400,94.2200,0.3000,4.6000,0.048822
shuf,17,0.50,200,38.0900,100.5900,0.3800,2.5100,0.024953
shuf,17,1.00,1,0.3500,12.3900,0.0300,0.3400,0.027441
shuf,17,1.00,2,0.5100,16.7300,0.0300,0.5000,0.029886
shuf,17,1.00,4,0.7500,22.7900,0.0300,0.7400,0.032470
shuf,17,1.00,8,1.1200,34.2100,0.0300,1.1100,0.032447
shuf,17,1.00,16,5.5800,57.5700,0.1000,1.2200,0.021192
shuf,17,1.00,32,9.2100,81.3100,0.1100,2.2200,0.027303
shuf,17,1.00,64,16.4700,92.0300,0.1800,2.1800,0.023688
shuf,17,1.00,128,34.8500,131.4200,0.2700,4.6000,0.035002
shuf,17,1.00,200,66.4400,128.9500,0.5200,2.5100,0.019465
shuf,18,0.10,1,0.6400,4.4000,0.1500,0.6400,0.145455
shuf,18,0.10,2,0.7500,5.8700,0.1300,0.7500,0.127768
shuf,18,0.10,4,0.9800,7.4000,0.1300,0.9800,0.132432
shuf,18,0.10,8,1.3600,13.1100,0.1000,1.3500,0.102975
shuf,18,0.10,16,3.9600,26.7700,0.1500,2.1000,0.078446
shuf,18,0.10,32,8.0600,41.1200,0.2000,2.7000,0.065661
shuf,18,0.10,64,10.2100,43.2500,0.2400,2.2200,0.051329
shuf,18,0.10,128,27.5100,76.6600,0.3600,3.9300,0.051265
shuf,18,0.10,200,57.0600,106.4700,0.5400,9.7500,0.091575
shuf,18,0.50,1,0.6500,9.8400,0.0700,0.6400,0.065041
shuf,18,0.50,2,0.7600,13.1200,0.0600,0.7500,0.057165
shuf,18,0.50,4,0.9900,16.4900,0.0600,0.9800,0.059430
shuf,18,0.50,8,1.4100,26.2400,0.0500,1.3500,0.051448
shuf,18,0.50,16,3.6400,44.3100,0.0800,2.1000,0.047393
shuf,18,0.50,32,7.1800,67.2600,0.1100,2.7000,0.040143
shuf,18,0.50,64,11.3900,71.6900,0.1600,2.2200,0.030967
shuf,18,0.50,128,26.7400,98.6600,0.2700,3.9300,0.039834
shuf,18,0.50,200,56.6700,126.0100,0.4500,9.7500,0.077375
shuf,18,1.00,1,0.6500,13.9100,0.0500,0.6400,0.046010
shuf,18,1.00,2,0.7700,18.5600,0.0400,0.7500,0.040409
shuf,18,1.00,4,1.0100,24.2700,0.0400,0.9800,0.040379
shuf,18,1.00,8,1.4600,37.1300,0.0400,1.3500,0.036359
shuf,18,1.00,16,5.2800,61.3000,0.0900,2.1000,0.034258
shuf,18,1.00,32,9.8700,89.4800,0.1100,2.7000,0.030174
shuf,18,1.00,64,20.7000,96.5800,0.2100,2.2200,0.022986
shuf,18,1.00,128,54.1300,124.2600,0.4400,3.9300,0.031627
shuf,18,1.00,200,86.1900,137.9900,0.6200,9.7500,0.070657
shuf,19,0.10,1,0.3500,4.0500,0.0900,0.3500,0.086420
shuf,19,0.10,2,0.3800,5.4200,0.0700,0.3800,0.070111
shuf,19,0.10,4,0.7000,7.7800,0.0900,0.7100,0.091260
shuf,19,0.10,8,1.1000,12.3300,0.0900,1.1200,0.090835
shuf,19,0.10,16,2.2500,28.0000,0.0800,1.3300,0.047500
shuf,19,0.10,32,4.6700,43.9400,0.1100,2.2500,0.051206
shuf,19,0.10,64,4.6000,45.7600,0.1000,1.7700,0.038680
shuf,19,0.10,128,16.4800,77.5800,0.2100,3.9200,0.050528
shuf,19,0.10,200,40.8000,115.5100,0.3500,5.9600,0.051597
shuf,19,0.50,1,0.3500,9.0500,0.0400,0.3500,0.038674
shuf,19,0.50,2,0.3800,12.1100,0.0300,0.3800,0.031379
shuf,19,0.50,4,0.7000,15.9000,0.0400,0.7100,0.044654
shuf,19,0.50,8,1.1300,23.5300,0.0500,1.1200,0.047599
shuf,19,0.50,16,1.3800,45.1700,0.0300,1.3300,0.029444
shuf,19,0.50,32,3.7400,67.6800,0.0600,2.2500,0.033245
shuf,19,0.50,64,5.8700,74.0500,0.0800,1.7700,0.023903
shuf,19,0.50,128,23.3800,103.1200,0.2300,3.9200,0.038014
shuf,19,0.50,200,42.4400,132.7000,0.3200,5.9600,0.044913
shuf,19,1.00,1,0.3500,12.8000,0.0300,0.3500,0.027344
shuf,19,1.00,2,0.3900,17.1200,0.0200,0.3800,0.022196
shuf,19,1.00,4,0.7000,22.0100,0.0300,0.7100,0.032258
shuf,19,1.00,8,1.1600,31.9800,0.0400,1.1200,0.035022
shuf,19,1.00,16,2.0200,60.0500,0.0300,1.3300,0.022148
shuf,19,1.00,32,4.3000,86.6600,0.0500,2.2500,0.025964
shuf,19,1.00,64,6.7700,95.6200,0.0700,1.7700,0.018511
shuf,19,1.00,128,23.6700,119.2100,0.2000,3.9200,0.032883
shuf,19,1.00,200,48.8800,137.3800,0.3600,5.9600,0.043383
synth3-struct,0,0.10,1,9.7900,6.6300,1.4800,9.7900,1.476621
synth3-struct,0,0.10,2,15.9800,9.6600,1.6500,15.9500,1.651139
synth3-struct,0,0.10,4,17.7400,12.6600,1.4000,17.6400,1.393365
synth3-struct,0,0.10,8,26.6600,14.9900,1.7800,26.4700,1.765844
synth3-struct,0,0.10,16,30.4100,16.3600,1.8600,30.2100,1.846577
synth3-struct,0,0.10,32,23.6400,17.0900,1.3800,22.9300,1.341720
synth3-struct,0,0.10,64,18.2500,25.5600,0.7100,17.1200,0.669797
synth3-struct,0,0.10,128,21.8700,32.6500,0.6700,21.5500,0.660031
synth3-struct,0,0.10,200,22.7800,30.0600,0.7600,22.2600,0.740519
synth3-struct,0,0.50,1,9.7900,10.0400,0.9700,9.7900,0.975100
synth3-struct,0,0.50,2,15.9800,13.8700,1.1500,15.9500,1.149964
synth3-struct,0,0.50,4,17.7300,18.1200,0.9800,17.6400,0.973510
synth3-struct,0,0.50,8,26.6400,21.7800,1.2200,26.4700,1.215335
synth3-struct,0,0.50,16,30.4200,23.8700,1.2700,30.2100,1.265605
synth3-struct,0,0.50,32,23.5400,23.4300,1.0000,22.9300,0.978660
synth3-struct,0,0.50,64,18.3400,30.2400,0.6100,17.1200,0.566138
synth3-struct,0,0.50,128,21.7100,35.0000,0.6200,21.5500,0.615714
synth3-struct,0,0.50,200,22.7600,34.3500,0.6600,22.2600,0.648035
synth3-struct,0,1.00,1,9.7900,12.8400,0.7600,9.7900,0.762461
synth3-struct,0,1.00,2,15.9800,17.5000,0.9100,15.9500,0.911429
synth3-struct,0,1.00,4,17.7200,22.8400,0.7800,17.6400,0.772329
synth3-struct,0,1.00,8,26.6000,27.6400,0.9600,26.4700,0.957670
synth3-struct,0,1.00,16,30.4000,30.5900,0.9900,30.2100,0.987578
synth3-struct,0,1.00,32,23.4600,29.0000,0.8100,22.9300,0.790690
synth3-struct,0,1.00,64,18.3500,34.7700,0.5300,17.1200,0.492378
synth3-struct,0,1.00,128,21.6200,38.1300,0.5700,21.5500,0.565172
synth3-struct,0,1.00,200,22.8900,37.9900,0.6000,22.2600,0.585944
synth3-struct,1,0.10,1,9.6600,7.4200,1.3000,9.6500,1.300539
synth3-struct,1,0.10,2,11.0100,9.9200,1.1100,10.7500,1.083669
synth3-struct,1,0.10,4,14.6700,12.6200,1.1600,14.3800,1.139461
synth3-struct,1,0.10,8,17.5000,13.8200,1.2700,17.1800,1.243126
synth3-struct,1,0.10,16,21.2600,15.0200,1.4200,20.6000,1.371505
synth3-struct,1,0.10,32,21.4600,19.2600,1.1100,20.1500,1.046210
synth3-struct,1,0.10,64,21.4700,21.5100,1.0000,20.4600,0.951185
synth3-struct,1,0.10,128,20.1900,31.2700,0.6500,19.1400,0.612088
synth3-struct,1,0.10,200,21.5700,28.1600,0.7700,19.9100,0.707031
synth3-struct,1,0.50,1,9.6600,11.6600,0.8300,9.6500,0.827616
synth3-struct,1,0.50,2,11.0100,14.8400,0.7400,10.7500,0.724394
synth3-struct,1,0.50,4,14.6700,18.4000,0.8000,14.3800,0.781522
synth3-struct,1,0.50,8,17.5000,20.3700,0.8600,17.1800,0.843397
synth3-struct,1,0.50,16,21.2400,23.2400,0.9100,20.6000,0.886403
synth3-struct,1,0.50,32,21.3500,29.1200,0.7300,20.1500,0.691964
synth3-struct,1,0.50,64,21.3900,28.7300,0.7400,20.4600,0.712148
synth3-struct,1,0.50,128,20.2800,35.5100,0.5700,19.1400,0.539003
synth3-struct,1,0.50,200,21.4900,32.0800,0.6700,19.9100,0.620636
synth3-struct,1,1.00,1,9.6600,15.1000,0.6400,9.6500,0.639073
synth3-struct,1,1.00,2,11.0100,19.0600,0.5800,10.7500,0.564008
synth3-struct,1,1.00,4,14.6700,23.3500,0.6300,14.3800,0.615846
synth3-struct,1,1.00,8,17.4900,26.1100,0.6700,17.1800,0.657985
synth3-struct,1,1.00,16,21.2800,30.2800,0.7000,20.6000,0.680317
synth3-struct,1,1.00,32,21.3300,36.9600,0.5800,20.1500,0.545184
synth3-struct,1,1.00,64,21.4400,34.8200,0.6200,20.4600,0.587593
synth3-struct,1,1.00,128,20.3000,39.9200,0.5100,19.1400,0.479459
synth3-struct,1,1.00,200,21.4900,35.9700,0.6000,19.9100,0.553517
synth3-struct,2,0.10,1,11.9500,6.3000,1.9000,11.8900,1.887302
synth3-struct,2,0.10,2,11.6400,8.6900,1.3400,11.4600,1.318757
synth3-struct,2,0.10,4,13.9200,12.5700,1.1100,13.6000,1.081941
synth3-struct,2,0.10,8,28.5800,15.9900,1.7900,28.2900,1.769231
synth3-struct,2,0.10,16,29.3800,20.0600,1.4600,28.5500,1.423230
synth3-struct,2,0.10,32,22.3300,22.1500,1.0100,21.2200,0.958014
synth3-struct,2,0.10,64,26.2600,19.5100,1.3500,25.6300,1.313685
synth3-struct,2,0.10,128,31.3800,26.3800,1.1900,30.3500,1.150493
synth3-struct,2,0.10,200,26.2500,30.2300,0.8700,25.3300,0.837909
synth3-struct,2,0.50,1,11.9500,10.0500,1.1900,11.8900,1.183085
synth3-struct,2,0.50,2,11.6400,13.0400,0.8900,11.4600,0.878834
synth3-struct,2,0.50,4,13.9200,17.7300,0.7800,13.6000,0.767061
synth3-struct,2,0.50,8,28.5100,22.2100,1.2800,28.2900,1.273751
synth3-struct,2,0.50,16,29.3900,27.6800,1.0600,28.5500,1.031431
synth3-struct,2,0.50,32,22.6100,28.7200,0.7900,21.2200,0.738858
synth3-struct,2,0.50,64,26.2300,23.9400,1.1000,25.6300,1.070593
synth3-struct,2,0.50,128,31.4500,29.6800,1.0600,30.3500,1.022574
synth3-struct,2,0.50,200,25.8200,33.2100,0.7800,25.3300,0.762722
synth3-struct,2,1.00,1,11.9500,13.0800,0.9100,11.8900,0.909021
synth3-struct,2,1.00,2,11.6400,16.7500,0.7000,11.4600,0.684179
synth3-struct,2,1.00,4,13.8700,22.2900,0.6200,13.6000,0.610139
synth3-struct,2,1.00,8,28.4200,28.0200,1.0100,28.2900,1.009636
synth3-struct,2,1.00,16,29.4300,34.7900,0.8500,28.5500,0.820638
synth3-struct,2,1.00,32,23.3300,35.1800,0.6600,21.2200,0.603184
synth3-struct,2,1.00,64,26.4900,28.9100,0.9200,25.6300,0.886544
synth3-struct,2,1.00,128,31.6500,33.5000,0.9400,30.3500,0.905970
synth3-struct,2,1.00,200,25.9400,36.5900,0.7100,25.3300,0.692266
synth3-struct,3,0.10,1,9.7600,6.2000,1.5800,9.7000,1.564516
synth3-struct,3,0.10,2,11.0800,7.8800,1.4100,10.9600,1.390863
synth3-struct,3,0.10,4,12.8600,10.0600,1.2800,12.7300,1.265408
synth3-struct,3,0.10,8,19.7200,12.2000,1.6200,19.5200,1.600000
synth3-struct,3,0.10,16,21.3300,12.6900,1.6800,21.0000,1.654846
synth3-struct,3,0.10,32,19.0700,14.6000,1.3100,18.9300,1.296575
synth3-struct,3,0.10,64,20.5200,17.3100,1.1900,19.9700,1.153668
synth3-struct,3,0.10,128,22.8100,26.0600,0.8800,22.0100,0.844589
synth3-struct,3,0.10,200,21.5500,30.3300,0.7100,20.8300,0.686779
synth3-struct,3,0.50,1,9.7600,9.2100,1.0600,9.7000,1.053203
synth3-struct,3,0.50,2,11.0800,11.8400,0.9400,10.9600,0.925676
synth3-struct,3,0.50,4,12.8500,15.0600,0.8500,12.7300,0.845286
synth3-struct,3,0.50,8,19.7700,17.9300,1.1000,19.5200,1.088678
synth3-struct,3,0.50,16,21.3200,19.2600,1.1100,21.0000,1.090343
synth3-struct,3,0.50,32,19.1000,20.4500,0.9300,18.9300,0.925672
synth3-struct,3,0.50,64,20.4800,22.3800,0.9200,19.9700,0.892315
synth3-struct,3,0.50,128,22.7900,29.9700,0.7600,22.0100,0.734401
synth3-struct,3,0.50,200,21.5000,34.2000,0.6300,20.8300,0.609064
synth3-struct,3,1.00,1,9.7600,11.7300,0.8300,9.7000,0.826939
synth3-struct,3,1.00,2,11.0800,15.2700,0.7300,10.9600,0.717747
synth3-struct,3,1.00,4,12.8400,19.3400,0.6600,12.7300,0.658221
synth3-struct,3,1.00,8,19.6800,22.9800,0.8600,19.5200,0.849434
synth3-struct,3,1.00,16,21.2700,24.9400,0.8500,21.0000,0.842021
synth3-struct,3,1.00,32,19.0500,25.6500,0.7400,18.9300,0.738012
synth3-struct,3,1.00,64,20.5300,27.4700,0.7500,19.9700,0.726975
synth3-struct,3,1.00,128,22.6900,34.6800,0.6500,22.0100,0.634660
synth3-struct,3,1.00,200,21.5600,38.4500,0.5600,20.8300,0.541743
synth3-struct,4,0.10,1,9.1100,7.0300,1.2900,9.0700,1.290185
synth3-struct,4,0.10,2,9.2800,9.4600,0.9800,9.0500,0.956660
synth3-struct,4,0.10,4,11.1300,13.0900,0.8500,10.8300,0.827349
synth3-struct,4,0.10,8,14.3400,15.6000,0.9200,13.9900,0.896795
synth3-struct,4,0.10,16,23.4200,19.8500,1.1800,23.0800,1.162720
synth3-struct,4,0.10,32,23.0500,22.6400,1.0200,22.6100,0.998675
synth3-struct,4,0.10,64,21.8300,20.7900,1.0500,20.9400,1.007215
synth3-struct,4,0.10,128,18.2600,28.1300,0.6500,17.3200,0.615713
synth3-struct,4,0.10,200,18.7700,28.4800,0.6600,17.8700,0.627458
synth3-struct,4,0.50,1,9.1100,11.0500,0.8200,9.0700,0.820814
synth3-struct,4,0.50,2,9.2800,14.3000,0.6500,9.0500,0.632867
synth3-struct,4,0.50,4,11.1300,18.8300,0.5900,10.8300,0.575146
synth3-struct,4,0.50,8,14.3400,22.1800,0.6500,13.9900,0.630748
synth3-struct,4,0.50,16,23.3800,27.9100,0.8400,23.0800,0.826944
synth3-struct,4,0.50,32,22.8700,31.1500,0.7300,22.6100,0.725843
synth3-struct,4,0.50,64,21.8800,25.8900,0.8500,20.9400,0.808806
synth3-struct,4,0.50,128,18.3300,31.9300,0.5700,17.3200,0.542437
synth3-struct,4,0.50,200,18.7100,32.5800,0.5700,17.8700,0.548496
synth3-struct,4,1.00,1,9.1100,14.3200,0.6400,9.0700,0.633380
synth3-struct,4,1.00,2,9.2800,18.4700,0.5000,9.0500,0.489984
synth3-struct,4,1.00,4,11.1100,24.0300,0.4600,10.8300,0.450687
synth3-struct,4,1.00,8,14.3200,28.0000,0.5100,13.9900,0.499643
synth3-struct,4,1.00,16,23.3800,35.1500,0.6700,23.0800,0.656615
synth3-struct,4,1.00,32,22.6900,38.9500,0.5800,22.6100,0.580488
synth3-struct,4,1.00,64,21.9400,31.3700,0.7000,20.9400,0.667517
synth3-struct,4,1.00,128,18.6000,36.3300,0.5100,17.3200,0.476741
synth3-struct,4,1.00,200,18.9400,37.0400,0.5100,17.8700,0.482451
synth3-struct,5,0.10,1,14.1000,6.9400,2.0300,14.0700,2.027378
synth3-struct,5,0.10,2,11.1100,9.1900,1.2100,10.8800,1.183896
synth3-struct,5,0.10,4,15.7000,11.4400,1.3700,15.5800,1.361888
synth3-struct,5,0.10,8,18.3300,12.2400,1.5000,18.1200,1.480392
synth3-struct,5,0.10,16,27.8900,13.6900,2.0400,27.5000,2.008766
synth3-struct,5,0.10,32,26.9500,18.4500,1.4600,26.9200,1.459079
synth3-struct,5,0.10,64,22.3100,23.2100,0.9600,21.4600,0.924601
synth3-struct,5,0.10,128,20.4100,28.7200,0.7100,19.1000,0.665042
synth3-struct,5,0.10,200,18.3200,27.3200,0.6700,17.5700,0.643119
synth3-struct,5,0.50,1,14.1000,11.3900,1.2400,14.0700,1.235294
synth3-struct,5,0.50,2,11.1100,14.7500,0.7500,10.8800,0.737627
synth3-struct,5,0.50,4,15.6600,18.3700,0.8500,15.5800,0.848122
synth3-struct,5,0.50,8,18.3000,19.8000,0.9200,18.1200,0.915152
synth3-struct,5,0.50,16,27.8600,21.0400,1.3200,27.5000,1.307034
synth3-struct,5,0.50,32,26.8700,25.3600,1.0600,26.9200,1.061514
synth3-struct,5,0.50,64,22.4200,29.1200,0.7700,21.4600,0.736951
synth3-struct,5,0.50,128,20.7100,32.8300,0.6300,19.1000,0.581785
synth3-struct,5,0.50,200,18.3000,31.4800,0.5800,17.5700,0.558132
synth3-struct,5,1.00,1,14.1000,14.9700,0.9400,14.0700,0.939880
synth3-struct,5,1.00,2,11.1200,19.4000,0.5700,10.8800,0.560825
synth3-struct,5,1.00,4,15.6600,24.1100,0.6500,15.5800,0.646205
synth3-struct,5,1.00,8,18.2900,26.2500,0.7000,18.1200,0.690286
synth3-struct,5,1.00,16,27.8700,27.6100,1.0100,27.5000,0.996016
synth3-struct,5,1.00,32,26.6700,31.1900,0.8600,26.9200,0.863097
synth3-struct,5,1.00,64,22.4500,34.4600,0.6500,21.4600,0.622751
synth3-struct,5,1.00,128,20.7200,36.5600,0.5700,19.1000,0.522429
synth3-struct,5,1.00,200,18.4100,35.1400,0.5200,17.5700,0.500000
synth3-struct,6,0.10,1,9.0000,6.7700,1.3300,8.9700,1.324963
synth3-struct,6,0.10,2,12.5800,10.5200,1.2000,12.4100,1.179658
synth3-struct,6,0.10,4,15.5200,14.1700,1.1000,15.3700,1.084686
synth3-struct,6,0.10,8,20.4400,17.7500,1.1500,20.1500,1.135211
synth3-struct,6,0.10,16,36.1800,27.1500,1.3300,36.5000,1.344383
synth3-struct,6,0.10,32,62.0700,58.6400,1.0600,56.7800,0.968281
synth3-struct,6,0.10,64,192.7500,198.5400,0.9700,160.7400,0.809610
synth3-struct,6,0.10,128,273.7200,305.1800,0.9000,149.8600,0.491054
synth3-struct,6,0.10,200,277.2000,275.6100,1.0100,128.6300,0.466710
synth3-struct,6,0.50,1,9.0000,11.6200,0.7700,8.9700,0.771945
synth3-struct,6,0.50,2,12.5800,16.1600,0.7800,12.4100,0.767946
synth3-struct,6,0.50,4,15.5200,21.2700,0.7300,15.3700,0.722614
synth3-struct,6,0.50,8,20.4100,27.0600,0.7500,20.1500,0.744642
synth3-struct,6,0.50,16,35.1000,46.1400,0.7600,36.5000,0.791071
synth3-struct,6,0.50,32,69.2500,99.4300,0.7000,56.7800,0.571055
synth3-struct,6,0.50,64,204.4200,245.9100,0.8300,160.7400,0.653654
synth3-struct,6,0.50,128,242.1100,297.1300,0.8100,149.8600,0.504358
synth3-struct,6,0.50,200,165.2800,198.7800,0.8300,128.6300,0.647097
synth3-struct,6,1.00,1,8.9900,15.4700,0.5800,8.9700,0.579832
synth3-struct,6,1.00,2,12.4500,20.8400,0.6000,12.4100,0.595489
synth3-struct,6,1.00,4,15.4500,27.2900,0.5700,15.3700,0.563210
synth3-struct,6,1.00,8,20.3500,35.0800,0.5800,20.1500,0.574401
synth3-struct,6,1.00,16,33.9500,60.8400,0.5600,36.5000,0.599934
synth3-struct,6,1.00,32,71.7900,135.4600,0.5300,56.7800,0.419164
synth3-struct,6,1.00,64,212.0200,268.6100,0.7900,160.7400,0.598414
synth3-struct,6,1.00,128,185.7600,260.4900,0.7100,149.8600,0.575300
synth3-struct,6,1.00,200,133.6900,156.9800,0.8500,128.6300,0.819404
synth3-struct,7,0.10,1,7.2700,6.5400,1.1100,7.2000,1.100917
synth3-struct,7,0.10,2,10.2900,8.6800,1.1900,10.2000,1.175115
synth3-struct,7,0.10,4,12.8500,12.6300,1.0200,12.5000,0.989707
synth3-struct,7,0.10,8,23.0200,15.5000,1.4900,22.8200,1.472258
synth3-struct,7,0.10,16,19.1300,17.0600,1.1200,18.6400,1.092614
synth3-struct,7,0.10,32,32.6200,20.2900,1.6100,31.9500,1.574667
synth3-struct,7,0.10,64,19.9300,23.6000,0.8400,18.8300,0.797881
synth3-struct,7,0.10,128,20.3300,27.7500,0.7300,19.2500,0.693694
synth3-struct,7,0.10,200,20.9800,24.8400,0.8400,19.6500,0.791063
synth3-struct,7,0.50,1,7.2700,10.5200,0.6900,7.2000,0.684411
synth3-struct,7,0.50,2,10.2900,13.5900,0.7600,10.2000,0.750552
synth3-struct,7,0.50,4,12.8600,17.9400,0.7200,12.5000,0.696767
synth3-struct,7,0.50,8,23.0000,21.5200,1.0700,22.8200,1.060409
synth3-struct,7,0.50,16,19.0700,23.8800,0.8000,18.6400,0.780570
synth3-struct,7,0.50,32,32.5300,26.7900,1.2100,31.9500,1.192609
synth3-struct,7,0.50,64,19.7900,28.2800,0.7000,18.8300,0.665842
synth3-struct,7,0.50,128,20.3500,32.2500,0.6300,19.2500,0.596899
synth3-struct,7,0.50,200,21.0600,29.5400,0.7100,19.6500,0.665200
synth3-struct,7,1.00,1,7.2700,13.7500,0.5300,7.2000,0.523636
synth3-struct,7,1.00,2,10.2900,17.7300,0.5800,10.2000,0.575296
synth3-struct,7,1.00,4,12.8600,22.6800,0.5700,12.5000,0.551146
synth3-struct,7,1.00,8,22.9800,27.0500,0.8500,22.8200,0.843623
synth3-struct,7,1.00,16,19.0600,29.7800,0.6400,18.6400,0.625923
synth3-struct,7,1.00,32,32.4700,32.5200,1.0000,31.9500,0.982472
synth3-struct,7,1.00,64,19.7700,32.8200,0.6000,18.8300,0.573736
synth3-struct,7,1.00,128,20.5300,36.2300,0.5700,19.2500,0.531328
synth3-struct,7,1.00,200,21.2900,33.4500,0.6400,19.6500,0.587444
synth3-struct,8,0.10,1,7.7300,5.3900,1.4300,7.7000,1.428571
synth3-struct,8,0.10,2,9.6200,7.3400,1.3100,9.5000,1.294278
synth3-struct,8,0.10,4,15.4200,10.4000,1.4800,15.2500,1.466346
synth3-struct,8,0.10,8,21.3300,12.5500,1.7000,21.0200,1.674900
synth3-struct,8,0.10,16,23.3600,15.6900,1.4900,22.8900,1.458891
synth3-struct,8,0.10,32,20.8400,21.8800,0.9500,20.4100,0.932815
synth3-struct,8,0.10,64,21.2000,27.4300,0.7700,20.0000,0.729129
synth3-struct,8,0.10,128,17.6600,32.7300,0.5400,16.6300,0.508097
synth3-struct,8,0.10,200,21.3500,28.1600,0.7600,20.2500,0.719105
synth3-struct,8,0.50,1,7.7300,9.2000,0.8400,7.7000,0.836957
synth3-struct,8,0.50,2,9.6200,11.9800,0.8000,9.5000,0.792988
synth3-struct,8,0.50,4,15.4100,15.7600,0.9800,15.2500,0.967640
synth3-struct,8,0.50,8,21.3000,19.0200,1.1200,21.0200,1.105152
synth3-struct,8,0.50,16,23.3100,23.3100,1.0000,22.8900,0.981982
synth3-struct,8,0.50,32,20.7600,29.3500,0.7100,20.4100,0.695400
synth3-struct,8,0.50,64,21.0800,32.4400,0.6500,20.0000,0.616523
synth3-struct,8,0.50,128,17.5800,35.1100,0.5000,16.6300,0.473654
synth3-struct,8,0.50,200,21.3400,31.8200,0.6700,20.2500,0.636392
synth3-struct,8,1.00,1,7.7300,12.2600,0.6300,7.7000,0.628059
synth3-struct,8,1.00,2,9.6200,15.8400,0.6100,9.5000,0.599747
synth3-struct,8,1.00,4,15.3700,20.3200,0.7600,15.2500,0.750492
synth3-struct,8,1.00,8,21.2700,24.5500,0.8700,21.0200,0.856212
synth3-struct,8,1.00,16,23.2400,29.9900,0.7700,22.8900,0.763254
synth3-struct,8,1.00,32,20.7100,35.9500,0.5800,20.4100,0.567733
synth3-struct,8,1.00,64,20.9900,37.7500,0.5600,20.0000,0.529801
synth3-struct,8,1.00,128,17.9000,38.5300,0.4600,16.6300,0.431612
synth3-struct,8,1.00,200,21.4700,36.0700,0.6000,20.2500,0.561408
synth3-struct,9,0.10,1,8.0200,5.4100,1.4800,7.9900,1.476895
synth3-struct,9,0.10,2,10.9400,8.2100,1.3300,10.8700,1.323995
synth3-struct,9,0.10,4,16.5400,12.2100,1.3500,16.5000,1.351351
synth3-struct,9,0.10,8,22.3800,16.5600,1.3500,22.3400,1.349034
synth3-struct,9,0.10,16,24.6300,19.4200,1.2700,24.2600,1.249228
synth3-struct,9,0.10,32,24.0700,22.8400,1.0500,23.5900,1.032837
synth3-struct,9,0.10,64,21.8700,23.2600,0.9400,21.1400,0.908856
synth3-struct,9,0.10,128,23.9700,33.0800,0.7200,22.9300,0.693168
synth3-struct,9,0.10,200,36.8900,27.5100,1.3400,36.5600,1.328971
synth3-struct,9,0.50,1,8.0200,10.1200,0.7900,7.9900,0.789526
synth3-struct,9,0.50,2,10.9300,14.2700,0.7700,10.8700,0.761738
synth3-struct,9,0.50,4,16.5100,20.1200,0.8200,16.5000,0.820080
synth3-struct,9,0.50,8,22.3500,27.1700,0.8200,22.3400,0.822230
synth3-struct,9,0.50,16,24.6800,33.8500,0.7300,24.2600,0.716691
synth3-struct,9,0.50,32,23.9700,32.6500,0.7300,23.5900,0.722511
synth3-struct,9,0.50,64,21.9400,28.7000,0.7600,21.1400,0.736585
synth3-struct,9,0.50,128,24.1400,36.0700,0.6700,22.9300,0.635708
synth3-struct,9,0.50,200,36.9500,31.4500,1.1800,36.5600,1.162480
synth3-struct,9,1.00,1,8.0200,13.8300,0.5800,7.9900,0.577730
synth3-struct,9,1.00,2,10.9300,19.2500,0.5700,10.8700,0.564675
synth3-struct,9,1.00,4,16.4800,26.7200,0.6200,16.5000,0.617515
synth3-struct,9,1.00,8,22.3800,35.9700,0.6200,22.3400,0.621073
synth3-struct,9,1.00,16,24.8500,45.8300,0.5400,24.2600,0.529348
synth3-struct,9,1.00,32,24.2600,41.3900,0.5900,23.5900,0.569944
synth3-struct,9,1.00,64,22.2500,34.0100,0.6500,21.1400,0.621582
synth3-struct,9,1.00,128,24.0900,39.3800,0.6100,22.9300,0.582275
synth3-struct,9,1.00,200,36.8700,35.6600,1.0300,36.5600,1.025238
synth3-struct,10,0.10,1,9.1100,5.7600,1.5800,9.0900,1.578125
synth3-struct,10,0.10,2,14.0800,8.2300,1.7100,14.0600,1.708384
synth3-struct,10,0.10,4,24.9400,11.2300,2.2200,24.8900,2.216385
synth3-struct,10,0.10,8,31.6000,12.6600,2.5000,31.4600,2.484992
synth3-struct,10,0.10,16,37.5200,13.8000,2.7200,37.5300,2.719565
synth3-struct,10,0.10,32,32.1300,18.0000,1.7800,32.0700,1.781667
synth3-struct,10,0.10,64,25.4100,24.8300,1.0200,24.6000,0.990737
synth3-struct,10,0.10,128,21.2000,29.1000,0.7300,19.9500,0.685567
synth3-struct,10,0.10,200,37.3800,30.4700,1.2300,37.0700,1.216606
synth3-struct,10,0.50,1,9.1100,8.9300,1.0200,9.0900,1.017917
synth3-struct,10,0.50,2,14.0800,11.9500,1.1800,14.0600,1.176569
synth3-struct,10,0.50,4,24.9200,16.0500,1.5500,24.8900,1.550779
synth3-struct,10,0.50,8,31.5600,18.3000,1.7200,31.4600,1.719126
synth3-struct,10,0.50,16,37.4400,20.6700,1.8100,37.5300,1.815675
synth3-struct,10,0.50,32,31.9400,24.3300,1.3100,32.0700,1.318126
synth3-struct,10,0.50,64,25.3200,29.7700,0.8500,24.6000,0.826335
synth3-struct,10,0.50,128,21.5200,33.0000,0.6500,19.9500,0.604545
synth3-struct,10,0.50,200,37.3900,34.4600,1.0800,37.0700,1.075740
synth3-struct,10,1.00,1,9.1100,11.5100,0.7900,9.0900,0.789748
synth3-struct,10,1.00,2,14.0700,15.1700,0.9300,14.0600,0.926829
synth3-struct,10,1.00,4,24.9000,20.1800,1.2300,24.8900,1.233399
synth3-struct,10,1.00,8,31.5000,23.3500,1.3500,31.4600,1.347323
synth3-struct,10,1.00,16,37.3100,26.8800,1.3900,37.5300,1.396205
synth3-struct,10,1.00,32,31.6300,30.0400,1.0500,32.0700,1.067577
synth3-struct,10,1.00,64,25.1800,34.8400,0.7200,24.6000,0.706085
synth3-struct,10,1.00,128,21.7000,36.6700,0.5900,19.9500,0.544041
synth3-struct,10,1.00,200,37.5500,38.6500,0.9700,37.0700,0.959120
synth3-struct,11,0.10,1,10.9600,7.8700,1.3900,10.9400,1.390089
synth3-struct,11,0.10,2,12.0200,11.0000,1.0900,11.8200,1.074545
synth3-struct,11,0.10,4,16.9500,13.9000,1.2200,16.8400,1.211511
synth3-struct,11,0.10,8,40.3600,18.8100,2.1500,40.3000,2.142477
synth3-struct,11,0.10,16,42.9300,20.2500,2.1200,43.0600,2.126420
synth3-struct,11,0.10,32,31.6100,23.7600,1.3300,31.8900,1.342172
synth3-struct,11,0.10,64,25.3400,27.7000,0.9100,24.9500,0.900722
synth3-struct,11,0.10,128,26.3500,30.5800,0.8600,25.6600,0.839111
synth3-struct,11,0.10,200,21.6600,28.4500,0.7600,20.1400,0.707909
synth3-struct,11,0.50,1,10.9700,10.6700,1.0300,10.9400,1.025305
synth3-struct,11,0.50,2,11.9600,14.5100,0.8200,11.8200,0.814611
synth3-struct,11,0.50,4,16.9200,18.3300,0.9200,16.8400,0.918712
synth3-struct,11,0.50,8,40.2700,23.6900,1.7000,40.3000,1.701140
synth3-struct,11,0.50,16,42.6600,26.7700,1.5900,43.0600,1.608517
synth3-struct,11,0.50,32,31.2800,30.4400,1.0300,31.8900,1.047635
synth3-struct,11,0.50,64,25.3000,32.4500,0.7800,24.9500,0.768875
synth3-struct,11,0.50,128,25.8900,34.8800,0.7400,25.6600,0.735665
synth3-struct,11,0.50,200,21.6300,32.4200,0.6700,20.1400,0.621221
synth3-struct,11,1.00,1,10.9700,13.0300,0.8400,10.9400,0.839601
synth3-struct,11,1.00,2,11.9600,17.5400,0.6800,11.8200,0.673888
synth3-struct,11,1.00,4,16.9200,22.2300,0.7600,16.8400,0.757535
synth3-struct,11,1.00,8,40.2400,28.0500,1.4300,40.3000,1.436720
synth3-struct,11,1.00,16,42.3600,32.4300,1.3100,43.0600,1.327783
synth3-struct,11,1.00,32,30.9600,35.3300,0.8800,31.8900,0.902632
synth3-struct,11,1.00,64,25.4500,37.3800,0.6800,24.9500,0.667469
synth3-struct,11,1.00,128,26.0700,39.0800,0.6700,25.6600,0.656602
synth3-struct,11,1.00,200,21.5000,36.7000,0.5900,20.1400,0.548774
synth3-struct,12,0.10,1,8.8500,6.1200,1.4400,8.8100,1.439542
synth3-struct,12,0.10,2,13.5200,9.3600,1.4400,13.3500,1.426282
synth3-struct,12,0.10,4,22.3000,12.5600,1.7700,22.0100,1.752389
synth3-struct,12,0.10,8,23.8900,14.0200,1.7000,23.5600,1.680456
synth3-struct,12,0.10,16,24.4300,16.8400,1.4500,23.7300,1.409145
synth3-struct,12,0.10,32,37.3800,21.4400,1.7400,36.6700,1.710354
synth3-struct,12,0.10,64,31.0000,26.4700,1.1700,30.3800,1.147714
synth3-struct,12,0.10,128,24.9400,29.5500,0.8400,23.5200,0.795939
synth3-struct,12,0.10,200,22.4600,27.1900,0.8300,20.6000,0.757631
synth3-struct,12,0.50,1,8.8500,9.3500,0.9500,8.8100,0.942246
synth3-struct,12,0.50,2,13.5200,13.1900,1.0300,13.3500,1.012130
synth3-struct,12,0.50,4,22.2900,17.4300,1.2800,22.0100,1.262765
synth3-struct,12,0.50,8,23.8900,19.8100,1.2100,23.5600,1.189298
synth3-struct,12,0.50,16,24.3300,22.8800,1.0600,23.7300,1.037150
synth3-struct,12,0.50,32,37.3400,27.1800,1.3700,36.6700,1.349154
synth3-struct,12,0.50,64,31.1300,31.2900,1.0000,30.3800,0.970917
synth3-struct,12,0.50,128,24.9600,33.8600,0.7400,23.5200,0.694625
synth3-struct,12,0.50,200,22.1000,31.3500,0.7000,20.6000,0.657097
synth3-struct,12,1.00,1,8.8500,12.0000,0.7400,8.8100,0.734167
synth3-struct,12,1.00,2,13.5200,16.5700,0.8200,13.3500,0.805673
synth3-struct,12,1.00,4,22.2100,21.5300,1.0300,22.0100,1.022294
synth3-struct,12,1.00,8,23.7800,24.8800,0.9600,23.5600,0.946945
synth3-struct,12,1.00,16,24.2400,28.2500,0.8600,23.7300,0.840000
synth3-struct,12,1.00,32,37.2700,32.7500,1.1400,36.6700,1.119695
synth3-struct,12,1.00,64,31.2000,36.0900,0.8600,30.3800,0.841784
synth3-struct,12,1.00,128,25.1000,37.8300,0.6600,23.5200,0.621729
synth3-struct,12,1.00,200,22.1200,35.4400,0.6200,20.6000,0.581264
synth3-struct,13,0.10,1,11.0000,6.6800,1.6500,10.9400,1.637725
synth3-struct,13,0.10,2,13.5100,9.2700,1.4600,13.4000,1.445523
synth3-struct,13,0.10,4,16.5500,12.7500,1.3000,16.3100,1.279216
synth3-struct,13,0.10,8,17.9500,15.7200,1.1400,17.4900,1.112595
synth3-struct,13,0.10,16,26.8400,16.5100,1.6300,26.3600,1.596608
synth3-struct,13,0.10,32,18.1600,18.6800,0.9700,17.6800,0.946467
synth3-struct,13,0.10,64,21.7600,22.8000,0.9500,20.8900,0.916228
synth3-struct,13,0.10,128,18.3900,30.0500,0.6100,17.2100,0.572712
synth3-struct,13,0.10,200,20.5200,34.1300,0.6000,19.8900,0.582772
synth3-struct,13,0.50,1,11.0000,10.1100,1.0900,10.9400,1.082097
synth3-struct,13,0.50,2,13.5000,13.3000,1.0200,13.4000,1.007519
synth3-struct,13,0.50,4,16.5400,17.8300,0.9300,16.3100,0.914750
synth3-struct,13,0.50,8,17.7700,21.1300,0.8400,17.4900,0.827733
synth3-struct,13,0.50,16,26.7900,22.9000,1.1700,26.3600,1.151092
synth3-struct,13,0.50,32,18.2600,23.8700,0.7700,17.6800,0.740679
synth3-struct,13,0.50,64,21.6000,27.1400,0.8000,20.8900,0.769713
synth3-struct,13,0.50,128,18.2300,33.1500,0.5500,17.2100,0.519155
synth3-struct,13,0.50,200,20.6700,37.4800,0.5500,19.8900,0.530683
synth3-struct,13,1.00,1,11.0000,12.9100,0.8500,10.9400,0.847405
synth3-struct,13,1.00,2,13.5000,16.8200,0.8000,13.4000,0.796671
synth3-struct,13,1.00,4,16.5200,22.2800,0.7400,16.3100,0.732047
synth3-struct,13,1.00,8,17.7500,26.4000,0.6700,17.4900,0.662500
synth3-struct,13,1.00,16,26.8400,28.8700,0.9300,26.3600,0.913059
synth3-struct,13,1.00,32,18.4300,29.0700,0.6300,17.6800,0.608187
synth3-struct,13,1.00,64,21.6500,31.5200,0.6900,20.8900,0.662754
synth3-struct,13,1.00,128,18.4100,36.6900,0.5000,17.2100,0.469065
synth3-struct,13,1.00,200,20.7700,40.8200,0.5100,19.8900,0.487261
synth3-struct,14,0.10,1,10.6200,7.1800,1.4800,10.5600,1.470752
synth3-struct,14,0.10,2,9.0900,9.8500,0.9200,8.8800,0.901523
synth3-struct,14,0.10,4,16.9400,13.3400,1.2700,16.7900,1.258621
synth3-struct,14,0.10,8,19.8500,17.1000,1.1600,19.5400,1.142690
synth3-struct,14,0.10,16,28.8000,19.7800,1.4600,28.4800,1.439838
synth3-struct,14,0.10,32,39.2400,27.1100,1.4500,38.9500,1.436739
synth3-struct,14,0.10,64,23.7600,22.5700,1.0500,23.1700,1.026584
synth3-struct,14,0.10,128,19.0400,28.9000,0.6600,18.2700,0.632180
synth3-struct,14,0.10,200,22.7700,29.0500,0.7800,21.4300,0.737694
synth3-struct,14,0.50,1,10.6200,10.5400,1.0100,10.5600,1.001898
synth3-struct,14,0.50,2,9.0900,13.8600,0.6600,8.8800,0.640693
synth3-struct,14,0.50,4,16.9300,17.7100,0.9600,16.7900,0.948052
synth3-struct,14,0.50,8,19.7500,21.7400,0.9100,19.5400,0.898804
synth3-struct,14,0.50,16,28.7800,26.1400,1.1000,28.4800,1.089518
synth3-struct,14,0.50,32,39.1000,33.7100,1.1600,38.9500,1.155443
synth3-struct,14,0.50,64,23.3900,27.5600,0.8500,23.1700,0.840711
synth3-struct,14,0.50,128,19.2900,32.1600,0.6000,18.2700,0.568097
synth3-struct,14,0.50,200,22.7500,32.8800,0.6900,21.4300,0.651764
synth3-struct,14,1.00,1,10.6200,13.2600,0.8000,10.5600,0.796380
synth3-struct,14,1.00,2,9.0900,17.3400,0.5200,8.8800,0.512111
synth3-struct,14,1.00,4,16.9200,21.6300,0.7800,16.7900,0.776237
synth3-struct,14,1.00,8,19.7300,26.1100,0.7600,19.5400,0.748372
synth3-struct,14,1.00,16,28.7900,31.7600,0.9100,28.4800,0.896725
synth3-struct,14,1.00,32,38.8200,39.5800,0.9800,38.9500,0.984083
synth3-struct,14,1.00,64,23.2900,32.6400,0.7100,23.1700,0.709865
synth3-struct,14,1.00,128,19.6200,35.8800,0.5500,18.2700,0.509197
synth3-struct,14,1.00,200,22.9600,36.8800,0.6200,21.4300,0.581074
synth3-struct,15,0.10,1,8.3000,6.1100,1.3600,8.2500,1.350245
synth3-struct,15,0.10,2,11.0000,7.7900,1.4100,10.9500,1.405648
synth3-struct,15,0.10,4,21.6300,9.7800,2.2100,21.5300,2.201431
synth3-struct,15,0.10,8,17.9600,10.8100,1.6600,17.6700,1.634598
synth3-struct,15,0.10,16,20.1900,12.1400,1.6600,19.8300,1.633443
synth3-struct,15,0.10,32,21.4800,15.1600,1.4200,20.8900,1.377968
synth3-struct,15,0.10,64,19.5100,22.9700,0.8500,18.2000,0.792338
synth3-struct,15,0.10,128,20.1800,31.4900,0.6400,19.1900,0.609400
synth3-struct,15,0.10,200,21.8600,29.5000,0.7400,20.7900,0.704746
synth3-struct,15,0.50,1,8.3000,9.9700,0.8300,8.2500,0.827482
synth3-struct,15,0.50,2,11.0000,12.3900,0.8900,10.9500,0.883777
synth3-struct,15,0.50,4,21.6300,15.0400,1.4400,21.5300,1.431516
synth3-struct,15,0.50,8,17.9500,16.3300,1.1000,17.6700,1.082058
synth3-struct,15,0.50,16,20.1800,18.0400,1.1200,19.8300,1.099224
synth3-struct,15,0.50,32,21.3300,20.2700,1.0500,20.8900,1.030587
synth3-struct,15,0.50,64,19.3600,26.4600,0.7300,18.2000,0.687831
synth3-struct,15,0.50,128,20.3200,34.0900,0.6000,19.1900,0.562922
synth3-struct,15,0.50,200,21.8200,33.4200,0.6500,20.7900,0.622083
synth3-struct,15,1.00,1,8.3000,13.0800,0.6300,8.2500,0.630734
synth3-struct,15,1.00,2,11.0000,16.2600,0.6800,10.9500,0.673432
synth3-struct,15,1.00,4,21.6300,19.4900,1.1100,21.5300,1.104669
synth3-struct,15,1.00,8,17.9800,21.1700,0.8500,17.6700,0.834672
synth3-struct,15,1.00,16,20.0900,23.1100,0.8700,19.8300,0.858070
synth3-struct,15,1.00,32,21.2200,24.9100,0.8500,20.8900,0.838619
synth3-struct,15,1.00,64,19.2700,30.5700,0.6300,18.2000,0.595355
synth3-struct,15,1.00,128,19.9100,37.6600,0.5300,19.1900,0.509559
synth3-struct,15,1.00,200,21.8700,37.3900,0.5900,20.7900,0.556031
synth3-struct,16,0.10,1,8.7800,6.0900,1.4400,8.7500,1.436782
synth3-struct,16,0.10,2,12.5200,8.7200,1.4400,12.3900,1.420872
synth3-struct,16,0.10,4,12.3000,12.1600,1.0100,11.9200,0.980263
synth3-struct,16,0.10,8,18.5500,14.8200,1.2500,18.1700,1.226046
synth3-struct,16,0.10,16,20.4300,17.7400,1.1500,20.1000,1.133033
synth3-struct,16,0.10,32,26.1600,20.4800,1.2800,25.7600,1.257812
synth3-struct,16,0.10,64,43.3500,28.3700,1.5300,42.5900,1.501234
synth3-struct,16,0.10,128,24.6300,29.7400,0.8300,23.1700,0.779085
synth3-struct,16,0.10,200,24.6200,28.4100,0.8700,23.3300,0.821190
synth3-struct,16,0.50,1,8.7800,9.2800,0.9500,8.7500,0.942888
synth3-struct,16,0.50,2,12.5200,12.6400,0.9900,12.3900,0.980222
synth3-struct,16,0.50,4,12.2400,16.6300,0.7400,11.9200,0.716777
synth3-struct,16,0.50,8,18.5400,19.9300,0.9300,18.1700,0.911691
synth3-struct,16,0.50,16,20.4200,23.7900,0.8600,20.1000,0.844893
synth3-struct,16,0.50,32,26.1300,25.4100,1.0300,25.7600,1.013774
synth3-struct,16,0.50,64,43.3500,34.0000,1.2700,42.5900,1.252647
synth3-struct,16,0.50,128,25.0800,33.8100,0.7400,23.1700,0.685300
synth3-struct,16,0.50,200,24.7200,32.5500,0.7600,23.3300,0.716743
synth3-struct,16,1.00,1,8.7800,11.8600,0.7400,8.7500,0.737774
synth3-struct,16,1.00,2,12.5200,16.0000,0.7800,12.3900,0.774375
synth3-struct,16,1.00,4,12.2400,20.8800,0.5900,11.9200,0.570881
synth3-struct,16,1.00,8,18.5400,24.8100,0.7500,18.1700,0.732366
synth3-struct,16,1.00,16,20.4000,29.6300,0.6900,20.1000,0.678367
synth3-struct,16,1.00,32,26.1100,30.5600,0.8500,25.7600,0.842932
synth3-struct,16,1.00,64,43.2500,39.2800,1.1000,42.5900,1.084267
synth3-struct,16,1.00,128,25.3700,37.8500,0.6700,23.1700,0.612153
synth3-struct,16,1.00,200,24.7400,36.7600,0.6700,23.3300,0.634657
synth3-struct,17,0.10,1,6.6600,5.7200,1.1600,6.6400,1.160839
synth3-struct,17,0.10,2,9.7400,8.7900,1.1100,9.6200,1.094425
synth3-struct,17,0.10,4,14.2500,11.6100,1.2300,14.1600,1.219638
synth3-struct,17,0.10,8,22.4900,13.1600,1.7100,22.2400,1.689970
synth3-struct,17,0.10,16,26.0300,16.6100,1.5700,25.6400,1.543648
synth3-struct,17,0.10,32,20.8900,22.9200,0.9100,19.4500,0.848604
synth3-struct,17,0.10,64,24.8800,28.2600,0.8800,24.1300,0.853857
synth3-struct,17,0.10,128,20.6000,35.8700,0.5700,19.5100,0.543909
synth3-struct,17,0.10,200,22.3600,28.7700,0.7800,21.1000,0.733403
synth3-struct,17,0.50,1,6.6600,9.2800,0.7200,6.6400,0.715517
synth3-struct,17,0.50,2,9.7400,13.0400,0.7500,9.6200,0.737730
synth3-struct,17,0.50,4,14.2400,17.1300,0.8300,14.1600,0.826620
synth3-struct,17,0.50,8,22.4500,19.8700,1.1300,22.2400,1.119275
synth3-struct,17,0.50,16,25.8700,24.4300,1.0600,25.6400,1.049529
synth3-struct,17,0.50,32,20.8200,28.6900,0.7300,19.4500,0.677937
synth3-struct,17,0.50,64,24.9500,31.8900,0.7800,24.1300,0.756664
synth3-struct,17,0.50,128,20.8100,38.4300,0.5400,19.5100,0.507676
synth3-struct,17,0.50,200,22.2300,32.5500,0.6800,21.1000,0.648233
synth3-struct,17,1.00,1,6.6600,12.1900,0.5500,6.6400,0.544709
synth3-struct,17,1.00,2,9.7400,16.7300,0.5800,9.6200,0.575015
synth3-struct,17,1.00,4,14.2400,21.8600,0.6500,14.1600,0.647758
synth3-struct,17,1.00,8,22.3300,25.9500,0.8600,22.2400,0.857033
synth3-struct,17,1.00,16,25.7400,31.4400,0.8200,25.6400,0.815522
synth3-struct,17,1.00,32,20.9200,34.4600,0.6100,19.4500,0.564423
synth3-struct,17,1.00,64,25.0500,36.3800,0.6900,24.1300,0.663277
synth3-struct,17,1.00,128,20.9900,41.1600,0.5100,19.5100,0.474004
synth3-struct,17,1.00,200,22.2800,36.7800,0.6100,21.1000,0.573681
synth3-struct,18,0.10,1,12.3600,6.7000,1.8400,12.3800,1.847761
synth3-struct,18,0.10,2,11.3000,9.6400,1.1700,11.1400,1.155602
synth3-struct,18,0.10,4,14.7500,13.0000,1.1300,14.1600,1.089231
synth3-struct,18,0.10,8,24.2700,14.0700,1.7200,23.9900,1.705046
synth3-struct,18,0.10,16,26.2800,15.3900,1.7100,26.0300,1.691358
synth3-struct,18,0.10,32,24.5200,17.1200,1.4300,23.9100,1.396612
synth3-struct,18,0.10,64,26.3100,22.8400,1.1500,25.5600,1.119089
synth3-struct,18,0.10,128,30.7900,31.8600,0.9700,29.2100,0.916824
synth3-struct,18,0.10,200,23.3200,28.0000,0.8300,21.7900,0.778214
synth3-struct,18,0.50,1,12.3600,9.9100,1.2500,12.3800,1.249243
synth3-struct,18,0.50,2,11.3100,13.5000,0.8400,11.1400,0.825185
synth3-struct,18,0.50,4,14.7400,17.8700,0.8200,14.1600,0.792389
synth3-struct,18,0.50,8,24.2500,20.0100,1.2100,23.9900,1.198901
synth3-struct,18,0.50,16,26.2300,21.8800,1.2000,26.0300,1.189671
synth3-struct,18,0.50,32,24.3600,22.4800,1.0800,23.9100,1.063612
synth3-struct,18,0.50,64,26.4100,27.2300,0.9700,25.5600,0.938671
synth3-struct,18,0.50,128,30.8900,34.8600,0.8900,29.2100,0.837923
synth3-struct,18,0.50,200,23.1700,31.8900,0.7300,21.7900,0.683286
synth3-struct,18,1.00,1,12.3600,12.5600,0.9800,12.3800,0.985669
synth3-struct,18,1.00,2,11.3100,16.8700,0.6700,11.1400,0.660344
synth3-struct,18,1.00,4,14.7300,22.1200,0.6700,14.1600,0.640145
synth3-struct,18,1.00,8,24.2500,25.1300,0.9600,23.9900,0.954636
synth3-struct,18,1.00,16,26.2200,27.7600,0.9400,26.0300,0.937680
synth3-struct,18,1.00,32,24.2800,27.4500,0.8800,23.9100,0.871038
synth3-struct,18,1.00,64,26.5400,31.3700,0.8500,25.5600,0.814791
synth3-struct,18,1.00,128,30.6300,38.2300,0.8000,29.2100,0.764060
synth3-struct,18,1.00,200,23.1000,36.3300,0.6400,21.7900,0.599780
synth3-struct,19,0.10,1,10.3200,6.9000,1.5000,10.2600,1.486957
synth3-struct,19,0.10,2,8.5100,9.7100,0.8800,8.3700,0.861998
synth3-struct,19,0.10,4,14.3400,12.8400,1.1200,14.2300,1.108255
synth3-struct,19,0.10,8,18.1600,15.0900,1.2000,18.0400,1.195494
synth3-struct,19,0.10,16,19.1200,17.5400,1.0900,18.6100,1.061003
synth3-struct,19,0.10,32,18.9200,17.1300,1.1000,18.3600,1.071804
synth3-struct,19,0.10,64,29.6600,19.9800,1.4800,29.0600,1.454454
synth3-struct,19,0.10,128,20.8600,25.6800,0.8100,19.3300,0.752726
synth3-struct,19,0.10,200,21.6000,27.1200,0.8000,20.5300,0.757006
synth3-struct,19,0.50,1,10.3300,11.2400,0.9200,10.2600,0.912811
synth3-struct,19,0.50,2,8.4600,14.8400,0.5700,8.3700,0.564016
synth3-struct,19,0.50,4,14.3100,18.9000,0.7600,14.2300,0.752910
synth3-struct,19,0.50,8,18.1900,21.9500,0.8300,18.0400,0.821868
synth3-struct,19,0.50,16,19.1100,24.0100,0.8000,18.6100,0.775094
synth3-struct,19,0.50,32,18.9500,22.7400,0.8300,18.3600,0.807388
synth3-struct,19,0.50,64,29.7400,25.5100,1.1700,29.0600,1.139161
synth3-struct,19,0.50,128,21.0600,29.7100,0.7100,19.3300,0.650623
synth3-struct,19,0.50,200,21.6300,31.4900,0.6900,20.5300,0.651953
synth3-struct,19,1.00,1,10.3300,14.7600,0.7000,10.2600,0.695122
synth3-struct,19,1.00,2,8.4700,19.1400,0.4400,8.3700,0.437304
synth3-struct,19,1.00,4,14.3000,24.0300,0.6000,14.2300,0.592176
synth3-struct,19,1.00,8,18.2700,27.7200,0.6600,18.0400,0.650794
synth3-struct,19,1.00,16,19.0600,29.7400,0.6400,18.6100,0.625757
synth3-struct,19,1.00,32,18.9600,28.0100,0.6800,18.3600,0.655480
synth3-struct,19,1.00,64,29.7500,30.6000,0.9700,29.0600,0.949673
synth3-struct,19,1.00,128,21.0500,33.8200,0.6200,19.3300,0.571555
synth3-struct,19,1.00,200,21.5800,36.0700,0.6000,20.5300,0.569171
